mysqldump: [Warning] Using a password on the command line interface can be insecure.
-- MySQL dump 10.13  Distrib 9.2.0, for Linux (x86_64)
--
-- Host: localhost    Database: registry_db
-- ------------------------------------------------------
-- Server version	9.2.0

/*!40101 SET @OLD_CHARACTER_SET_CLIENT=@@CHARACTER_SET_CLIENT */;
/*!40101 SET @OLD_CHARACTER_SET_RESULTS=@@CHARACTER_SET_RESULTS */;
/*!40101 SET @OLD_COLLATION_CONNECTION=@@COLLATION_CONNECTION */;
/*!50503 SET NAMES utf8mb4 */;
/*!40103 SET @OLD_TIME_ZONE=@@TIME_ZONE */;
/*!40103 SET TIME_ZONE='+00:00' */;
/*!40014 SET @OLD_UNIQUE_CHECKS=@@UNIQUE_CHECKS, UNIQUE_CHECKS=0 */;
/*!40014 SET @OLD_FOREIGN_KEY_CHECKS=@@FOREIGN_KEY_CHECKS, FOREIGN_KEY_CHECKS=0 */;
/*!40101 SET @OLD_SQL_MODE=@@SQL_MODE, SQL_MODE='NO_AUTO_VALUE_ON_ZERO' */;
/*!40111 SET @OLD_SQL_NOTES=@@SQL_NOTES, SQL_NOTES=0 */;
mysqldump: Error: 'Access denied; you need (at least one of) the PROCESS privilege(s) for this operation' when trying to dump tablespaces

--
-- Table structure for table `admin_permissions`
--

DROP TABLE IF EXISTS `admin_permissions`;
/*!40101 SET @saved_cs_client     = @@character_set_client */;
/*!50503 SET character_set_client = utf8mb4 */;
CREATE TABLE `admin_permissions` (
  `id` int unsigned NOT NULL AUTO_INCREMENT,
  `document_id` varchar(255) DEFAULT NULL,
  `action` varchar(255) DEFAULT NULL,
  `action_parameters` json DEFAULT NULL,
  `subject` varchar(255) DEFAULT NULL,
  `properties` json DEFAULT NULL,
  `conditions` json DEFAULT NULL,
  `created_at` datetime(6) DEFAULT NULL,
  `updated_at` datetime(6) DEFAULT NULL,
  `published_at` datetime(6) DEFAULT NULL,
  `created_by_id` int unsigned DEFAULT NULL,
  `updated_by_id` int unsigned DEFAULT NULL,
  `locale` varchar(255) DEFAULT NULL,
  PRIMARY KEY (`id`),
  KEY `admin_permissions_documents_idx` (`document_id`,`locale`,`published_at`),
  KEY `admin_permissions_created_by_id_fk` (`created_by_id`),
  KEY `admin_permissions_updated_by_id_fk` (`updated_by_id`),
  CONSTRAINT `admin_permissions_created_by_id_fk` FOREIGN KEY (`created_by_id`) REFERENCES `admin_users` (`id`) ON DELETE SET NULL,
  CONSTRAINT `admin_permissions_updated_by_id_fk` FOREIGN KEY (`updated_by_id`) REFERENCES `admin_users` (`id`) ON DELETE SET NULL
) ENGINE=InnoDB AUTO_INCREMENT=89 DEFAULT CHARSET=utf8mb4 COLLATE=utf8mb4_0900_ai_ci;
/*!40101 SET character_set_client = @saved_cs_client */;

--
-- Dumping data for table `admin_permissions`
--

LOCK TABLES `admin_permissions` WRITE;
/*!40000 ALTER TABLE `admin_permissions` DISABLE KEYS */;
INSERT INTO `admin_permissions` VALUES (1,'paphxvj4q4f8a1zkgz6jhpa9','plugin::upload.read','{}',NULL,'{}','[]','2025-03-27 08:46:39.078000','2025-03-27 08:46:39.078000','2025-03-27 08:46:39.078000',NULL,NULL,NULL),(2,'jktddrrtafewxv0upzeqx1sw','plugin::upload.configure-view','{}',NULL,'{}','[]','2025-03-27 08:46:39.098000','2025-03-27 08:46:39.098000','2025-03-27 08:46:39.098000',NULL,NULL,NULL),(3,'rb7ewa7qx8t5b942szl518gd','plugin::upload.assets.create','{}',NULL,'{}','[]','2025-03-27 08:46:39.125000','2025-03-27 08:46:39.125000','2025-03-27 08:46:39.126000',NULL,NULL,NULL),(4,'kxknqf7uqfzdzjghu2adw9zd','plugin::upload.assets.update','{}',NULL,'{}','[]','2025-03-27 08:46:39.142000','2025-03-27 08:46:39.142000','2025-03-27 08:46:39.142000',NULL,NULL,NULL),(5,'yugthezs1rvxw074itsi4bz9','plugin::upload.assets.download','{}',NULL,'{}','[]','2025-03-27 08:46:39.164000','2025-03-27 08:46:39.164000','2025-03-27 08:46:39.164000',NULL,NULL,NULL),(6,'jnzl4u3bglnbb7wjnwaa14fe','plugin::upload.assets.copy-link','{}',NULL,'{}','[]','2025-03-27 08:46:39.182000','2025-03-27 08:46:39.182000','2025-03-27 08:46:39.182000',NULL,NULL,NULL),(7,'jda1jkqf3bknnl6odtyek3nx','plugin::upload.read','{}',NULL,'{}','[\"admin::is-creator\"]','2025-03-27 08:46:39.204000','2025-03-27 08:46:39.204000','2025-03-27 08:46:39.204000',NULL,NULL,NULL),(8,'loo9d3k34f3dp5n32em7vg6z','plugin::upload.configure-view','{}',NULL,'{}','[]','2025-03-27 08:46:39.219000','2025-03-27 08:46:39.219000','2025-03-27 08:46:39.219000',NULL,NULL,NULL),(9,'u1iwi60nnyhnxie77h05sh7w','plugin::upload.assets.create','{}',NULL,'{}','[]','2025-03-27 08:46:39.236000','2025-03-27 08:46:39.236000','2025-03-27 08:46:39.236000',NULL,NULL,NULL),(10,'omgx66k2q5bf5m8cg5pn60uh','plugin::upload.assets.update','{}',NULL,'{}','[\"admin::is-creator\"]','2025-03-27 08:46:39.252000','2025-03-27 08:46:39.252000','2025-03-27 08:46:39.252000',NULL,NULL,NULL),(11,'ratggh413j5bgzmw1e3lo115','plugin::upload.assets.download','{}',NULL,'{}','[]','2025-03-27 08:46:39.271000','2025-03-27 08:46:39.271000','2025-03-27 08:46:39.271000',NULL,NULL,NULL),(12,'u0jckx22a0ftfw624i7jrku0','plugin::upload.assets.copy-link','{}',NULL,'{}','[]','2025-03-27 08:46:39.286000','2025-03-27 08:46:39.286000','2025-03-27 08:46:39.287000',NULL,NULL,NULL),(16,'a4pw6vxzigkf30ep4ab47fvm','plugin::content-manager.explorer.delete','{}','plugin::users-permissions.user','{}','[]','2025-03-27 08:46:39.384000','2025-03-27 08:46:39.384000','2025-03-27 08:46:39.384000',NULL,NULL,NULL),(17,'cmypfxxv8whik02ldjmnacz4','plugin::content-manager.explorer.publish','{}','plugin::users-permissions.user','{}','[]','2025-03-27 08:46:39.404000','2025-03-27 08:46:39.404000','2025-03-27 08:46:39.404000',NULL,NULL,NULL),(18,'tl5sjhn4nb7omiw8mu34ivqf','plugin::content-manager.single-types.configure-view','{}',NULL,'{}','[]','2025-03-27 08:46:39.419000','2025-03-27 08:46:39.419000','2025-03-27 08:46:39.419000',NULL,NULL,NULL),(19,'no85due6mdwuybvomhwclo11','plugin::content-manager.collection-types.configure-view','{}',NULL,'{}','[]','2025-03-27 08:46:39.435000','2025-03-27 08:46:39.435000','2025-03-27 08:46:39.435000',NULL,NULL,NULL),(20,'r2bnyyn0rfzd6eimgqnx5gab','plugin::content-manager.components.configure-layout','{}',NULL,'{}','[]','2025-03-27 08:46:39.456000','2025-03-27 08:46:39.456000','2025-03-27 08:46:39.456000',NULL,NULL,NULL),(21,'p7d15t7litdm23hytgjie9ge','plugin::content-type-builder.read','{}',NULL,'{}','[]','2025-03-27 08:46:39.470000','2025-03-27 08:46:39.470000','2025-03-27 08:46:39.470000',NULL,NULL,NULL),(22,'k64t8jqn8qs6e812rzm8lwge','plugin::email.settings.read','{}',NULL,'{}','[]','2025-03-27 08:46:39.483000','2025-03-27 08:46:39.483000','2025-03-27 08:46:39.483000',NULL,NULL,NULL),(23,'vueb834x7lqcv4d18qtv4egw','plugin::upload.read','{}',NULL,'{}','[]','2025-03-27 08:46:39.501000','2025-03-27 08:46:39.501000','2025-03-27 08:46:39.501000',NULL,NULL,NULL),(24,'jl2ca07smfjvojonxbeu3zan','plugin::upload.assets.create','{}',NULL,'{}','[]','2025-03-27 08:46:39.517000','2025-03-27 08:46:39.517000','2025-03-27 08:46:39.517000',NULL,NULL,NULL),(25,'f4oi2c7tz1j4fbb4qaylnymy','plugin::upload.assets.update','{}',NULL,'{}','[]','2025-03-27 08:46:39.533000','2025-03-27 08:46:39.533000','2025-03-27 08:46:39.533000',NULL,NULL,NULL),(26,'cq6y1fdknfu8ndgyj0k9oh1f','plugin::upload.assets.download','{}',NULL,'{}','[]','2025-03-27 08:46:39.549000','2025-03-27 08:46:39.549000','2025-03-27 08:46:39.549000',NULL,NULL,NULL),(27,'mttej555usxy1d25isihwr86','plugin::upload.assets.copy-link','{}',NULL,'{}','[]','2025-03-27 08:46:39.568000','2025-03-27 08:46:39.568000','2025-03-27 08:46:39.568000',NULL,NULL,NULL),(28,'z73cneiccf1jjw2ks1t5xm3j','plugin::upload.configure-view','{}',NULL,'{}','[]','2025-03-27 08:46:39.583000','2025-03-27 08:46:39.583000','2025-03-27 08:46:39.583000',NULL,NULL,NULL),(29,'t6xd8wvt7md5iq4advlc8mzw','plugin::upload.settings.read','{}',NULL,'{}','[]','2025-03-27 08:46:39.598000','2025-03-27 08:46:39.598000','2025-03-27 08:46:39.598000',NULL,NULL,NULL),(30,'yqrraj8kyl6ep08nh4woajgk','plugin::i18n.locale.create','{}',NULL,'{}','[]','2025-03-27 08:46:39.617000','2025-03-27 08:46:39.617000','2025-03-27 08:46:39.618000',NULL,NULL,NULL),(31,'it2j7kroa9rckdx8mt16fhmg','plugin::i18n.locale.read','{}',NULL,'{}','[]','2025-03-27 08:46:39.634000','2025-03-27 08:46:39.634000','2025-03-27 08:46:39.634000',NULL,NULL,NULL),(32,'c33f0mtbgkpk2v7x79oq75q6','plugin::i18n.locale.update','{}',NULL,'{}','[]','2025-03-27 08:46:39.652000','2025-03-27 08:46:39.652000','2025-03-27 08:46:39.653000',NULL,NULL,NULL),(33,'qdoxmut9b9sxcmr9rekwbi50','plugin::i18n.locale.delete','{}',NULL,'{}','[]','2025-03-27 08:46:39.667000','2025-03-27 08:46:39.667000','2025-03-27 08:46:39.668000',NULL,NULL,NULL),(34,'t8hf4il42c4m0gvj9cv2gq9v','plugin::users-permissions.roles.create','{}',NULL,'{}','[]','2025-03-27 08:46:39.684000','2025-03-27 08:46:39.684000','2025-03-27 08:46:39.684000',NULL,NULL,NULL),(35,'l4dgezssodar7bj81pxecx0s','plugin::users-permissions.roles.read','{}',NULL,'{}','[]','2025-03-27 08:46:39.703000','2025-03-27 08:46:39.703000','2025-03-27 08:46:39.703000',NULL,NULL,NULL),(36,'phbjyomvd1z03qzfrl3kfje9','plugin::users-permissions.roles.update','{}',NULL,'{}','[]','2025-03-27 08:46:39.717000','2025-03-27 08:46:39.717000','2025-03-27 08:46:39.717000',NULL,NULL,NULL),(37,'gkahzd4ytidtl118verm69lr','plugin::users-permissions.roles.delete','{}',NULL,'{}','[]','2025-03-27 08:46:39.733000','2025-03-27 08:46:39.733000','2025-03-27 08:46:39.733000',NULL,NULL,NULL),(38,'egvt0gwjbq33acnybgd88aso','plugin::users-permissions.providers.read','{}',NULL,'{}','[]','2025-03-27 08:46:39.748000','2025-03-27 08:46:39.748000','2025-03-27 08:46:39.749000',NULL,NULL,NULL),(39,'t8hp7m0tk9jcnjf9tmafpjls','plugin::users-permissions.providers.update','{}',NULL,'{}','[]','2025-03-27 08:46:39.764000','2025-03-27 08:46:39.764000','2025-03-27 08:46:39.764000',NULL,NULL,NULL),(40,'h27bomm9056p896dgc7lturd','plugin::users-permissions.email-templates.read','{}',NULL,'{}','[]','2025-03-27 08:46:39.779000','2025-03-27 08:46:39.779000','2025-03-27 08:46:39.779000',NULL,NULL,NULL),(41,'bmboq7rubg5jx0ixzykp0fhk','plugin::users-permissions.email-templates.update','{}',NULL,'{}','[]','2025-03-27 08:46:39.794000','2025-03-27 08:46:39.794000','2025-03-27 08:46:39.794000',NULL,NULL,NULL),(42,'j9h9xjb8t14bfr2vciwht95r','plugin::users-permissions.advanced-settings.read','{}',NULL,'{}','[]','2025-03-27 08:46:39.812000','2025-03-27 08:46:39.812000','2025-03-27 08:46:39.812000',NULL,NULL,NULL),(43,'ypuizrw26l4o70njm780gqjv','plugin::users-permissions.advanced-settings.update','{}',NULL,'{}','[]','2025-03-27 08:46:39.827000','2025-03-27 08:46:39.827000','2025-03-27 08:46:39.827000',NULL,NULL,NULL),(44,'l0bhp8ihftr6hoebkpdetziv','admin::marketplace.read','{}',NULL,'{}','[]','2025-03-27 08:46:39.845000','2025-03-27 08:46:39.845000','2025-03-27 08:46:39.845000',NULL,NULL,NULL),(45,'z2dejzqj03ddchwhn0n30yvd','admin::webhooks.create','{}',NULL,'{}','[]','2025-03-27 08:46:39.862000','2025-03-27 08:46:39.862000','2025-03-27 08:46:39.862000',NULL,NULL,NULL),(46,'wqv74v4doemtmhbfulkkp136','admin::webhooks.read','{}',NULL,'{}','[]','2025-03-27 08:46:39.878000','2025-03-27 08:46:39.878000','2025-03-27 08:46:39.878000',NULL,NULL,NULL),(47,'upnjquk9qyzmzu3ydy6xkrp2','admin::webhooks.update','{}',NULL,'{}','[]','2025-03-27 08:46:39.893000','2025-03-27 08:46:39.893000','2025-03-27 08:46:39.893000',NULL,NULL,NULL),(48,'n8td6jd3d8koaxyw7a22p74m','admin::webhooks.delete','{}',NULL,'{}','[]','2025-03-27 08:46:39.908000','2025-03-27 08:46:39.908000','2025-03-27 08:46:39.908000',NULL,NULL,NULL),(49,'zoordsbvj84xcnxxvnnfsush','admin::users.create','{}',NULL,'{}','[]','2025-03-27 08:46:39.920000','2025-03-27 08:46:39.920000','2025-03-27 08:46:39.920000',NULL,NULL,NULL),(50,'znhfeql91t75sp23yfbecqvc','admin::users.read','{}',NULL,'{}','[]','2025-03-27 08:46:39.933000','2025-03-27 08:46:39.933000','2025-03-27 08:46:39.933000',NULL,NULL,NULL),(51,'a2wbpji5004jv3r3995mou93','admin::users.update','{}',NULL,'{}','[]','2025-03-27 08:46:39.952000','2025-03-27 08:46:39.952000','2025-03-27 08:46:39.952000',NULL,NULL,NULL),(52,'bpe7alj724km9gf2ycqms1kv','admin::users.delete','{}',NULL,'{}','[]','2025-03-27 08:46:39.971000','2025-03-27 08:46:39.971000','2025-03-27 08:46:39.971000',NULL,NULL,NULL),(53,'ozdxfu38vg3kmgd0ngdxom49','admin::roles.create','{}',NULL,'{}','[]','2025-03-27 08:46:39.988000','2025-03-27 08:46:39.988000','2025-03-27 08:46:39.988000',NULL,NULL,NULL),(54,'tyo14j3sgsm6q4lodmjhcp4n','admin::roles.read','{}',NULL,'{}','[]','2025-03-27 08:46:40.002000','2025-03-27 08:46:40.002000','2025-03-27 08:46:40.002000',NULL,NULL,NULL),(55,'ky0le4nnelp6ej49pyede6iy','admin::roles.update','{}',NULL,'{}','[]','2025-03-27 08:46:40.019000','2025-03-27 08:46:40.019000','2025-03-27 08:46:40.019000',NULL,NULL,NULL),(56,'pudepk811rvbfugg9przcdc5','admin::roles.delete','{}',NULL,'{}','[]','2025-03-27 08:46:40.035000','2025-03-27 08:46:40.035000','2025-03-27 08:46:40.035000',NULL,NULL,NULL),(57,'jwgy8gqfy1yowc3ex97ohk7v','admin::api-tokens.access','{}',NULL,'{}','[]','2025-03-27 08:46:40.051000','2025-03-27 08:46:40.051000','2025-03-27 08:46:40.051000',NULL,NULL,NULL),(58,'t8efka6zb644mk6rtdqa5dst','admin::api-tokens.create','{}',NULL,'{}','[]','2025-03-27 08:46:40.067000','2025-03-27 08:46:40.067000','2025-03-27 08:46:40.067000',NULL,NULL,NULL),(59,'z5iq1p0by5br6y2vk72mjcf8','admin::api-tokens.read','{}',NULL,'{}','[]','2025-03-27 08:46:40.080000','2025-03-27 08:46:40.080000','2025-03-27 08:46:40.080000',NULL,NULL,NULL),(60,'leod9gud1cq3vpwzyfdwqqar','admin::api-tokens.update','{}',NULL,'{}','[]','2025-03-27 08:46:40.102000','2025-03-27 08:46:40.102000','2025-03-27 08:46:40.102000',NULL,NULL,NULL),(61,'ot8eddtkcyfxowc9uxuruwkb','admin::api-tokens.regenerate','{}',NULL,'{}','[]','2025-03-27 08:46:40.118000','2025-03-27 08:46:40.118000','2025-03-27 08:46:40.118000',NULL,NULL,NULL),(62,'l03dejudiouc3fx4kpiww3d1','admin::api-tokens.delete','{}',NULL,'{}','[]','2025-03-27 08:46:40.139000','2025-03-27 08:46:40.139000','2025-03-27 08:46:40.139000',NULL,NULL,NULL),(63,'ybs1gcizak54u2xynsr30ugp','admin::project-settings.update','{}',NULL,'{}','[]','2025-03-27 08:46:40.154000','2025-03-27 08:46:40.154000','2025-03-27 08:46:40.154000',NULL,NULL,NULL),(64,'y6of0355n95iy1g005os0xha','admin::project-settings.read','{}',NULL,'{}','[]','2025-03-27 08:46:40.168000','2025-03-27 08:46:40.168000','2025-03-27 08:46:40.169000',NULL,NULL,NULL),(65,'cz1zs8ent2667re19wbvsmkm','admin::transfer.tokens.access','{}',NULL,'{}','[]','2025-03-27 08:46:40.185000','2025-03-27 08:46:40.185000','2025-03-27 08:46:40.185000',NULL,NULL,NULL),(66,'lk0h2qmikfh5cocderf2hz5q','admin::transfer.tokens.create','{}',NULL,'{}','[]','2025-03-27 08:46:40.201000','2025-03-27 08:46:40.201000','2025-03-27 08:46:40.202000',NULL,NULL,NULL),(67,'io8n5b1khub7205e78tb7j70','admin::transfer.tokens.read','{}',NULL,'{}','[]','2025-03-27 08:46:40.218000','2025-03-27 08:46:40.218000','2025-03-27 08:46:40.218000',NULL,NULL,NULL),(68,'kdqc9vgkl603918j5trfwoyc','admin::transfer.tokens.update','{}',NULL,'{}','[]','2025-03-27 08:46:40.239000','2025-03-27 08:46:40.239000','2025-03-27 08:46:40.239000',NULL,NULL,NULL),(69,'ks1zudt9118l6ex11nsqvz0d','admin::transfer.tokens.regenerate','{}',NULL,'{}','[]','2025-03-27 08:46:40.253000','2025-03-27 08:46:40.253000','2025-03-27 08:46:40.254000',NULL,NULL,NULL),(70,'azl3j3xy0hjv0m9sfcgpe71s','admin::transfer.tokens.delete','{}',NULL,'{}','[]','2025-03-27 08:46:40.273000','2025-03-27 08:46:40.273000','2025-03-27 08:46:40.273000',NULL,NULL,NULL),(71,'z6y0vcaolh06b6gclcvqi64v','plugin::content-manager.explorer.create','{}','api::domain.domain','{\"fields\": [\"name\", \"description\", \"schema_url\"]}','[]','2025-03-27 11:02:59.641000','2025-03-27 11:02:59.641000','2025-03-27 11:02:59.643000',NULL,NULL,NULL),(72,'lf6wg3mnn1i2xajyaonvq0kl','plugin::content-manager.explorer.read','{}','api::domain.domain','{\"fields\": [\"name\", \"description\", \"schema_url\"]}','[]','2025-03-27 11:02:59.679000','2025-03-27 11:02:59.679000','2025-03-27 11:02:59.683000',NULL,NULL,NULL),(73,'x2gl8caw806apoyey109nspc','plugin::content-manager.explorer.update','{}','api::domain.domain','{\"fields\": [\"name\", \"description\", \"schema_url\"]}','[]','2025-03-27 11:02:59.699000','2025-03-27 11:02:59.699000','2025-03-27 11:02:59.700000',NULL,NULL,NULL),(74,'my5aslpdis9ce9j6rrytex2r','plugin::content-manager.explorer.delete','{}','api::domain.domain','{}','[]','2025-03-27 11:02:59.718000','2025-03-27 11:02:59.718000','2025-03-27 11:02:59.719000',NULL,NULL,NULL),(75,'ztadwk4f4kbqd3qpxybyv6y2','plugin::content-manager.explorer.publish','{}','api::domain.domain','{}','[]','2025-03-27 11:02:59.733000','2025-03-27 11:02:59.733000','2025-03-27 11:02:59.733000',NULL,NULL,NULL),(76,'ebdb5tzgbfknklxuqbamk9xl','plugin::content-manager.explorer.create','{}','plugin::users-permissions.user','{\"fields\": [\"username\", \"password\", \"email\", \"emailVerified\", \"blocked\", \"role\", \"verificationToken\", \"fullName\", \"phoneNumber\", \"alternatePhoneNumber\", \"accountStatus\"]}','[]','2025-04-01 19:35:59.860000','2025-04-01 19:35:59.860000','2025-04-01 19:35:59.861000',NULL,NULL,NULL),(77,'iyt96g6y0ak0hp5g84r50ok6','plugin::content-manager.explorer.read','{}','plugin::users-permissions.user','{\"fields\": [\"username\", \"password\", \"email\", \"emailVerified\", \"blocked\", \"role\", \"verificationToken\", \"fullName\", \"phoneNumber\", \"alternatePhoneNumber\", \"accountStatus\"]}','[]','2025-04-01 19:35:59.876000','2025-04-01 19:35:59.876000','2025-04-01 19:35:59.876000',NULL,NULL,NULL),(78,'ujwou2dkevtoq3yczp72oewv','plugin::content-manager.explorer.update','{}','plugin::users-permissions.user','{\"fields\": [\"username\", \"password\", \"email\", \"emailVerified\", \"blocked\", \"role\", \"verificationToken\", \"fullName\", \"phoneNumber\", \"alternatePhoneNumber\", \"accountStatus\"]}','[]','2025-04-01 19:35:59.892000','2025-04-01 19:35:59.892000','2025-04-01 19:35:59.893000',NULL,NULL,NULL),(84,'yqpj7jhpmcjsmg78grbcq4i2','plugin::content-manager.explorer.create','{}','api::user-network-subscriber.user-network-subscriber','{\"fields\": [\"user\", \"record_id\", \"record_name\"]}','[]','2025-04-22 12:33:45.973000','2025-04-22 12:33:45.973000','2025-04-22 12:33:45.974000',NULL,NULL,NULL),(85,'nn3sl662zvpaxzxs5cx1ss8k','plugin::content-manager.explorer.read','{}','api::user-network-subscriber.user-network-subscriber','{\"fields\": [\"user\", \"record_id\", \"record_name\"]}','[]','2025-04-22 12:33:45.992000','2025-04-22 12:33:45.992000','2025-04-22 12:33:45.992000',NULL,NULL,NULL),(86,'yxaixwg7e0wuckqoriq7xmwd','plugin::content-manager.explorer.update','{}','api::user-network-subscriber.user-network-subscriber','{\"fields\": [\"user\", \"record_id\", \"record_name\"]}','[]','2025-04-22 12:33:46.010000','2025-04-22 12:33:46.010000','2025-04-22 12:33:46.010000',NULL,NULL,NULL),(87,'kfgwbwaf8tak6mwom1nvouc4','plugin::content-manager.explorer.delete','{}','api::user-network-subscriber.user-network-subscriber','{}','[]','2025-04-22 12:33:46.026000','2025-04-22 12:33:46.026000','2025-04-22 12:33:46.026000',NULL,NULL,NULL),(88,'n6m5n2n9q68xics61tlwp4f1','plugin::content-manager.explorer.publish','{}','api::user-network-subscriber.user-network-subscriber','{}','[]','2025-04-22 12:33:46.042000','2025-04-22 12:33:46.042000','2025-04-22 12:33:46.042000',NULL,NULL,NULL);
/*!40000 ALTER TABLE `admin_permissions` ENABLE KEYS */;
UNLOCK TABLES;

--
-- Table structure for table `admin_permissions_role_lnk`
--

DROP TABLE IF EXISTS `admin_permissions_role_lnk`;
/*!40101 SET @saved_cs_client     = @@character_set_client */;
/*!50503 SET character_set_client = utf8mb4 */;
CREATE TABLE `admin_permissions_role_lnk` (
  `id` int unsigned NOT NULL AUTO_INCREMENT,
  `permission_id` int unsigned DEFAULT NULL,
  `role_id` int unsigned DEFAULT NULL,
  `permission_ord` double unsigned DEFAULT NULL,
  PRIMARY KEY (`id`),
  UNIQUE KEY `admin_permissions_role_lnk_uq` (`permission_id`,`role_id`),
  KEY `admin_permissions_role_lnk_fk` (`permission_id`),
  KEY `admin_permissions_role_lnk_ifk` (`role_id`),
  KEY `admin_permissions_role_lnk_oifk` (`permission_ord`),
  CONSTRAINT `admin_permissions_role_lnk_fk` FOREIGN KEY (`permission_id`) REFERENCES `admin_permissions` (`id`) ON DELETE CASCADE,
  CONSTRAINT `admin_permissions_role_lnk_ifk` FOREIGN KEY (`role_id`) REFERENCES `admin_roles` (`id`) ON DELETE CASCADE
) ENGINE=InnoDB AUTO_INCREMENT=89 DEFAULT CHARSET=utf8mb4 COLLATE=utf8mb4_0900_ai_ci;
/*!40101 SET character_set_client = @saved_cs_client */;

--
-- Dumping data for table `admin_permissions_role_lnk`
--

LOCK TABLES `admin_permissions_role_lnk` WRITE;
/*!40000 ALTER TABLE `admin_permissions_role_lnk` DISABLE KEYS */;
INSERT INTO `admin_permissions_role_lnk` VALUES (1,1,2,1),(2,2,2,2),(3,3,2,3),(4,4,2,4),(5,5,2,5),(6,6,2,6),(7,7,3,1),(8,8,3,2),(9,9,3,3),(10,10,3,4),(11,11,3,5),(12,12,3,6),(16,16,1,4),(17,17,1,5),(18,18,1,6),(19,19,1,7),(20,20,1,8),(21,21,1,9),(22,22,1,10),(23,23,1,11),(24,24,1,12),(25,25,1,13),(26,26,1,14),(27,27,1,15),(28,28,1,16),(29,29,1,17),(30,30,1,18),(31,31,1,19),(32,32,1,20),(33,33,1,21),(34,34,1,22),(35,35,1,23),(36,36,1,24),(37,37,1,25),(38,38,1,26),(39,39,1,27),(40,40,1,28),(41,41,1,29),(42,42,1,30),(43,43,1,31),(44,44,1,32),(45,45,1,33),(46,46,1,34),(47,47,1,35),(48,48,1,36),(49,49,1,37),(50,50,1,38),(51,51,1,39),(52,52,1,40),(53,53,1,41),(54,54,1,42),(55,55,1,43),(56,56,1,44),(57,57,1,45),(58,58,1,46),(59,59,1,47),(60,60,1,48),(61,61,1,49),(62,62,1,50),(63,63,1,51),(64,64,1,52),(65,65,1,53),(66,66,1,54),(67,67,1,55),(68,68,1,56),(69,69,1,57),(70,70,1,58),(71,71,1,59),(72,72,1,60),(73,73,1,61),(74,74,1,62),(75,75,1,63),(76,76,1,64),(77,77,1,65),(78,78,1,66),(84,84,1,67),(85,85,1,68),(86,86,1,69),(87,87,1,70),(88,88,1,71);
/*!40000 ALTER TABLE `admin_permissions_role_lnk` ENABLE KEYS */;
UNLOCK TABLES;

--
-- Table structure for table `admin_roles`
--

DROP TABLE IF EXISTS `admin_roles`;
/*!40101 SET @saved_cs_client     = @@character_set_client */;
/*!50503 SET character_set_client = utf8mb4 */;
CREATE TABLE `admin_roles` (
  `id` int unsigned NOT NULL AUTO_INCREMENT,
  `document_id` varchar(255) DEFAULT NULL,
  `name` varchar(255) DEFAULT NULL,
  `code` varchar(255) DEFAULT NULL,
  `description` varchar(255) DEFAULT NULL,
  `created_at` datetime(6) DEFAULT NULL,
  `updated_at` datetime(6) DEFAULT NULL,
  `published_at` datetime(6) DEFAULT NULL,
  `created_by_id` int unsigned DEFAULT NULL,
  `updated_by_id` int unsigned DEFAULT NULL,
  `locale` varchar(255) DEFAULT NULL,
  PRIMARY KEY (`id`),
  KEY `admin_roles_documents_idx` (`document_id`,`locale`,`published_at`),
  KEY `admin_roles_created_by_id_fk` (`created_by_id`),
  KEY `admin_roles_updated_by_id_fk` (`updated_by_id`),
  CONSTRAINT `admin_roles_created_by_id_fk` FOREIGN KEY (`created_by_id`) REFERENCES `admin_users` (`id`) ON DELETE SET NULL,
  CONSTRAINT `admin_roles_updated_by_id_fk` FOREIGN KEY (`updated_by_id`) REFERENCES `admin_users` (`id`) ON DELETE SET NULL
) ENGINE=InnoDB AUTO_INCREMENT=4 DEFAULT CHARSET=utf8mb4 COLLATE=utf8mb4_0900_ai_ci;
/*!40101 SET character_set_client = @saved_cs_client */;

--
-- Dumping data for table `admin_roles`
--

LOCK TABLES `admin_roles` WRITE;
/*!40000 ALTER TABLE `admin_roles` DISABLE KEYS */;
INSERT INTO `admin_roles` VALUES (1,'ano35ofraadxq6ysa0j0bcto','Super Admin','strapi-super-admin','Super Admins can access and manage all features and settings.','2025-03-27 08:46:39.040000','2025-03-27 08:46:39.040000','2025-03-27 08:46:39.040000',NULL,NULL,NULL),(2,'nvaro65dfvzz858aixoqf66n','Editor','strapi-editor','Editors can manage and publish contents including those of other users.','2025-03-27 08:46:39.054000','2025-03-27 08:46:39.054000','2025-03-27 08:46:39.054000',NULL,NULL,NULL),(3,'qcc3uxw2lnjt9bcaytmm9c3a','Author','strapi-author','Authors can manage the content they have created.','2025-03-27 08:46:39.065000','2025-03-27 08:46:39.065000','2025-03-27 08:46:39.065000',NULL,NULL,NULL);
/*!40000 ALTER TABLE `admin_roles` ENABLE KEYS */;
UNLOCK TABLES;

--
-- Table structure for table `admin_users`
--

DROP TABLE IF EXISTS `admin_users`;
/*!40101 SET @saved_cs_client     = @@character_set_client */;
/*!50503 SET character_set_client = utf8mb4 */;
CREATE TABLE `admin_users` (
  `id` int unsigned NOT NULL AUTO_INCREMENT,
  `document_id` varchar(255) DEFAULT NULL,
  `firstname` varchar(255) DEFAULT NULL,
  `lastname` varchar(255) DEFAULT NULL,
  `username` varchar(255) DEFAULT NULL,
  `email` varchar(255) DEFAULT NULL,
  `password` varchar(255) DEFAULT NULL,
  `reset_password_token` varchar(255) DEFAULT NULL,
  `registration_token` varchar(255) DEFAULT NULL,
  `is_active` tinyint(1) DEFAULT NULL,
  `blocked` tinyint(1) DEFAULT NULL,
  `prefered_language` varchar(255) DEFAULT NULL,
  `created_at` datetime(6) DEFAULT NULL,
  `updated_at` datetime(6) DEFAULT NULL,
  `published_at` datetime(6) DEFAULT NULL,
  `created_by_id` int unsigned DEFAULT NULL,
  `updated_by_id` int unsigned DEFAULT NULL,
  `locale` varchar(255) DEFAULT NULL,
  PRIMARY KEY (`id`),
  KEY `admin_users_documents_idx` (`document_id`,`locale`,`published_at`),
  KEY `admin_users_created_by_id_fk` (`created_by_id`),
  KEY `admin_users_updated_by_id_fk` (`updated_by_id`),
  CONSTRAINT `admin_users_created_by_id_fk` FOREIGN KEY (`created_by_id`) REFERENCES `admin_users` (`id`) ON DELETE SET NULL,
  CONSTRAINT `admin_users_updated_by_id_fk` FOREIGN KEY (`updated_by_id`) REFERENCES `admin_users` (`id`) ON DELETE SET NULL
) ENGINE=InnoDB AUTO_INCREMENT=2 DEFAULT CHARSET=utf8mb4 COLLATE=utf8mb4_0900_ai_ci;
/*!40101 SET character_set_client = @saved_cs_client */;

--
-- Dumping data for table `admin_users`
--

LOCK TABLES `admin_users` WRITE;
/*!40000 ALTER TABLE `admin_users` DISABLE KEYS */;
INSERT INTO `admin_users` VALUES (1,'pa38dd51zs6k1cgs84poh09x','Admin',NULL,NULL,'admin@eminds.ai','$2a$10$sgH8KdeEEaH9B2Zfonm.tO88FcT8fEAkG6i59uf5RvYhLhPwCbYuu',NULL,NULL,1,0,NULL,'2025-04-01 12:13:56.058000','2025-04-01 12:13:56.058000','2025-04-01 12:13:56.060000',NULL,NULL,NULL);
/*!40000 ALTER TABLE `admin_users` ENABLE KEYS */;
UNLOCK TABLES;

--
-- Table structure for table `admin_users_roles_lnk`
--

DROP TABLE IF EXISTS `admin_users_roles_lnk`;
/*!40101 SET @saved_cs_client     = @@character_set_client */;
/*!50503 SET character_set_client = utf8mb4 */;
CREATE TABLE `admin_users_roles_lnk` (
  `id` int unsigned NOT NULL AUTO_INCREMENT,
  `user_id` int unsigned DEFAULT NULL,
  `role_id` int unsigned DEFAULT NULL,
  `role_ord` double unsigned DEFAULT NULL,
  `user_ord` double unsigned DEFAULT NULL,
  PRIMARY KEY (`id`),
  UNIQUE KEY `admin_users_roles_lnk_uq` (`user_id`,`role_id`),
  KEY `admin_users_roles_lnk_fk` (`user_id`),
  KEY `admin_users_roles_lnk_ifk` (`role_id`),
  KEY `admin_users_roles_lnk_ofk` (`role_ord`),
  KEY `admin_users_roles_lnk_oifk` (`user_ord`),
  CONSTRAINT `admin_users_roles_lnk_fk` FOREIGN KEY (`user_id`) REFERENCES `admin_users` (`id`) ON DELETE CASCADE,
  CONSTRAINT `admin_users_roles_lnk_ifk` FOREIGN KEY (`role_id`) REFERENCES `admin_roles` (`id`) ON DELETE CASCADE
) ENGINE=InnoDB AUTO_INCREMENT=2 DEFAULT CHARSET=utf8mb4 COLLATE=utf8mb4_0900_ai_ci;
/*!40101 SET character_set_client = @saved_cs_client */;

--
-- Dumping data for table `admin_users_roles_lnk`
--

LOCK TABLES `admin_users_roles_lnk` WRITE;
/*!40000 ALTER TABLE `admin_users_roles_lnk` DISABLE KEYS */;
INSERT INTO `admin_users_roles_lnk` VALUES (1,1,1,1,1);
/*!40000 ALTER TABLE `admin_users_roles_lnk` ENABLE KEYS */;
UNLOCK TABLES;

--
-- Table structure for table `domains`
--

DROP TABLE IF EXISTS `domains`;
/*!40101 SET @saved_cs_client     = @@character_set_client */;
/*!50503 SET character_set_client = utf8mb4 */;
CREATE TABLE `domains` (
  `id` int unsigned NOT NULL AUTO_INCREMENT,
  `document_id` varchar(255) DEFAULT NULL,
  `name` varchar(255) DEFAULT NULL,
  `description` varchar(255) DEFAULT NULL,
  `schema_url` varchar(255) DEFAULT NULL,
  `created_at` datetime(6) DEFAULT NULL,
  `updated_at` datetime(6) DEFAULT NULL,
  `published_at` datetime(6) DEFAULT NULL,
  `created_by_id` int unsigned DEFAULT NULL,
  `updated_by_id` int unsigned DEFAULT NULL,
  `locale` varchar(255) DEFAULT NULL,
  PRIMARY KEY (`id`),
  KEY `domains_documents_idx` (`document_id`,`locale`,`published_at`),
  KEY `domains_created_by_id_fk` (`created_by_id`),
  KEY `domains_updated_by_id_fk` (`updated_by_id`),
  CONSTRAINT `domains_created_by_id_fk` FOREIGN KEY (`created_by_id`) REFERENCES `admin_users` (`id`) ON DELETE SET NULL,
  CONSTRAINT `domains_updated_by_id_fk` FOREIGN KEY (`updated_by_id`) REFERENCES `admin_users` (`id`) ON DELETE SET NULL
) ENGINE=InnoDB AUTO_INCREMENT=192 DEFAULT CHARSET=utf8mb4 COLLATE=utf8mb4_0900_ai_ci;
/*!40101 SET character_set_client = @saved_cs_client */;

--
-- Dumping data for table `domains`
--

LOCK TABLES `domains` WRITE;
/*!40000 ALTER TABLE `domains` DISABLE KEYS */;
INSERT INTO `domains` VALUES (1,'y4hzms5795zyihqiu5geqs0z','dhp:diagnostics:0.1.0','dhp:diagnostics:0.1.0','','2025-03-27 13:10:45.637000','2025-03-27 13:10:45.637000',NULL,NULL,NULL,NULL),(2,'y4hzms5795zyihqiu5geqs0z','dhp:diagnostics:0.1.0','dhp:diagnostics:0.1.0','','2025-03-27 13:10:45.637000','2025-03-27 13:10:45.637000','2025-03-27 13:10:45.692000',NULL,NULL,NULL),(3,'c54k683a1tlot5ldwab0atop','dsep:mentoring','dsep:mentoring','http://qw.com','2025-03-27 13:10:45.716000','2025-04-23 17:32:24.803000',NULL,NULL,NULL,NULL),(5,'aezechbiokjyguvowesmeius','dsep:scholarships','dsep:scholarships','','2025-03-27 13:10:45.740000','2025-03-27 13:10:45.740000',NULL,NULL,NULL,NULL),(6,'aezechbiokjyguvowesmeius','dsep:scholarships','dsep:scholarships','','2025-03-27 13:10:45.740000','2025-03-27 13:10:45.740000','2025-03-27 13:10:45.745000',NULL,NULL,NULL),(7,'ofinz3hkbfm466eaypum70n0','supply-chain-services:3d-printing','supply-chain-services:3d-printing','','2025-03-27 13:10:45.762000','2025-03-27 13:10:45.762000',NULL,NULL,NULL,NULL),(8,'ofinz3hkbfm466eaypum70n0','supply-chain-services:3d-printing','supply-chain-services:3d-printing','','2025-03-27 13:10:45.762000','2025-03-27 13:10:45.762000','2025-03-27 13:10:45.769000',NULL,NULL,NULL),(9,'lsr1q278dbfvk034q4kuwj12','knowledge-advisory:agrinet:vistaar','knowledge-advisory:agrinet:vistaar','','2025-03-27 13:10:45.785000','2025-03-27 13:10:45.785000',NULL,NULL,NULL,NULL),(10,'lsr1q278dbfvk034q4kuwj12','knowledge-advisory:agrinet:vistaar','knowledge-advisory:agrinet:vistaar','','2025-03-27 13:10:45.785000','2025-03-27 13:10:45.785000','2025-03-27 13:10:45.795000',NULL,NULL,NULL),(11,'ccxhl6awjhndf5utyoc9hy1m','earth_support_initiative','earth_support_initiative','','2025-03-27 13:10:45.811000','2025-03-27 13:10:45.811000',NULL,NULL,NULL,NULL),(12,'ccxhl6awjhndf5utyoc9hy1m','earth_support_initiative','earth_support_initiative','','2025-03-27 13:10:45.811000','2025-03-27 13:10:45.811000','2025-03-27 13:10:45.816000',NULL,NULL,NULL),(13,'yy4wxmoymt9cmiy30yojrzzf','envirogrowth','envirogrowth','','2025-03-27 13:10:45.832000','2025-03-27 13:10:45.832000',NULL,NULL,NULL,NULL),(14,'yy4wxmoymt9cmiy30yojrzzf','envirogrowth','envirogrowth','','2025-03-27 13:10:45.832000','2025-03-27 13:10:45.832000','2025-03-27 13:10:45.837000',NULL,NULL,NULL),(15,'v2i8ebpwnauj91825gbz0d6f','state_forest_department','state_forest_department','','2025-03-27 13:10:45.849000','2025-03-27 13:10:45.849000',NULL,NULL,NULL,NULL),(16,'v2i8ebpwnauj91825gbz0d6f','state_forest_department','state_forest_department','','2025-03-27 13:10:45.849000','2025-03-27 13:10:45.849000','2025-03-27 13:10:45.855000',NULL,NULL,NULL),(17,'ytijv5nqacvxxwgx6zp277kn','harmoniaid','harmoniaid','','2025-03-27 13:10:45.874000','2025-03-27 13:10:45.874000',NULL,NULL,NULL,NULL),(18,'ytijv5nqacvxxwgx6zp277kn','harmoniaid','harmoniaid','','2025-03-27 13:10:45.874000','2025-03-27 13:10:45.874000','2025-03-27 13:10:45.880000',NULL,NULL,NULL),(19,'lj9jgbwixl2b9qcylt3h3wzl','skyanalytics_flow','skyanalytics_flow','','2025-03-27 13:10:45.896000','2025-03-27 13:10:45.896000',NULL,NULL,NULL,NULL),(20,'lj9jgbwixl2b9qcylt3h3wzl','skyanalytics_flow','skyanalytics_flow','','2025-03-27 13:10:45.896000','2025-03-27 13:10:45.896000','2025-03-27 13:10:45.902000',NULL,NULL,NULL),(21,'g69o0lp4hasik4f0nz77cjj5','dragon_foods','dragon_foods','','2025-03-27 13:10:45.915000','2025-03-27 13:10:45.915000',NULL,NULL,NULL,NULL),(22,'g69o0lp4hasik4f0nz77cjj5','dragon_foods','dragon_foods','','2025-03-27 13:10:45.915000','2025-03-27 13:10:45.915000','2025-03-27 13:10:45.921000',NULL,NULL,NULL),(23,'gpvlafe5fnjjpdwoyrz6jngg','dsep:jobs','dsep:jobs','','2025-03-27 13:10:45.936000','2025-03-27 13:10:45.936000',NULL,NULL,NULL,NULL),(24,'gpvlafe5fnjjpdwoyrz6jngg','dsep:jobs','dsep:jobs','','2025-03-27 13:10:45.936000','2025-03-27 13:10:45.936000','2025-03-27 13:10:45.941000',NULL,NULL,NULL),(25,'bxrzpk5qt6yc8e5buiki9l3c','uei:charging','uei:charging','','2025-03-27 13:10:45.953000','2025-03-27 13:10:45.953000',NULL,NULL,NULL,NULL),(26,'bxrzpk5qt6yc8e5buiki9l3c','uei:charging','uei:charging','','2025-03-27 13:10:45.953000','2025-03-27 13:10:45.953000','2025-03-27 13:10:45.958000',NULL,NULL,NULL),(27,'q2yplng4nkaboh1j0dd6wma3','online-dispute-resolution:0.1.0','online-dispute-resolution:0.1.0','','2025-03-27 13:10:45.971000','2025-03-27 13:10:45.971000',NULL,NULL,NULL,NULL),(28,'q2yplng4nkaboh1j0dd6wma3','online-dispute-resolution:0.1.0','online-dispute-resolution:0.1.0','','2025-03-27 13:10:45.971000','2025-03-27 13:10:45.971000','2025-03-27 13:10:45.976000',NULL,NULL,NULL),(29,'m8jli6mv5p4m8s8wm6xz9mc0','dsep:courses','dsep:courses','','2025-03-27 13:10:45.991000','2025-03-27 13:10:45.991000',NULL,NULL,NULL,NULL),(30,'m8jli6mv5p4m8s8wm6xz9mc0','dsep:courses','dsep:courses','','2025-03-27 13:10:45.991000','2025-03-27 13:10:45.991000','2025-03-27 13:10:45.996000',NULL,NULL,NULL),(31,'tofziandf8sl9x8ps2b0t7nx','tourism','tourism','','2025-03-27 13:10:46.008000','2025-03-27 13:10:46.008000',NULL,NULL,NULL,NULL),(32,'tofziandf8sl9x8ps2b0t7nx','tourism','tourism','','2025-03-27 13:10:46.008000','2025-03-27 13:10:46.008000','2025-03-27 13:10:46.016000',NULL,NULL,NULL),(33,'betvbytj19rotxdv6m2u3nkl','dhp:pharmacy:0.1.0','dhp:pharmacy:0.1.0','','2025-03-27 13:10:46.036000','2025-03-27 13:10:46.036000',NULL,NULL,NULL,NULL),(34,'betvbytj19rotxdv6m2u3nkl','dhp:pharmacy:0.1.0','dhp:pharmacy:0.1.0','','2025-03-27 13:10:46.036000','2025-03-27 13:10:46.036000','2025-03-27 13:10:46.041000',NULL,NULL,NULL),(35,'v9f3pu9zd7hp6d5bibgm7q58','supply-chain-services:assembly','supply-chain-services:assembly','','2025-03-27 13:10:46.055000','2025-03-27 13:10:46.055000',NULL,NULL,NULL,NULL),(36,'v9f3pu9zd7hp6d5bibgm7q58','supply-chain-services:assembly','supply-chain-services:assembly','','2025-03-27 13:10:46.055000','2025-03-27 13:10:46.055000','2025-03-27 13:10:46.059000',NULL,NULL,NULL),(37,'gvg7ymvx1rvh0n3e19w6d6ny','dsep:scholarships:1.1.0','dsep:scholarships:1.1.0','','2025-03-27 13:10:46.074000','2025-03-27 13:10:46.074000',NULL,NULL,NULL,NULL),(38,'gvg7ymvx1rvh0n3e19w6d6ny','dsep:scholarships:1.1.0','dsep:scholarships:1.1.0','','2025-03-27 13:10:46.074000','2025-03-27 13:10:46.074000','2025-03-27 13:10:46.079000',NULL,NULL,NULL),(39,'qiiv1hdnw4lwc843a4kipz2n','dhp:consultation:0.1.0','dhp:consultation:0.1.0','','2025-03-27 13:10:46.093000','2025-03-27 13:10:46.093000',NULL,NULL,NULL,NULL),(40,'qiiv1hdnw4lwc843a4kipz2n','dhp:consultation:0.1.0','dhp:consultation:0.1.0','','2025-03-27 13:10:46.093000','2025-03-27 13:10:46.093000','2025-03-27 13:10:46.097000',NULL,NULL,NULL),(41,'y4016nq74i615g0zkwzx4tiv','dsep:mentoring:1.1.0','dsep:mentoring:1.1.0','','2025-03-27 13:10:46.111000','2025-03-27 13:10:46.111000',NULL,NULL,NULL,NULL),(42,'y4016nq74i615g0zkwzx4tiv','dsep:mentoring:1.1.0','dsep:mentoring:1.1.0','','2025-03-27 13:10:46.111000','2025-03-27 13:10:46.111000','2025-03-27 13:10:46.116000',NULL,NULL,NULL),(43,'doxvbixr115ss90d8wi1h6xv','retail:1.1.0','retail:1.1.0','','2025-03-27 13:10:46.135000','2025-03-27 13:10:46.135000',NULL,NULL,NULL,NULL),(44,'doxvbixr115ss90d8wi1h6xv','retail:1.1.0','retail:1.1.0','','2025-03-27 13:10:46.135000','2025-03-27 13:10:46.135000','2025-03-27 13:10:46.139000',NULL,NULL,NULL),(45,'mg1lmd4iojbmbcpjqlswkns0','mobility:1.1.0','mobility:1.1.0','','2025-03-27 13:10:46.151000','2025-03-27 13:10:46.151000',NULL,NULL,NULL,NULL),(46,'mg1lmd4iojbmbcpjqlswkns0','mobility:1.1.0','mobility:1.1.0','','2025-03-27 13:10:46.151000','2025-03-27 13:10:46.151000','2025-03-27 13:10:46.157000',NULL,NULL,NULL),(50,'urrpidnis0z6j6fphdq1fqv4','deg:retail','deg:retail',NULL,'2025-04-21 10:25:11.500000','2025-04-21 10:25:11.500000',NULL,1,1,NULL),(51,'urrpidnis0z6j6fphdq1fqv4','deg:retail','deg:retail',NULL,'2025-04-21 10:25:11.500000','2025-04-21 10:25:11.500000','2025-04-21 10:25:11.525000',1,1,NULL),(52,'h5iyp9n4t4iix1dnt1wt0gy1','deg:finance','deg:finance',NULL,'2025-04-21 10:25:21.354000','2025-04-21 10:25:21.354000',NULL,1,1,NULL),(53,'h5iyp9n4t4iix1dnt1wt0gy1','deg:finance','deg:finance',NULL,'2025-04-21 10:25:21.354000','2025-04-21 10:25:21.354000','2025-04-21 10:25:21.367000',1,1,NULL),(54,'yoi6til3rkkvyt5ilofekccf','deg:ev','deg:ev',NULL,'2025-04-21 10:25:40.000000','2025-04-21 10:25:40.632000',NULL,1,1,NULL),(55,'yoi6til3rkkvyt5ilofekccf','deg:ev','deg:ev',NULL,'2025-04-21 10:25:40.000000','2025-04-21 10:25:40.632000','2025-04-21 10:25:40.649000',1,1,NULL),(56,'riyi23gi6hwko1tg75e77cba','deg:rental','deg:rental',NULL,'2025-04-21 10:25:53.430000','2025-04-21 10:25:53.869000',NULL,1,1,NULL),(57,'riyi23gi6hwko1tg75e77cba','deg:rental','deg:rental',NULL,'2025-04-21 10:25:53.430000','2025-04-21 10:25:53.869000','2025-04-21 10:25:53.884000',1,1,NULL),(58,'y9iwxk3mk7015051b4dxs44m','uei:p2p_trading','uei:p2p_trading',NULL,'2025-04-21 10:26:22.940000','2025-04-21 10:26:24.423000',NULL,1,1,NULL),(59,'y9iwxk3mk7015051b4dxs44m','uei:p2p_trading','uei:p2p_trading',NULL,'2025-04-21 10:26:22.940000','2025-04-21 10:26:24.423000','2025-04-21 10:26:24.433000',1,1,NULL),(62,'c54k683a1tlot5ldwab0atop','dsep:mentoring','dsep:mentoring','http://qw.com','2025-03-27 13:10:45.716000','2025-04-23 17:32:24.801000','2025-04-23 17:32:24.819000',NULL,NULL,NULL),(63,'c54k683a1tlot5ldwab0atop','dsep:mentoring','dsep:mentoring','http://qw.com','2025-03-27 13:10:45.716000','2025-04-23 17:32:24.803000','2025-04-23 17:32:24.845000',NULL,NULL,NULL),(69,'qsfj3k4aurs5kgdoufiu5ylg','Testing Com','all about retail','https://www.retail.com','2025-04-24 13:33:25.686000','2025-04-24 13:34:19.503000',NULL,NULL,NULL,NULL),(71,'qsfj3k4aurs5kgdoufiu5ylg','Testing Com','all about retail','https://www.retail.com','2025-04-24 13:33:25.686000','2025-04-24 13:34:19.503000','2025-04-24 13:34:19.512000',NULL,NULL,NULL),(72,'r3rcr3yxb4n9lh6evewy5gkt','test','test','https://www.retai2l.com','2025-04-29 04:58:58.162000','2025-04-29 04:58:58.162000',NULL,NULL,NULL,NULL),(73,'r3rcr3yxb4n9lh6evewy5gkt','test','test','https://www.retai2l.com','2025-04-29 04:58:58.162000','2025-04-29 04:58:58.162000','2025-04-29 04:58:58.170000',NULL,NULL,NULL),(82,'p8ffeop44ytktnl492pnhhp3','deg:schemes','deg:schemes',NULL,'2025-05-13 15:58:03.928000','2025-05-13 15:58:03.928000',NULL,1,1,NULL),(83,'p8ffeop44ytktnl492pnhhp3','deg:schemes','deg:schemes',NULL,'2025-05-13 15:58:03.928000','2025-05-13 15:58:03.928000','2025-05-13 15:58:03.941000',1,1,NULL),(84,'u1ywhw6yihliv58tlavf77il','deg:services','deg:services',NULL,'2025-05-13 16:01:36.415000','2025-05-13 16:01:36.415000',NULL,1,1,NULL),(85,'u1ywhw6yihliv58tlavf77il','deg:services','deg:services',NULL,'2025-05-13 16:01:36.415000','2025-05-13 16:01:36.415000','2025-05-13 16:01:36.426000',1,1,NULL),(86,'mju3ipbk4iuhgpw875z6kdwt','dsep:courses:dev','dsep:courses:dev','domain-url','2025-07-04 11:42:43.058000','2025-07-04 11:42:43.058000',NULL,NULL,NULL,NULL),(87,'mju3ipbk4iuhgpw875z6kdwt','dsep:courses:dev','dsep:courses:dev','domain-url','2025-07-04 11:42:43.058000','2025-07-04 11:42:43.058000','2025-07-04 11:42:43.070000',NULL,NULL,NULL),(88,'jbuutavesi3ornh97tjaxkd2','dsep:jobs:dev','dsep:jobs:dev','domain-url','2025-07-04 11:42:43.142000','2025-07-04 11:42:43.142000',NULL,NULL,NULL,NULL),(89,'jbuutavesi3ornh97tjaxkd2','dsep:jobs:dev','dsep:jobs:dev','domain-url','2025-07-04 11:42:43.142000','2025-07-04 11:42:43.142000','2025-07-04 11:42:43.148000',NULL,NULL,NULL),(90,'zmvx4q4j0t3g6d3kn26pjlpv','dsep:scholarships:dev','dsep:scholarships:dev','domain-url','2025-07-04 11:42:43.209000','2025-07-04 11:42:43.209000',NULL,NULL,NULL,NULL),(91,'zmvx4q4j0t3g6d3kn26pjlpv','dsep:scholarships:dev','dsep:scholarships:dev','domain-url','2025-07-04 11:42:43.209000','2025-07-04 11:42:43.209000','2025-07-04 11:42:43.215000',NULL,NULL,NULL),(92,'bhikjunji5agsiktfcrjhd66','nic2004:52110:dev','nic2004:52110:dev','domain-url','2025-07-04 11:42:43.275000','2025-07-04 11:42:43.275000',NULL,NULL,NULL,NULL),(93,'bhikjunji5agsiktfcrjhd66','nic2004:52110:dev','nic2004:52110:dev','domain-url','2025-07-04 11:42:43.275000','2025-07-04 11:42:43.275000','2025-07-04 11:42:43.280000',NULL,NULL,NULL),(94,'p38zm5rqwxcw425w0e6d1tmd','dhp:pharmacy:0.1.0:dev','dhp:pharmacy:0.1.0:dev','domain-url','2025-07-04 11:42:43.344000','2025-07-04 11:42:43.344000',NULL,NULL,NULL,NULL),(95,'p38zm5rqwxcw425w0e6d1tmd','dhp:pharmacy:0.1.0:dev','dhp:pharmacy:0.1.0:dev','domain-url','2025-07-04 11:42:43.344000','2025-07-04 11:42:43.344000','2025-07-04 11:42:43.351000',NULL,NULL,NULL),(96,'zel09rbq76qd6gl90luh4qmw','supply-chain-services:assembly:dev','supply-chain-services:assembly:dev','domain-url','2025-07-04 11:42:43.414000','2025-07-04 11:42:43.414000',NULL,NULL,NULL,NULL),(97,'zel09rbq76qd6gl90luh4qmw','supply-chain-services:assembly:dev','supply-chain-services:assembly:dev','domain-url','2025-07-04 11:42:43.414000','2025-07-04 11:42:43.414000','2025-07-04 11:42:43.419000',NULL,NULL,NULL),(98,'lv530cohuikj2oe9fwe9bzj3','online-dispute-resolution:0.1.0:dev','online-dispute-resolution:0.1.0:dev','domain-url','2025-07-04 11:42:43.479000','2025-07-04 11:42:43.479000',NULL,NULL,NULL,NULL),(99,'lv530cohuikj2oe9fwe9bzj3','online-dispute-resolution:0.1.0:dev','online-dispute-resolution:0.1.0:dev','domain-url','2025-07-04 11:42:43.479000','2025-07-04 11:42:43.479000','2025-07-04 11:42:43.483000',NULL,NULL,NULL),(100,'rbsioa4ti8uhu8dgqwae76gf','uei:charging:dev','uei:charging:dev','domain-url','2025-07-04 11:42:43.540000','2025-07-04 11:42:43.540000',NULL,NULL,NULL,NULL),(101,'rbsioa4ti8uhu8dgqwae76gf','uei:charging:dev','uei:charging:dev','domain-url','2025-07-04 11:42:43.540000','2025-07-04 11:42:43.540000','2025-07-04 11:42:43.543000',NULL,NULL,NULL),(102,'sd33bza5p4ks5fkfcxgaf7ob','mobility:1.1.0:dev','mobility:1.1.0:dev','domain-url','2025-07-04 11:42:43.606000','2025-07-04 11:42:43.606000',NULL,NULL,NULL,NULL),(103,'sd33bza5p4ks5fkfcxgaf7ob','mobility:1.1.0:dev','mobility:1.1.0:dev','domain-url','2025-07-04 11:42:43.606000','2025-07-04 11:42:43.606000','2025-07-04 11:42:43.611000',NULL,NULL,NULL),(104,'ufaowugbvo9sq70nfey1jq2w','EV:dev','EV:dev','domain-url','2025-07-04 11:42:43.672000','2025-07-04 11:42:43.672000',NULL,NULL,NULL,NULL),(105,'ufaowugbvo9sq70nfey1jq2w','EV:dev','EV:dev','domain-url','2025-07-04 11:42:43.672000','2025-07-04 11:42:43.672000','2025-07-04 11:42:43.676000',NULL,NULL,NULL),(106,'emzj61u46gydniqwknrams5i','Retail:dev','Retail:dev','domain-url','2025-07-04 11:42:43.733000','2025-07-04 11:42:43.733000',NULL,NULL,NULL,NULL),(107,'emzj61u46gydniqwknrams5i','Retail:dev','Retail:dev','domain-url','2025-07-04 11:42:43.733000','2025-07-04 11:42:43.733000','2025-07-04 11:42:43.738000',NULL,NULL,NULL),(108,'e00w9x70d2hobtbjkhchbprz','Hotel:dev','Hotel:dev','domain-url','2025-07-04 11:42:43.793000','2025-07-04 11:42:43.793000',NULL,NULL,NULL,NULL),(109,'e00w9x70d2hobtbjkhchbprz','Hotel:dev','Hotel:dev','domain-url','2025-07-04 11:42:43.793000','2025-07-04 11:42:43.793000','2025-07-04 11:42:43.799000',NULL,NULL,NULL),(110,'q06mjse7t9czpjw54y2f7g42','uei:p2p_trading:dev','uei:p2p_trading:dev','domain-url','2025-07-04 11:42:43.861000','2025-07-04 11:42:43.861000',NULL,NULL,NULL,NULL),(111,'q06mjse7t9czpjw54y2f7g42','uei:p2p_trading:dev','uei:p2p_trading:dev','domain-url','2025-07-04 11:42:43.861000','2025-07-04 11:42:43.861000','2025-07-04 11:42:43.865000',NULL,NULL,NULL),(112,'stbncta781b1dem910p45tie','dragon_foods:dev','dragon_foods:dev','domain-url','2025-07-04 11:42:43.926000','2025-07-04 11:42:43.926000',NULL,NULL,NULL,NULL),(113,'stbncta781b1dem910p45tie','dragon_foods:dev','dragon_foods:dev','domain-url','2025-07-04 11:42:43.926000','2025-07-04 11:42:43.926000','2025-07-04 11:42:43.932000',NULL,NULL,NULL),(114,'zl6shxjx78xxn1tmwurujob0','skyanalytics_flow:dev','skyanalytics_flow:dev','domain-url','2025-07-04 11:42:43.988000','2025-07-04 11:42:43.988000',NULL,NULL,NULL,NULL),(115,'zl6shxjx78xxn1tmwurujob0','skyanalytics_flow:dev','skyanalytics_flow:dev','domain-url','2025-07-04 11:42:43.988000','2025-07-04 11:42:43.988000','2025-07-04 11:42:43.993000',NULL,NULL,NULL),(116,'p2c9dx1aumkxz4mlravkibwp','envirogrowth:dev','envirogrowth:dev','domain-url','2025-07-04 11:42:44.052000','2025-07-04 11:42:44.052000',NULL,NULL,NULL,NULL),(117,'p2c9dx1aumkxz4mlravkibwp','envirogrowth:dev','envirogrowth:dev','domain-url','2025-07-04 11:42:44.052000','2025-07-04 11:42:44.052000','2025-07-04 11:42:44.057000',NULL,NULL,NULL),(118,'y5zz4l04h3oleoaxuic74gtv','harmoniaid:dev','harmoniaid:dev','domain-url','2025-07-04 11:42:44.115000','2025-07-04 11:42:44.115000',NULL,NULL,NULL,NULL),(119,'y5zz4l04h3oleoaxuic74gtv','harmoniaid:dev','harmoniaid:dev','domain-url','2025-07-04 11:42:44.115000','2025-07-04 11:42:44.115000','2025-07-04 11:42:44.120000',NULL,NULL,NULL),(120,'am6srpothii772ntpbhg0qpn','state_forest_department:dev','state_forest_department:dev','domain-url','2025-07-04 11:42:44.183000','2025-07-04 11:42:44.183000',NULL,NULL,NULL,NULL),(121,'am6srpothii772ntpbhg0qpn','state_forest_department:dev','state_forest_department:dev','domain-url','2025-07-04 11:42:44.183000','2025-07-04 11:42:44.183000','2025-07-04 11:42:44.188000',NULL,NULL,NULL),(122,'zgz0n43juozn9a6f9ilqwj6w','earth_support_initiative:dev','earth_support_initiative:dev','domain-url','2025-07-04 11:42:44.249000','2025-07-04 11:42:44.249000',NULL,NULL,NULL,NULL),(123,'zgz0n43juozn9a6f9ilqwj6w','earth_support_initiative:dev','earth_support_initiative:dev','domain-url','2025-07-04 11:42:44.249000','2025-07-04 11:42:44.249000','2025-07-04 11:42:44.256000',NULL,NULL,NULL),(124,'flyy016k29r6ewmagsxvjr36','deg:ev:dev','deg:ev:dev','domain-url','2025-07-04 11:42:44.338000','2025-07-04 11:42:44.338000',NULL,NULL,NULL,NULL),(125,'flyy016k29r6ewmagsxvjr36','deg:ev:dev','deg:ev:dev','domain-url','2025-07-04 11:42:44.338000','2025-07-04 11:42:44.338000','2025-07-04 11:42:44.343000',NULL,NULL,NULL),(126,'vozxjol7rd5js60wckj73lsr','deg:retail:dev','deg:retail:dev','domain-url','2025-07-04 11:42:44.405000','2025-07-04 11:42:44.405000',NULL,NULL,NULL,NULL),(127,'vozxjol7rd5js60wckj73lsr','deg:retail:dev','deg:retail:dev','domain-url','2025-07-04 11:42:44.405000','2025-07-04 11:42:44.405000','2025-07-04 11:42:44.411000',NULL,NULL,NULL),(128,'tvz2y32xktz00cyfv2mnk1si','deg:finance:dev','deg:finance:dev','domain-url','2025-07-04 11:42:44.467000','2025-07-04 11:42:44.467000',NULL,NULL,NULL,NULL),(129,'tvz2y32xktz00cyfv2mnk1si','deg:finance:dev','deg:finance:dev','domain-url','2025-07-04 11:42:44.467000','2025-07-04 11:42:44.467000','2025-07-04 11:42:44.472000',NULL,NULL,NULL),(130,'rq0j19ib0x6lywj7jdqt5ldr','deg:rental:dev','deg:rental:dev','domain-url','2025-07-04 11:42:44.529000','2025-07-04 11:42:44.529000',NULL,NULL,NULL,NULL),(131,'rq0j19ib0x6lywj7jdqt5ldr','deg:rental:dev','deg:rental:dev','domain-url','2025-07-04 11:42:44.529000','2025-07-04 11:42:44.529000','2025-07-04 11:42:44.535000',NULL,NULL,NULL),(132,'ij0i3y5d8oixk2qa7yx0n55l','dhp:consultation:0.1.0:dev','dhp:consultation:0.1.0:dev','domain-url','2025-07-04 11:42:44.669000','2025-07-04 11:42:44.669000',NULL,NULL,NULL,NULL),(133,'ij0i3y5d8oixk2qa7yx0n55l','dhp:consultation:0.1.0:dev','dhp:consultation:0.1.0:dev','domain-url','2025-07-04 11:42:44.669000','2025-07-04 11:42:44.669000','2025-07-04 11:42:44.674000',NULL,NULL,NULL),(134,'sjg03pfqwwocri5if89o0ypk','dsep:mentoring:dev','dsep:mentoring:dev','domain-url','2025-07-04 11:42:44.729000','2025-07-04 11:42:44.729000',NULL,NULL,NULL,NULL),(135,'sjg03pfqwwocri5if89o0ypk','dsep:mentoring:dev','dsep:mentoring:dev','domain-url','2025-07-04 11:42:44.729000','2025-07-04 11:42:44.729000','2025-07-04 11:42:44.737000',NULL,NULL,NULL),(136,'dguhmu36om8wkl1ay857khds','uei:p2p_trading:dev','uei:p2p_trading:dev','uei:p2p_trading:dev','2025-07-04 11:44:18.149000','2025-07-04 11:44:18.149000',NULL,1,1,NULL),(137,'dguhmu36om8wkl1ay857khds','uei:p2p_trading:dev','uei:p2p_trading:dev','uei:p2p_trading:dev','2025-07-04 11:44:18.149000','2025-07-04 11:44:18.149000','2025-07-04 11:44:18.161000',1,1,NULL),(138,'im6ktabub71yrouxk1u1ybg3','retail:1.1.0:dev','retail:1.1.0:dev',NULL,'2025-07-07 11:19:14.054000','2025-07-07 11:19:14.054000',NULL,1,1,NULL),(139,'im6ktabub71yrouxk1u1ybg3','retail:1.1.0:dev','retail:1.1.0:dev',NULL,'2025-07-07 11:19:14.054000','2025-07-07 11:19:14.054000','2025-07-07 11:19:14.066000',1,1,NULL),(140,'avupdyydcly45lf5wi8h72ph','retail:1.1.0:staging','retail:1.1.0:staging','domain-url','2025-07-08 07:56:09.232000','2025-07-08 07:56:09.232000',NULL,NULL,NULL,NULL),(141,'avupdyydcly45lf5wi8h72ph','retail:1.1.0:staging','retail:1.1.0:staging','domain-url','2025-07-08 07:56:09.232000','2025-07-08 07:56:09.232000','2025-07-08 07:56:09.243000',NULL,NULL,NULL),(142,'bqffhf5ljkizn1xcfofg1wr2','dsep:courses:staging','dsep:courses:staging','domain-url','2025-07-08 07:56:23.907000','2025-07-08 07:56:23.907000',NULL,NULL,NULL,NULL),(143,'bqffhf5ljkizn1xcfofg1wr2','dsep:courses:staging','dsep:courses:staging','domain-url','2025-07-08 07:56:23.907000','2025-07-08 07:56:23.907000','2025-07-08 07:56:23.913000',NULL,NULL,NULL),(144,'zjk4435bvvbjc6in7ukt6onh','dsep:jobs:staging','dsep:jobs:staging','domain-url','2025-07-08 07:56:23.994000','2025-07-08 07:56:23.994000',NULL,NULL,NULL,NULL),(145,'zjk4435bvvbjc6in7ukt6onh','dsep:jobs:staging','dsep:jobs:staging','domain-url','2025-07-08 07:56:23.994000','2025-07-08 07:56:23.994000','2025-07-08 07:56:23.998000',NULL,NULL,NULL),(146,'bl69z3aphtx59dqvm34nlogp','dsep:scholarships:staging','dsep:scholarships:staging','domain-url','2025-07-08 07:56:24.065000','2025-07-08 07:56:24.065000',NULL,NULL,NULL,NULL),(147,'bl69z3aphtx59dqvm34nlogp','dsep:scholarships:staging','dsep:scholarships:staging','domain-url','2025-07-08 07:56:24.065000','2025-07-08 07:56:24.065000','2025-07-08 07:56:24.070000',NULL,NULL,NULL),(148,'vk4i3pk9y8kc5uet49rqs94t','nic2004:52110:staging','nic2004:52110:staging','domain-url','2025-07-08 07:56:24.136000','2025-07-08 07:56:24.136000',NULL,NULL,NULL,NULL),(149,'vk4i3pk9y8kc5uet49rqs94t','nic2004:52110:staging','nic2004:52110:staging','domain-url','2025-07-08 07:56:24.136000','2025-07-08 07:56:24.136000','2025-07-08 07:56:24.141000',NULL,NULL,NULL),(150,'e7rlaauxm6uymx1dxc3vjhmy','dhp:pharmacy:0.1.0:staging','dhp:pharmacy:0.1.0:staging','domain-url','2025-07-08 07:56:24.218000','2025-07-08 07:56:24.218000',NULL,NULL,NULL,NULL),(151,'e7rlaauxm6uymx1dxc3vjhmy','dhp:pharmacy:0.1.0:staging','dhp:pharmacy:0.1.0:staging','domain-url','2025-07-08 07:56:24.218000','2025-07-08 07:56:24.218000','2025-07-08 07:56:24.223000',NULL,NULL,NULL),(152,'y1xhdflw8fzwzatlwh5hja51','supply-chain-services:assembly:staging','supply-chain-services:assembly:staging','domain-url','2025-07-08 07:56:24.292000','2025-07-08 07:56:24.292000',NULL,NULL,NULL,NULL),(153,'y1xhdflw8fzwzatlwh5hja51','supply-chain-services:assembly:staging','supply-chain-services:assembly:staging','domain-url','2025-07-08 07:56:24.292000','2025-07-08 07:56:24.292000','2025-07-08 07:56:24.297000',NULL,NULL,NULL),(154,'pj8w49cyr618afzp9psqfteq','online-dispute-resolution:0.1.0:staging','online-dispute-resolution:0.1.0:staging','domain-url','2025-07-08 07:56:24.369000','2025-07-08 07:56:24.369000',NULL,NULL,NULL,NULL),(155,'pj8w49cyr618afzp9psqfteq','online-dispute-resolution:0.1.0:staging','online-dispute-resolution:0.1.0:staging','domain-url','2025-07-08 07:56:24.369000','2025-07-08 07:56:24.369000','2025-07-08 07:56:24.374000',NULL,NULL,NULL),(156,'hsnomwwbzejy59y31luwywbp','uei:charging:staging','uei:charging:staging','domain-url','2025-07-08 07:56:24.439000','2025-07-08 07:56:24.439000',NULL,NULL,NULL,NULL),(157,'hsnomwwbzejy59y31luwywbp','uei:charging:staging','uei:charging:staging','domain-url','2025-07-08 07:56:24.439000','2025-07-08 07:56:24.439000','2025-07-08 07:56:24.448000',NULL,NULL,NULL),(158,'ah3et35tb33y7y0y6wnf8r2q','mobility:1.1.0:staging','mobility:1.1.0:staging','domain-url','2025-07-08 07:56:24.509000','2025-07-08 07:56:24.509000',NULL,NULL,NULL,NULL),(159,'ah3et35tb33y7y0y6wnf8r2q','mobility:1.1.0:staging','mobility:1.1.0:staging','domain-url','2025-07-08 07:56:24.509000','2025-07-08 07:56:24.509000','2025-07-08 07:56:24.515000',NULL,NULL,NULL),(160,'ykx245hym9kg3l2metwpgkgb','EV:staging','EV:staging','domain-url','2025-07-08 07:56:24.582000','2025-07-08 07:56:24.582000',NULL,NULL,NULL,NULL),(161,'ykx245hym9kg3l2metwpgkgb','EV:staging','EV:staging','domain-url','2025-07-08 07:56:24.582000','2025-07-08 07:56:24.582000','2025-07-08 07:56:24.587000',NULL,NULL,NULL),(162,'tnts5v5fflvb5ljx59ya2icq','Retail:staging','Retail:staging','domain-url','2025-07-08 07:56:24.649000','2025-07-08 07:56:24.649000',NULL,NULL,NULL,NULL),(163,'tnts5v5fflvb5ljx59ya2icq','Retail:staging','Retail:staging','domain-url','2025-07-08 07:56:24.649000','2025-07-08 07:56:24.649000','2025-07-08 07:56:24.654000',NULL,NULL,NULL),(164,'w256fuvfo2t2166yxo81kzu3','Hotel:staging','Hotel:staging','domain-url','2025-07-08 07:56:24.716000','2025-07-08 07:56:24.716000',NULL,NULL,NULL,NULL),(165,'w256fuvfo2t2166yxo81kzu3','Hotel:staging','Hotel:staging','domain-url','2025-07-08 07:56:24.716000','2025-07-08 07:56:24.716000','2025-07-08 07:56:24.724000',NULL,NULL,NULL),(166,'uj5j7cpsx59djmnwi8b5klbs','uei:p2p_trading:staging','uei:p2p_trading:staging','domain-url','2025-07-08 07:56:24.784000','2025-07-08 07:56:24.784000',NULL,NULL,NULL,NULL),(167,'uj5j7cpsx59djmnwi8b5klbs','uei:p2p_trading:staging','uei:p2p_trading:staging','domain-url','2025-07-08 07:56:24.784000','2025-07-08 07:56:24.784000','2025-07-08 07:56:24.789000',NULL,NULL,NULL),(168,'mhx7i35brj7rbpw5men5h91v','dragon_foods:staging','dragon_foods:staging','domain-url','2025-07-08 07:56:24.855000','2025-07-08 07:56:24.855000',NULL,NULL,NULL,NULL),(169,'mhx7i35brj7rbpw5men5h91v','dragon_foods:staging','dragon_foods:staging','domain-url','2025-07-08 07:56:24.855000','2025-07-08 07:56:24.855000','2025-07-08 07:56:24.861000',NULL,NULL,NULL),(170,'czawv713y0yzbmzdi5t3tfni','skyanalytics_flow:staging','skyanalytics_flow:staging','domain-url','2025-07-08 07:56:24.925000','2025-07-08 07:56:24.925000',NULL,NULL,NULL,NULL),(171,'czawv713y0yzbmzdi5t3tfni','skyanalytics_flow:staging','skyanalytics_flow:staging','domain-url','2025-07-08 07:56:24.925000','2025-07-08 07:56:24.925000','2025-07-08 07:56:24.931000',NULL,NULL,NULL),(172,'yd3koz3sbvudast7cjm24f0s','envirogrowth:staging','envirogrowth:staging','domain-url','2025-07-08 07:56:24.992000','2025-07-08 07:56:24.992000',NULL,NULL,NULL,NULL),(173,'yd3koz3sbvudast7cjm24f0s','envirogrowth:staging','envirogrowth:staging','domain-url','2025-07-08 07:56:24.992000','2025-07-08 07:56:24.992000','2025-07-08 07:56:25.000000',NULL,NULL,NULL),(174,'f5cpugbln2gh4nbwwmejw90q','harmoniaid:staging','harmoniaid:staging','domain-url','2025-07-08 07:56:25.061000','2025-07-08 07:56:25.061000',NULL,NULL,NULL,NULL),(175,'f5cpugbln2gh4nbwwmejw90q','harmoniaid:staging','harmoniaid:staging','domain-url','2025-07-08 07:56:25.061000','2025-07-08 07:56:25.061000','2025-07-08 07:56:25.066000',NULL,NULL,NULL),(176,'v4zld4sv3kjq78hmbqux1ol3','state_forest_department:staging','state_forest_department:staging','domain-url','2025-07-08 07:56:25.126000','2025-07-08 07:56:25.126000',NULL,NULL,NULL,NULL),(177,'v4zld4sv3kjq78hmbqux1ol3','state_forest_department:staging','state_forest_department:staging','domain-url','2025-07-08 07:56:25.126000','2025-07-08 07:56:25.126000','2025-07-08 07:56:25.132000',NULL,NULL,NULL),(178,'cfstng58cqzeq6vk2tqzigbk','earth_support_initiative:staging','earth_support_initiative:staging','domain-url','2025-07-08 07:56:25.191000','2025-07-08 07:56:25.191000',NULL,NULL,NULL,NULL),(179,'cfstng58cqzeq6vk2tqzigbk','earth_support_initiative:staging','earth_support_initiative:staging','domain-url','2025-07-08 07:56:25.191000','2025-07-08 07:56:25.191000','2025-07-08 07:56:25.196000',NULL,NULL,NULL),(180,'a9pp9jm711yaxa8suf9scrpl','deg:ev:staging','deg:ev:staging','domain-url','2025-07-08 07:56:25.256000','2025-07-08 07:56:25.256000',NULL,NULL,NULL,NULL),(181,'a9pp9jm711yaxa8suf9scrpl','deg:ev:staging','deg:ev:staging','domain-url','2025-07-08 07:56:25.256000','2025-07-08 07:56:25.256000','2025-07-08 07:56:25.262000',NULL,NULL,NULL),(182,'ulw582cwpts1jm5ow0jfjl2d','deg:retail:staging','deg:retail:staging','domain-url','2025-07-08 07:56:25.322000','2025-07-08 07:56:25.322000',NULL,NULL,NULL,NULL),(183,'ulw582cwpts1jm5ow0jfjl2d','deg:retail:staging','deg:retail:staging','domain-url','2025-07-08 07:56:25.322000','2025-07-08 07:56:25.322000','2025-07-08 07:56:25.329000',NULL,NULL,NULL),(184,'k11dsa5cay32h05ujiohcen7','deg:finance:staging','deg:finance:staging','domain-url','2025-07-08 07:56:25.392000','2025-07-08 07:56:25.392000',NULL,NULL,NULL,NULL),(185,'k11dsa5cay32h05ujiohcen7','deg:finance:staging','deg:finance:staging','domain-url','2025-07-08 07:56:25.392000','2025-07-08 07:56:25.392000','2025-07-08 07:56:25.398000',NULL,NULL,NULL),(186,'sv8k0udyvexcw9fhvzyyek0m','deg:rental:staging','deg:rental:staging','domain-url','2025-07-08 07:56:25.468000','2025-07-08 07:56:25.468000',NULL,NULL,NULL,NULL),(187,'sv8k0udyvexcw9fhvzyyek0m','deg:rental:staging','deg:rental:staging','domain-url','2025-07-08 07:56:25.468000','2025-07-08 07:56:25.468000','2025-07-08 07:56:25.472000',NULL,NULL,NULL),(188,'r221csp1uodb6m1e6eog8a2s','dhp:consultation:0.1.0:staging','dhp:consultation:0.1.0:staging','domain-url','2025-07-08 07:56:25.597000','2025-07-08 07:56:25.597000',NULL,NULL,NULL,NULL),(189,'r221csp1uodb6m1e6eog8a2s','dhp:consultation:0.1.0:staging','dhp:consultation:0.1.0:staging','domain-url','2025-07-08 07:56:25.597000','2025-07-08 07:56:25.597000','2025-07-08 07:56:25.602000',NULL,NULL,NULL),(190,'v3f7cj8kq1kply0rqbnfu7jo','dsep:mentoring:staging','dsep:mentoring:staging','domain-url','2025-07-08 07:56:25.674000','2025-07-08 07:56:25.674000',NULL,NULL,NULL,NULL),(191,'v3f7cj8kq1kply0rqbnfu7jo','dsep:mentoring:staging','dsep:mentoring:staging','domain-url','2025-07-08 07:56:25.674000','2025-07-08 07:56:25.674000','2025-07-08 07:56:25.679000',NULL,NULL,NULL);
/*!40000 ALTER TABLE `domains` ENABLE KEYS */;
UNLOCK TABLES;

--
-- Table structure for table `files`
--

DROP TABLE IF EXISTS `files`;
/*!40101 SET @saved_cs_client     = @@character_set_client */;
/*!50503 SET character_set_client = utf8mb4 */;
CREATE TABLE `files` (
  `id` int unsigned NOT NULL AUTO_INCREMENT,
  `document_id` varchar(255) DEFAULT NULL,
  `name` varchar(255) DEFAULT NULL,
  `alternative_text` varchar(255) DEFAULT NULL,
  `caption` varchar(255) DEFAULT NULL,
  `width` int DEFAULT NULL,
  `height` int DEFAULT NULL,
  `formats` json DEFAULT NULL,
  `hash` varchar(255) DEFAULT NULL,
  `ext` varchar(255) DEFAULT NULL,
  `mime` varchar(255) DEFAULT NULL,
  `size` decimal(10,2) DEFAULT NULL,
  `url` varchar(255) DEFAULT NULL,
  `preview_url` varchar(255) DEFAULT NULL,
  `provider` varchar(255) DEFAULT NULL,
  `provider_metadata` json DEFAULT NULL,
  `folder_path` varchar(255) DEFAULT NULL,
  `created_at` datetime(6) DEFAULT NULL,
  `updated_at` datetime(6) DEFAULT NULL,
  `published_at` datetime(6) DEFAULT NULL,
  `created_by_id` int unsigned DEFAULT NULL,
  `updated_by_id` int unsigned DEFAULT NULL,
  `locale` varchar(255) DEFAULT NULL,
  PRIMARY KEY (`id`),
  KEY `upload_files_folder_path_index` (`folder_path`),
  KEY `upload_files_created_at_index` (`created_at`),
  KEY `upload_files_updated_at_index` (`updated_at`),
  KEY `upload_files_name_index` (`name`),
  KEY `upload_files_size_index` (`size`),
  KEY `upload_files_ext_index` (`ext`),
  KEY `files_documents_idx` (`document_id`,`locale`,`published_at`),
  KEY `files_created_by_id_fk` (`created_by_id`),
  KEY `files_updated_by_id_fk` (`updated_by_id`),
  CONSTRAINT `files_created_by_id_fk` FOREIGN KEY (`created_by_id`) REFERENCES `admin_users` (`id`) ON DELETE SET NULL,
  CONSTRAINT `files_updated_by_id_fk` FOREIGN KEY (`updated_by_id`) REFERENCES `admin_users` (`id`) ON DELETE SET NULL
) ENGINE=InnoDB DEFAULT CHARSET=utf8mb4 COLLATE=utf8mb4_0900_ai_ci;
/*!40101 SET character_set_client = @saved_cs_client */;

--
-- Dumping data for table `files`
--

LOCK TABLES `files` WRITE;
/*!40000 ALTER TABLE `files` DISABLE KEYS */;
/*!40000 ALTER TABLE `files` ENABLE KEYS */;
UNLOCK TABLES;

--
-- Table structure for table `files_folder_lnk`
--

DROP TABLE IF EXISTS `files_folder_lnk`;
/*!40101 SET @saved_cs_client     = @@character_set_client */;
/*!50503 SET character_set_client = utf8mb4 */;
CREATE TABLE `files_folder_lnk` (
  `id` int unsigned NOT NULL AUTO_INCREMENT,
  `file_id` int unsigned DEFAULT NULL,
  `folder_id` int unsigned DEFAULT NULL,
  `file_ord` double unsigned DEFAULT NULL,
  PRIMARY KEY (`id`),
  UNIQUE KEY `files_folder_lnk_uq` (`file_id`,`folder_id`),
  KEY `files_folder_lnk_fk` (`file_id`),
  KEY `files_folder_lnk_ifk` (`folder_id`),
  KEY `files_folder_lnk_oifk` (`file_ord`),
  CONSTRAINT `files_folder_lnk_fk` FOREIGN KEY (`file_id`) REFERENCES `files` (`id`) ON DELETE CASCADE,
  CONSTRAINT `files_folder_lnk_ifk` FOREIGN KEY (`folder_id`) REFERENCES `upload_folders` (`id`) ON DELETE CASCADE
) ENGINE=InnoDB DEFAULT CHARSET=utf8mb4 COLLATE=utf8mb4_0900_ai_ci;
/*!40101 SET character_set_client = @saved_cs_client */;

--
-- Dumping data for table `files_folder_lnk`
--

LOCK TABLES `files_folder_lnk` WRITE;
/*!40000 ALTER TABLE `files_folder_lnk` DISABLE KEYS */;
/*!40000 ALTER TABLE `files_folder_lnk` ENABLE KEYS */;
UNLOCK TABLES;

--
-- Table structure for table `files_related_mph`
--

DROP TABLE IF EXISTS `files_related_mph`;
/*!40101 SET @saved_cs_client     = @@character_set_client */;
/*!50503 SET character_set_client = utf8mb4 */;
CREATE TABLE `files_related_mph` (
  `id` int unsigned NOT NULL AUTO_INCREMENT,
  `file_id` int unsigned DEFAULT NULL,
  `related_id` int unsigned DEFAULT NULL,
  `related_type` varchar(255) DEFAULT NULL,
  `field` varchar(255) DEFAULT NULL,
  `order` double unsigned DEFAULT NULL,
  PRIMARY KEY (`id`),
  KEY `files_related_mph_fk` (`file_id`),
  KEY `files_related_mph_oidx` (`order`),
  KEY `files_related_mph_idix` (`related_id`),
  CONSTRAINT `files_related_mph_fk` FOREIGN KEY (`file_id`) REFERENCES `files` (`id`) ON DELETE CASCADE
) ENGINE=InnoDB DEFAULT CHARSET=utf8mb4 COLLATE=utf8mb4_0900_ai_ci;
/*!40101 SET character_set_client = @saved_cs_client */;

--
-- Dumping data for table `files_related_mph`
--

LOCK TABLES `files_related_mph` WRITE;
/*!40000 ALTER TABLE `files_related_mph` DISABLE KEYS */;
/*!40000 ALTER TABLE `files_related_mph` ENABLE KEYS */;
UNLOCK TABLES;

--
-- Table structure for table `i18n_locale`
--

DROP TABLE IF EXISTS `i18n_locale`;
/*!40101 SET @saved_cs_client     = @@character_set_client */;
/*!50503 SET character_set_client = utf8mb4 */;
CREATE TABLE `i18n_locale` (
  `id` int unsigned NOT NULL AUTO_INCREMENT,
  `document_id` varchar(255) DEFAULT NULL,
  `name` varchar(255) DEFAULT NULL,
  `code` varchar(255) DEFAULT NULL,
  `created_at` datetime(6) DEFAULT NULL,
  `updated_at` datetime(6) DEFAULT NULL,
  `published_at` datetime(6) DEFAULT NULL,
  `created_by_id` int unsigned DEFAULT NULL,
  `updated_by_id` int unsigned DEFAULT NULL,
  `locale` varchar(255) DEFAULT NULL,
  PRIMARY KEY (`id`),
  KEY `i18n_locale_documents_idx` (`document_id`,`locale`,`published_at`),
  KEY `i18n_locale_created_by_id_fk` (`created_by_id`),
  KEY `i18n_locale_updated_by_id_fk` (`updated_by_id`),
  CONSTRAINT `i18n_locale_created_by_id_fk` FOREIGN KEY (`created_by_id`) REFERENCES `admin_users` (`id`) ON DELETE SET NULL,
  CONSTRAINT `i18n_locale_updated_by_id_fk` FOREIGN KEY (`updated_by_id`) REFERENCES `admin_users` (`id`) ON DELETE SET NULL
) ENGINE=InnoDB AUTO_INCREMENT=2 DEFAULT CHARSET=utf8mb4 COLLATE=utf8mb4_0900_ai_ci;
/*!40101 SET character_set_client = @saved_cs_client */;

--
-- Dumping data for table `i18n_locale`
--

LOCK TABLES `i18n_locale` WRITE;
/*!40000 ALTER TABLE `i18n_locale` DISABLE KEYS */;
INSERT INTO `i18n_locale` VALUES (1,'hgridn660g6cetq8ahijjxxs','English (en)','en','2025-03-27 08:46:38.865000','2025-03-27 08:46:38.865000','2025-03-27 08:46:38.866000',NULL,NULL,NULL);
/*!40000 ALTER TABLE `i18n_locale` ENABLE KEYS */;
UNLOCK TABLES;

--
-- Table structure for table `strapi_api_token_permissions`
--

DROP TABLE IF EXISTS `strapi_api_token_permissions`;
/*!40101 SET @saved_cs_client     = @@character_set_client */;
/*!50503 SET character_set_client = utf8mb4 */;
CREATE TABLE `strapi_api_token_permissions` (
  `id` int unsigned NOT NULL AUTO_INCREMENT,
  `document_id` varchar(255) DEFAULT NULL,
  `action` varchar(255) DEFAULT NULL,
  `created_at` datetime(6) DEFAULT NULL,
  `updated_at` datetime(6) DEFAULT NULL,
  `published_at` datetime(6) DEFAULT NULL,
  `created_by_id` int unsigned DEFAULT NULL,
  `updated_by_id` int unsigned DEFAULT NULL,
  `locale` varchar(255) DEFAULT NULL,
  PRIMARY KEY (`id`),
  KEY `strapi_api_token_permissions_documents_idx` (`document_id`,`locale`,`published_at`),
  KEY `strapi_api_token_permissions_created_by_id_fk` (`created_by_id`),
  KEY `strapi_api_token_permissions_updated_by_id_fk` (`updated_by_id`),
  CONSTRAINT `strapi_api_token_permissions_created_by_id_fk` FOREIGN KEY (`created_by_id`) REFERENCES `admin_users` (`id`) ON DELETE SET NULL,
  CONSTRAINT `strapi_api_token_permissions_updated_by_id_fk` FOREIGN KEY (`updated_by_id`) REFERENCES `admin_users` (`id`) ON DELETE SET NULL
) ENGINE=InnoDB AUTO_INCREMENT=135 DEFAULT CHARSET=utf8mb4 COLLATE=utf8mb4_0900_ai_ci;
/*!40101 SET character_set_client = @saved_cs_client */;

--
-- Dumping data for table `strapi_api_token_permissions`
--

LOCK TABLES `strapi_api_token_permissions` WRITE;
/*!40000 ALTER TABLE `strapi_api_token_permissions` DISABLE KEYS */;
INSERT INTO `strapi_api_token_permissions` VALUES (1,'cneq1lg0fwsvy25s8u4th288','api::domain.domain.find','2025-07-08 07:46:06.505000','2025-07-08 07:46:06.505000','2025-07-08 07:46:06.506000',NULL,NULL,NULL),(2,'gtwoj7wfb3bjv22t8p5fqcts','api::domain.domain.findOne','2025-07-08 07:46:06.505000','2025-07-08 07:46:06.505000','2025-07-08 07:46:06.506000',NULL,NULL,NULL),(3,'z5780wnw3s0yiobg8ysox9ih','api::domain.domain.create','2025-07-08 07:46:06.505000','2025-07-08 07:46:06.505000','2025-07-08 07:46:06.506000',NULL,NULL,NULL),(4,'ivm109u2ywjvaut8qnvw1rwc','api::domain.domain.update','2025-07-08 07:46:06.505000','2025-07-08 07:46:06.505000','2025-07-08 07:46:06.506000',NULL,NULL,NULL),(5,'cbbewfc6o38je5lv2k5h2mdt','api::domain.domain.delete','2025-07-08 07:46:06.505000','2025-07-08 07:46:06.505000','2025-07-08 07:46:06.506000',NULL,NULL,NULL),(6,'t40zcqxzl5ecydhgxc93gxkc','api::network-participant.network-participant.subscribe','2025-07-08 07:46:06.505000','2025-07-08 07:46:06.505000','2025-07-08 07:46:06.506000',NULL,NULL,NULL),(7,'f2dr85hmrw8iexndygctvkku','api::user-network-subscriber.user-network-subscriber.find','2025-07-08 07:46:06.505000','2025-07-08 07:46:06.505000','2025-07-08 07:46:06.506000',NULL,NULL,NULL),(8,'aehipeqdxjjfijc4vajq203s','api::user-network-subscriber.user-network-subscriber.findOne','2025-07-08 07:46:06.505000','2025-07-08 07:46:06.505000','2025-07-08 07:46:06.507000',NULL,NULL,NULL),(9,'wyko53rmhyo1bp2uw3r0zlz6','api::user-network-subscriber.user-network-subscriber.create','2025-07-08 07:46:06.505000','2025-07-08 07:46:06.505000','2025-07-08 07:46:06.507000',NULL,NULL,NULL),(10,'ddn0d9k1gvttf09i1lox04sa','api::user-network-subscriber.user-network-subscriber.update','2025-07-08 07:46:06.505000','2025-07-08 07:46:06.505000','2025-07-08 07:46:06.507000',NULL,NULL,NULL),(11,'cotvm5ms37oyfi208zyvmbri','api::user-network-subscriber.user-network-subscriber.delete','2025-07-08 07:46:06.505000','2025-07-08 07:46:06.505000','2025-07-08 07:46:06.507000',NULL,NULL,NULL),(12,'jyyp79o7dlfnb8j3red3h3s8','plugin::content-type-builder.components.getComponents','2025-07-08 07:46:06.505000','2025-07-08 07:46:06.505000','2025-07-08 07:46:06.507000',NULL,NULL,NULL),(13,'jgg33zxzganuss9so0e2hr1u','plugin::content-type-builder.components.getComponent','2025-07-08 07:46:06.505000','2025-07-08 07:46:06.505000','2025-07-08 07:46:06.507000',NULL,NULL,NULL),(14,'vq5t8x1y8n0p02ewp99l8e38','plugin::content-type-builder.content-types.getContentTypes','2025-07-08 07:46:06.505000','2025-07-08 07:46:06.505000','2025-07-08 07:46:06.507000',NULL,NULL,NULL),(15,'ctoaaghn16oexyh8jwakq0s6','plugin::content-type-builder.content-types.getContentType','2025-07-08 07:46:06.505000','2025-07-08 07:46:06.505000','2025-07-08 07:46:06.507000',NULL,NULL,NULL),(16,'c2jbb4iyubhbkb583lbgvhmj','plugin::email.email.send','2025-07-08 07:46:06.505000','2025-07-08 07:46:06.505000','2025-07-08 07:46:06.507000',NULL,NULL,NULL),(17,'afz5ezbjywprzneswhrgnr3q','plugin::upload.content-api.findOne','2025-07-08 07:46:06.505000','2025-07-08 07:46:06.505000','2025-07-08 07:46:06.509000',NULL,NULL,NULL),(18,'javmug2rq0nsozyd39tkd2zh','plugin::upload.content-api.find','2025-07-08 07:46:06.505000','2025-07-08 07:46:06.505000','2025-07-08 07:46:06.508000',NULL,NULL,NULL),(19,'labpvlsgnpa7k9xevod8hbd4','plugin::upload.content-api.destroy','2025-07-08 07:46:06.505000','2025-07-08 07:46:06.505000','2025-07-08 07:46:06.510000',NULL,NULL,NULL),(20,'vagm07irncm90h95urpat234','plugin::upload.content-api.upload','2025-07-08 07:46:06.505000','2025-07-08 07:46:06.505000','2025-07-08 07:46:06.510000',NULL,NULL,NULL),(21,'myljdru5jqoiyzx5y7xh0t03','plugin::i18n.locales.listLocales','2025-07-08 07:46:06.505000','2025-07-08 07:46:06.505000','2025-07-08 07:46:06.510000',NULL,NULL,NULL),(22,'ha8w3kx2d9w1tz8temrpcq82','plugin::registry.subscribers.subscribe','2025-07-08 07:46:06.505000','2025-07-08 07:46:06.505000','2025-07-08 07:46:06.510000',NULL,NULL,NULL),(23,'jbi1d0rqr7a99if41zohs73l','plugin::registry.subscribers.lookup','2025-07-08 07:46:06.505000','2025-07-08 07:46:06.505000','2025-07-08 07:46:06.510000',NULL,NULL,NULL),(24,'xgyp7bfor54yp2703w4eclwr','plugin::registry.subscribers.loadDomains','2025-07-08 07:46:06.505000','2025-07-08 07:46:06.505000','2025-07-08 07:46:06.510000',NULL,NULL,NULL),(25,'jnf3ep6gk82w4tz3gxt4za3t','plugin::registry.subscribers.getDomainController','2025-07-08 07:46:06.505000','2025-07-08 07:46:06.505000','2025-07-08 07:46:06.510000',NULL,NULL,NULL),(26,'f3at1rd51e3em4gfzz2ggzj1','plugin::registry.subscribers.register','2025-07-08 07:46:06.505000','2025-07-08 07:46:06.505000','2025-07-08 07:46:06.510000',NULL,NULL,NULL),(27,'mjv6um5cejiy2a0ueznq3qn3','plugin::registry.subscribers.getSubscribers','2025-07-08 07:46:06.505000','2025-07-08 07:46:06.505000','2025-07-08 07:46:06.510000',NULL,NULL,NULL),(28,'ej5ajs0ahyri1v8z8nyxdlva','plugin::registry.subscribers.getSubscriber','2025-07-08 07:46:06.505000','2025-07-08 07:46:06.505000','2025-07-08 07:46:06.510000',NULL,NULL,NULL),(29,'jqd6txjpcy2ozpwvvtqfxgji','plugin::registry.subscribers.update','2025-07-08 07:46:06.505000','2025-07-08 07:46:06.505000','2025-07-08 07:46:06.510000',NULL,NULL,NULL),(30,'vko9w457okllyo5w0bohg136','plugin::registry.subscribers.revoke','2025-07-08 07:46:06.505000','2025-07-08 07:46:06.505000','2025-07-08 07:46:06.510000',NULL,NULL,NULL),(31,'d3a90nc45rmsk11jvd8h06fd','plugin::registry.user.signup','2025-07-08 07:46:06.505000','2025-07-08 07:46:06.505000','2025-07-08 07:46:06.510000',NULL,NULL,NULL),(32,'hkezgpo4vke0zubljtv01nvt','plugin::registry.user.add','2025-07-08 07:46:06.505000','2025-07-08 07:46:06.505000','2025-07-08 07:46:06.511000',NULL,NULL,NULL),(33,'r3l1c4brrvmc5t5idxghgw1t','plugin::registry.user.me','2025-07-08 07:46:06.505000','2025-07-08 07:46:06.505000','2025-07-08 07:46:06.511000',NULL,NULL,NULL),(34,'dxm9bir36cfapl1ujqdfw26y','plugin::registry.user.getUsers','2025-07-08 07:46:06.505000','2025-07-08 07:46:06.505000','2025-07-08 07:46:06.511000',NULL,NULL,NULL),(35,'cu5datgk3qstnd6a4n613hgh','plugin::registry.user.getUser','2025-07-08 07:46:06.505000','2025-07-08 07:46:06.505000','2025-07-08 07:46:06.511000',NULL,NULL,NULL),(36,'q1bw1uxoazbtuoay34gp4o0z','plugin::registry.user.updateMe','2025-07-08 07:46:06.505000','2025-07-08 07:46:06.505000','2025-07-08 07:46:06.511000',NULL,NULL,NULL),(37,'lnt9jzmygg8ds8looudk44aq','plugin::registry.user.update','2025-07-08 07:46:06.505000','2025-07-08 07:46:06.505000','2025-07-08 07:46:06.511000',NULL,NULL,NULL),(38,'x8h9ds3acq3ypga04m4cjtg5','plugin::registry.user.delete','2025-07-08 07:46:06.505000','2025-07-08 07:46:06.505000','2025-07-08 07:46:06.511000',NULL,NULL,NULL),(39,'qeqfo33mjm16utf1aeub9b7e','plugin::registry.auth.login','2025-07-08 07:46:06.505000','2025-07-08 07:46:06.505000','2025-07-08 07:46:06.512000',NULL,NULL,NULL),(40,'w2t3vmsvcbecozoifamxjk6j','plugin::registry.auth.sendEmailConfirmation','2025-07-08 07:46:06.505000','2025-07-08 07:46:06.505000','2025-07-08 07:46:06.512000',NULL,NULL,NULL),(41,'wnodrfa8vqynm0pnaqpjbn54','plugin::registry.auth.emailConfirmation','2025-07-08 07:46:06.505000','2025-07-08 07:46:06.505000','2025-07-08 07:46:06.513000',NULL,NULL,NULL),(42,'gb9myy8324guulou2rf0r4mk','plugin::registry.network-domain.getNetworkDomain','2025-07-08 07:46:06.505000','2025-07-08 07:46:06.505000','2025-07-08 07:46:06.513000',NULL,NULL,NULL),(43,'uomb43kgykwolbif5z8so397','plugin::registry.network-domain.getNetworkDomains','2025-07-08 07:46:06.505000','2025-07-08 07:46:06.505000','2025-07-08 07:46:06.513000',NULL,NULL,NULL),(44,'w8xnvx3qqdc5l8el2tt8gnpn','plugin::registry.network-domain.createNetworkDomain','2025-07-08 07:46:06.505000','2025-07-08 07:46:06.505000','2025-07-08 07:46:06.513000',NULL,NULL,NULL),(45,'ktv3gizwtqwmb0kjevmia1fg','plugin::registry.network-domain.updateNetworkDomain','2025-07-08 07:46:06.505000','2025-07-08 07:46:06.505000','2025-07-08 07:46:06.513000',NULL,NULL,NULL),(46,'xw0ctd1rt38v3bvcrgf6b52t','plugin::registry.network-domain.deleteNetworkDomain','2025-07-08 07:46:06.505000','2025-07-08 07:46:06.505000','2025-07-08 07:46:06.513000',NULL,NULL,NULL),(47,'te0wprlmhuguivzjph8lfmh4','plugin::users-permissions.auth.callback','2025-07-08 07:46:06.505000','2025-07-08 07:46:06.505000','2025-07-08 07:46:06.513000',NULL,NULL,NULL),(48,'flmatpamuvins35qoojxjbic','plugin::users-permissions.auth.changePassword','2025-07-08 07:46:06.505000','2025-07-08 07:46:06.505000','2025-07-08 07:46:06.513000',NULL,NULL,NULL),(49,'g501f9feh8h0uj606242v7ug','plugin::users-permissions.auth.resetPassword','2025-07-08 07:46:06.505000','2025-07-08 07:46:06.505000','2025-07-08 07:46:06.513000',NULL,NULL,NULL),(50,'u55r6boitji07km7xbfkrykg','plugin::users-permissions.auth.connect','2025-07-08 07:46:06.505000','2025-07-08 07:46:06.505000','2025-07-08 07:46:06.513000',NULL,NULL,NULL),(51,'xa5cd2b2uqscbys74tasa0oy','plugin::users-permissions.auth.forgotPassword','2025-07-08 07:46:06.505000','2025-07-08 07:46:06.505000','2025-07-08 07:46:06.513000',NULL,NULL,NULL),(52,'jst3seiqp2kxh14ofmd04ymc','plugin::users-permissions.auth.register','2025-07-08 07:46:06.505000','2025-07-08 07:46:06.505000','2025-07-08 07:46:06.514000',NULL,NULL,NULL),(53,'jg07eoivy832vbnt63f1lodv','plugin::users-permissions.auth.emailConfirmation','2025-07-08 07:46:06.505000','2025-07-08 07:46:06.505000','2025-07-08 07:46:06.514000',NULL,NULL,NULL),(54,'oji469nyoi89xzoovytyk9ui','plugin::users-permissions.auth.sendEmailConfirmation','2025-07-08 07:46:06.505000','2025-07-08 07:46:06.505000','2025-07-08 07:46:06.514000',NULL,NULL,NULL),(55,'lgqf2epy5reghgh1aj8sxl8v','plugin::users-permissions.user.create','2025-07-08 07:46:06.505000','2025-07-08 07:46:06.505000','2025-07-08 07:46:06.514000',NULL,NULL,NULL),(56,'mox8jhvn8yu0hjs5gqmupsu5','plugin::users-permissions.user.update','2025-07-08 07:46:06.505000','2025-07-08 07:46:06.505000','2025-07-08 07:46:06.514000',NULL,NULL,NULL),(57,'kfjvc91bgiu9qna0lshiw095','plugin::users-permissions.user.find','2025-07-08 07:46:06.505000','2025-07-08 07:46:06.505000','2025-07-08 07:46:06.514000',NULL,NULL,NULL),(58,'gkkcs7fmfz1xbp2jhff6csq1','plugin::users-permissions.user.findOne','2025-07-08 07:46:06.505000','2025-07-08 07:46:06.505000','2025-07-08 07:46:06.514000',NULL,NULL,NULL),(59,'am4nrqvmo0pblvvpovfalmpz','plugin::users-permissions.user.count','2025-07-08 07:46:06.505000','2025-07-08 07:46:06.505000','2025-07-08 07:46:06.514000',NULL,NULL,NULL),(60,'dahch96oxuwks3x032pizg5e','plugin::users-permissions.user.destroy','2025-07-08 07:46:06.505000','2025-07-08 07:46:06.505000','2025-07-08 07:46:06.514000',NULL,NULL,NULL),(61,'bd66jfju4pkwgpk6e3wuhzjr','plugin::users-permissions.user.me','2025-07-08 07:46:06.505000','2025-07-08 07:46:06.505000','2025-07-08 07:46:06.514000',NULL,NULL,NULL),(62,'yxlwu4n3c4bxsy4lxjpnzn2d','plugin::users-permissions.role.createRole','2025-07-08 07:46:06.505000','2025-07-08 07:46:06.505000','2025-07-08 07:46:06.514000',NULL,NULL,NULL),(63,'a14aiej40kvops7sckk00yrl','plugin::users-permissions.role.findOne','2025-07-08 07:46:06.505000','2025-07-08 07:46:06.505000','2025-07-08 07:46:06.514000',NULL,NULL,NULL),(64,'tvaisyc18py5x4ndj62oiyzb','plugin::users-permissions.role.find','2025-07-08 07:46:06.505000','2025-07-08 07:46:06.505000','2025-07-08 07:46:06.514000',NULL,NULL,NULL),(65,'ss8zpw019dsbmq9aucjkw3zx','plugin::users-permissions.role.updateRole','2025-07-08 07:46:06.505000','2025-07-08 07:46:06.505000','2025-07-08 07:46:06.515000',NULL,NULL,NULL),(66,'qfm5zi4u38cxfbh2rxksvl0j','plugin::users-permissions.role.deleteRole','2025-07-08 07:46:06.505000','2025-07-08 07:46:06.505000','2025-07-08 07:46:06.515000',NULL,NULL,NULL),(67,'tleps53p8yzskcijqxtcjner','plugin::users-permissions.permissions.getPermissions','2025-07-08 07:46:06.505000','2025-07-08 07:46:06.505000','2025-07-08 07:46:06.516000',NULL,NULL,NULL),(68,'po4xng60legjb4d6qowlgam3','api::domain.domain.find','2025-07-08 07:47:51.609000','2025-07-08 07:47:51.609000','2025-07-08 07:47:51.610000',NULL,NULL,NULL),(69,'td5pa09poy0tq3m56jrt2ivs','api::domain.domain.findOne','2025-07-08 07:47:51.609000','2025-07-08 07:47:51.609000','2025-07-08 07:47:51.610000',NULL,NULL,NULL),(70,'z6lnvi7c8lf80lpvvb02cavx','api::domain.domain.create','2025-07-08 07:47:51.609000','2025-07-08 07:47:51.609000','2025-07-08 07:47:51.610000',NULL,NULL,NULL),(71,'aner9pivj6h58p7ia5h0hg6m','api::domain.domain.update','2025-07-08 07:47:51.609000','2025-07-08 07:47:51.609000','2025-07-08 07:47:51.610000',NULL,NULL,NULL),(72,'gq9jenawipjc39p4667abji8','api::domain.domain.delete','2025-07-08 07:47:51.609000','2025-07-08 07:47:51.609000','2025-07-08 07:47:51.610000',NULL,NULL,NULL),(73,'i8bnuqxhzvlyn9ax4av5h7mx','api::network-participant.network-participant.subscribe','2025-07-08 07:47:51.609000','2025-07-08 07:47:51.609000','2025-07-08 07:47:51.610000',NULL,NULL,NULL),(74,'l1uasha2g5j87h2uce5425h4','api::user-network-subscriber.user-network-subscriber.findOne','2025-07-08 07:47:51.609000','2025-07-08 07:47:51.609000','2025-07-08 07:47:51.610000',NULL,NULL,NULL),(75,'asfwc2hte32i5tk3mjpchih9','api::user-network-subscriber.user-network-subscriber.find','2025-07-08 07:47:51.609000','2025-07-08 07:47:51.609000','2025-07-08 07:47:51.610000',NULL,NULL,NULL),(76,'djvpcyl520a08i3qn9k1v0oy','api::user-network-subscriber.user-network-subscriber.create','2025-07-08 07:47:51.609000','2025-07-08 07:47:51.609000','2025-07-08 07:47:51.610000',NULL,NULL,NULL),(77,'phwsaa5ped59o5tgbkljc28d','api::user-network-subscriber.user-network-subscriber.update','2025-07-08 07:47:51.609000','2025-07-08 07:47:51.609000','2025-07-08 07:47:51.611000',NULL,NULL,NULL),(78,'yumiiveu7qw2dksl39lzwhtz','api::user-network-subscriber.user-network-subscriber.delete','2025-07-08 07:47:51.609000','2025-07-08 07:47:51.609000','2025-07-08 07:47:51.611000',NULL,NULL,NULL),(79,'mps6ptrcql2xqtjtzw1ggfzr','plugin::content-type-builder.content-types.getContentTypes','2025-07-08 07:47:51.609000','2025-07-08 07:47:51.609000','2025-07-08 07:47:51.612000',NULL,NULL,NULL),(80,'ze1banlbk6on6w0z4mworup6','plugin::content-type-builder.content-types.getContentType','2025-07-08 07:47:51.609000','2025-07-08 07:47:51.609000','2025-07-08 07:47:51.612000',NULL,NULL,NULL),(81,'s0eukskrs8aqvbrebxv0n6si','plugin::content-type-builder.components.getComponents','2025-07-08 07:47:51.609000','2025-07-08 07:47:51.609000','2025-07-08 07:47:51.612000',NULL,NULL,NULL),(82,'lbsor3uprla6vhq65d58rv9w','plugin::content-type-builder.components.getComponent','2025-07-08 07:47:51.609000','2025-07-08 07:47:51.609000','2025-07-08 07:47:51.612000',NULL,NULL,NULL),(83,'c7fndbvm2yryxkhwzru25krk','plugin::upload.content-api.find','2025-07-08 07:47:51.609000','2025-07-08 07:47:51.609000','2025-07-08 07:47:51.612000',NULL,NULL,NULL),(84,'dkgvr1kignkrsgxy8xb3hz3e','plugin::upload.content-api.destroy','2025-07-08 07:47:51.609000','2025-07-08 07:47:51.609000','2025-07-08 07:47:51.612000',NULL,NULL,NULL),(85,'y3j1l3klytxp3v8k4nq5lyg1','plugin::upload.content-api.findOne','2025-07-08 07:47:51.609000','2025-07-08 07:47:51.609000','2025-07-08 07:47:51.612000',NULL,NULL,NULL),(86,'p5kb89lgpbtchfzz2j1fn61m','plugin::email.email.send','2025-07-08 07:47:51.609000','2025-07-08 07:47:51.609000','2025-07-08 07:47:51.612000',NULL,NULL,NULL),(87,'j050w1l16n02ecdc0ra2cxb7','plugin::i18n.locales.listLocales','2025-07-08 07:47:51.609000','2025-07-08 07:47:51.609000','2025-07-08 07:47:51.612000',NULL,NULL,NULL),(88,'jovmtprow387ue0te2s26xre','plugin::upload.content-api.upload','2025-07-08 07:47:51.609000','2025-07-08 07:47:51.609000','2025-07-08 07:47:51.612000',NULL,NULL,NULL),(89,'rqhoy9giyqfkbzcwhsphj6ub','plugin::registry.subscribers.subscribe','2025-07-08 07:47:51.609000','2025-07-08 07:47:51.609000','2025-07-08 07:47:51.612000',NULL,NULL,NULL),(90,'m6aa7hxvfronqslm8rlm3dv7','plugin::registry.subscribers.lookup','2025-07-08 07:47:51.609000','2025-07-08 07:47:51.609000','2025-07-08 07:47:51.613000',NULL,NULL,NULL),(91,'wl1bvjby91hkmrn8fy8ywlqo','plugin::registry.subscribers.loadDomains','2025-07-08 07:47:51.609000','2025-07-08 07:47:51.609000','2025-07-08 07:47:51.613000',NULL,NULL,NULL),(92,'z798wsao3wabvpdpmylv7kcb','plugin::registry.subscribers.getDomainController','2025-07-08 07:47:51.609000','2025-07-08 07:47:51.609000','2025-07-08 07:47:51.613000',NULL,NULL,NULL),(93,'m79t6n9wjdmrr6suq2axyktf','plugin::registry.subscribers.register','2025-07-08 07:47:51.609000','2025-07-08 07:47:51.609000','2025-07-08 07:47:51.614000',NULL,NULL,NULL),(94,'hc1hfa9f0y1fcmow6fafiu9t','plugin::registry.subscribers.getSubscribers','2025-07-08 07:47:51.609000','2025-07-08 07:47:51.609000','2025-07-08 07:47:51.614000',NULL,NULL,NULL),(95,'y5yy8yri3ka8nbdx01oby6q6','plugin::registry.subscribers.getSubscriber','2025-07-08 07:47:51.609000','2025-07-08 07:47:51.609000','2025-07-08 07:47:51.614000',NULL,NULL,NULL),(96,'q9ut5pysjwuk3khu82n29hpq','plugin::registry.subscribers.update','2025-07-08 07:47:51.609000','2025-07-08 07:47:51.609000','2025-07-08 07:47:51.614000',NULL,NULL,NULL),(97,'ix224c5rxcgyilm2ocv63emf','plugin::registry.subscribers.revoke','2025-07-08 07:47:51.609000','2025-07-08 07:47:51.609000','2025-07-08 07:47:51.614000',NULL,NULL,NULL),(98,'hxtphjmum6944sbwuycygsoe','plugin::registry.user.signup','2025-07-08 07:47:51.609000','2025-07-08 07:47:51.609000','2025-07-08 07:47:51.614000',NULL,NULL,NULL),(99,'yfwgw24lm28yc37rh4ai3qso','plugin::registry.user.add','2025-07-08 07:47:51.609000','2025-07-08 07:47:51.609000','2025-07-08 07:47:51.614000',NULL,NULL,NULL),(100,'l2f287i7jr9x79n2daau39i9','plugin::registry.user.me','2025-07-08 07:47:51.609000','2025-07-08 07:47:51.609000','2025-07-08 07:47:51.614000',NULL,NULL,NULL),(101,'ig6peqhcr0ft6m88dmvcjsre','plugin::registry.user.getUsers','2025-07-08 07:47:51.609000','2025-07-08 07:47:51.609000','2025-07-08 07:47:51.614000',NULL,NULL,NULL),(102,'m63rla1q596qjtbjef94lx3d','plugin::registry.user.getUser','2025-07-08 07:47:51.609000','2025-07-08 07:47:51.609000','2025-07-08 07:47:51.615000',NULL,NULL,NULL),(103,'rhnvy33o17bbacahm8dlc56o','plugin::registry.user.updateMe','2025-07-08 07:47:51.609000','2025-07-08 07:47:51.609000','2025-07-08 07:47:51.615000',NULL,NULL,NULL),(104,'snyrv8y9bbqtgogj8l5cg127','plugin::registry.user.update','2025-07-08 07:47:51.609000','2025-07-08 07:47:51.609000','2025-07-08 07:47:51.615000',NULL,NULL,NULL),(105,'shwo7h8k7twans4pn1zru8eg','plugin::registry.user.delete','2025-07-08 07:47:51.609000','2025-07-08 07:47:51.609000','2025-07-08 07:47:51.615000',NULL,NULL,NULL),(106,'a521pb97yn6wfzdiajr0hc5s','plugin::registry.auth.login','2025-07-08 07:47:51.609000','2025-07-08 07:47:51.609000','2025-07-08 07:47:51.615000',NULL,NULL,NULL),(107,'guq8i1w24qq3vh9wtrkpei3f','plugin::registry.auth.sendEmailConfirmation','2025-07-08 07:47:51.609000','2025-07-08 07:47:51.609000','2025-07-08 07:47:51.615000',NULL,NULL,NULL),(108,'msarzsp141c50k7p53d37ypq','plugin::registry.network-domain.getNetworkDomain','2025-07-08 07:47:51.609000','2025-07-08 07:47:51.609000','2025-07-08 07:47:51.615000',NULL,NULL,NULL),(109,'x469z58bexf1i9bnoaub0261','plugin::registry.auth.emailConfirmation','2025-07-08 07:47:51.609000','2025-07-08 07:47:51.609000','2025-07-08 07:47:51.615000',NULL,NULL,NULL),(110,'vb0ylipmq6mhzimra7rxqtrf','plugin::registry.network-domain.getNetworkDomains','2025-07-08 07:47:51.609000','2025-07-08 07:47:51.609000','2025-07-08 07:47:51.615000',NULL,NULL,NULL),(111,'z38ngphwklh911t99x2sbdjd','plugin::registry.network-domain.createNetworkDomain','2025-07-08 07:47:51.609000','2025-07-08 07:47:51.609000','2025-07-08 07:47:51.615000',NULL,NULL,NULL),(112,'qobz33dounnrwn5dx3rxms2o','plugin::registry.network-domain.updateNetworkDomain','2025-07-08 07:47:51.609000','2025-07-08 07:47:51.609000','2025-07-08 07:47:51.615000',NULL,NULL,NULL),(113,'c6krxvmfs29rwae1cglbe114','plugin::registry.network-domain.deleteNetworkDomain','2025-07-08 07:47:51.609000','2025-07-08 07:47:51.609000','2025-07-08 07:47:51.615000',NULL,NULL,NULL),(114,'t6a9yik1t26ewbmavtm5mlta','plugin::users-permissions.auth.callback','2025-07-08 07:47:51.609000','2025-07-08 07:47:51.609000','2025-07-08 07:47:51.616000',NULL,NULL,NULL),(115,'js2l9nkakwjxip2gl5snf7v0','plugin::users-permissions.auth.changePassword','2025-07-08 07:47:51.609000','2025-07-08 07:47:51.609000','2025-07-08 07:47:51.616000',NULL,NULL,NULL),(116,'ma1nddxwdhgiuk1igymvwuo5','plugin::users-permissions.auth.resetPassword','2025-07-08 07:47:51.609000','2025-07-08 07:47:51.609000','2025-07-08 07:47:51.616000',NULL,NULL,NULL),(117,'f4pdre8dauu4me6f8wnqlyg6','plugin::users-permissions.auth.connect','2025-07-08 07:47:51.609000','2025-07-08 07:47:51.609000','2025-07-08 07:47:51.616000',NULL,NULL,NULL),(118,'pn4ezjmgfdaonxt5usv1a6md','plugin::users-permissions.auth.register','2025-07-08 07:47:51.609000','2025-07-08 07:47:51.609000','2025-07-08 07:47:51.617000',NULL,NULL,NULL),(119,'vlub3x1abtvzq1pp2le96s5u','plugin::users-permissions.auth.forgotPassword','2025-07-08 07:47:51.609000','2025-07-08 07:47:51.609000','2025-07-08 07:47:51.616000',NULL,NULL,NULL),(120,'l8w6djeh54sta521khjocguo','plugin::users-permissions.auth.emailConfirmation','2025-07-08 07:47:51.609000','2025-07-08 07:47:51.609000','2025-07-08 07:47:51.618000',NULL,NULL,NULL),(121,'zqm22gnblufi14zg9tddkziw','plugin::users-permissions.auth.sendEmailConfirmation','2025-07-08 07:47:51.609000','2025-07-08 07:47:51.609000','2025-07-08 07:47:51.618000',NULL,NULL,NULL),(122,'nps2d9cwh7bcf2lbhezdphee','plugin::users-permissions.user.create','2025-07-08 07:47:51.609000','2025-07-08 07:47:51.609000','2025-07-08 07:47:51.618000',NULL,NULL,NULL),(123,'nq84ytvwavk5cus0q0yxcczc','plugin::users-permissions.user.find','2025-07-08 07:47:51.609000','2025-07-08 07:47:51.609000','2025-07-08 07:47:51.618000',NULL,NULL,NULL),(124,'qng8s4a694k78g41xp1lmp63','plugin::users-permissions.user.update','2025-07-08 07:47:51.609000','2025-07-08 07:47:51.609000','2025-07-08 07:47:51.618000',NULL,NULL,NULL),(125,'pa02yhj2ik7087ixc7anj7p4','plugin::users-permissions.user.findOne','2025-07-08 07:47:51.609000','2025-07-08 07:47:51.609000','2025-07-08 07:47:51.618000',NULL,NULL,NULL),(126,'d03v3ctjfspb6c0p8j9pse0h','plugin::users-permissions.user.count','2025-07-08 07:47:51.609000','2025-07-08 07:47:51.609000','2025-07-08 07:47:51.618000',NULL,NULL,NULL),(127,'m2glk2kmhre9ynkbpqnt6xwp','plugin::users-permissions.user.destroy','2025-07-08 07:47:51.609000','2025-07-08 07:47:51.609000','2025-07-08 07:47:51.618000',NULL,NULL,NULL),(128,'fyu3x5e9clfj7uyzuas3wx6h','plugin::users-permissions.user.me','2025-07-08 07:47:51.609000','2025-07-08 07:47:51.609000','2025-07-08 07:47:51.618000',NULL,NULL,NULL),(129,'sr4lbrvn0djw5onvurbwwx1c','plugin::users-permissions.role.createRole','2025-07-08 07:47:51.609000','2025-07-08 07:47:51.609000','2025-07-08 07:47:51.618000',NULL,NULL,NULL),(130,'boo4qi0zupfslnnoqqwhvlr2','plugin::users-permissions.role.findOne','2025-07-08 07:47:51.609000','2025-07-08 07:47:51.609000','2025-07-08 07:47:51.619000',NULL,NULL,NULL),(131,'vomgeluid9z78d6g5ywyg19j','plugin::users-permissions.role.updateRole','2025-07-08 07:47:51.609000','2025-07-08 07:47:51.609000','2025-07-08 07:47:51.619000',NULL,NULL,NULL),(132,'ei0or2sefi87qdw1cq5nb6rc','plugin::users-permissions.role.find','2025-07-08 07:47:51.609000','2025-07-08 07:47:51.609000','2025-07-08 07:47:51.619000',NULL,NULL,NULL),(133,'pxzk3yocuhiqc2fjzzxfvg0s','plugin::users-permissions.role.deleteRole','2025-07-08 07:47:51.609000','2025-07-08 07:47:51.609000','2025-07-08 07:47:51.619000',NULL,NULL,NULL),(134,'ztsvyosbmfyszq9jsh9s053k','plugin::users-permissions.permissions.getPermissions','2025-07-08 07:47:51.609000','2025-07-08 07:47:51.609000','2025-07-08 07:47:51.619000',NULL,NULL,NULL);
/*!40000 ALTER TABLE `strapi_api_token_permissions` ENABLE KEYS */;
UNLOCK TABLES;

--
-- Table structure for table `strapi_api_token_permissions_token_lnk`
--

DROP TABLE IF EXISTS `strapi_api_token_permissions_token_lnk`;
/*!40101 SET @saved_cs_client     = @@character_set_client */;
/*!50503 SET character_set_client = utf8mb4 */;
CREATE TABLE `strapi_api_token_permissions_token_lnk` (
  `id` int unsigned NOT NULL AUTO_INCREMENT,
  `api_token_permission_id` int unsigned DEFAULT NULL,
  `api_token_id` int unsigned DEFAULT NULL,
  `api_token_permission_ord` double unsigned DEFAULT NULL,
  PRIMARY KEY (`id`),
  UNIQUE KEY `strapi_api_token_permissions_token_lnk_uq` (`api_token_permission_id`,`api_token_id`),
  KEY `strapi_api_token_permissions_token_lnk_fk` (`api_token_permission_id`),
  KEY `strapi_api_token_permissions_token_lnk_ifk` (`api_token_id`),
  KEY `strapi_api_token_permissions_token_lnk_oifk` (`api_token_permission_ord`),
  CONSTRAINT `strapi_api_token_permissions_token_lnk_fk` FOREIGN KEY (`api_token_permission_id`) REFERENCES `strapi_api_token_permissions` (`id`) ON DELETE CASCADE,
  CONSTRAINT `strapi_api_token_permissions_token_lnk_ifk` FOREIGN KEY (`api_token_id`) REFERENCES `strapi_api_tokens` (`id`) ON DELETE CASCADE
) ENGINE=InnoDB AUTO_INCREMENT=135 DEFAULT CHARSET=utf8mb4 COLLATE=utf8mb4_0900_ai_ci;
/*!40101 SET character_set_client = @saved_cs_client */;

--
-- Dumping data for table `strapi_api_token_permissions_token_lnk`
--

LOCK TABLES `strapi_api_token_permissions_token_lnk` WRITE;
/*!40000 ALTER TABLE `strapi_api_token_permissions_token_lnk` DISABLE KEYS */;
INSERT INTO `strapi_api_token_permissions_token_lnk` VALUES (68,68,6,1),(69,69,6,1),(70,70,6,1),(71,76,6,1),(72,71,6,1),(73,73,6,1),(74,74,6,1),(75,77,6,1),(76,72,6,1),(77,75,6,1),(78,78,6,2),(79,79,6,2),(80,81,6,2),(81,82,6,2),(82,80,6,2),(83,83,6,2),(84,91,6,2),(85,85,6,2),(86,90,6,2),(87,84,6,2),(88,87,6,3),(89,92,6,3),(90,88,6,3),(91,86,6,3),(92,89,6,3),(93,95,6,3),(94,93,6,3),(95,96,6,4),(96,94,6,4),(97,97,6,4),(98,98,6,4),(99,103,6,4),(100,100,6,4),(101,105,6,5),(102,102,6,5),(103,99,6,4),(104,104,6,5),(105,101,6,5),(106,106,6,5),(107,110,6,6),(108,107,6,6),(109,109,6,6),(110,112,6,6),(111,111,6,6),(112,113,6,6),(113,108,6,6),(114,115,6,6),(115,116,6,6),(116,114,6,6),(117,121,6,7),(118,122,6,7),(119,123,6,7),(120,118,6,7),(121,120,6,7),(122,119,6,8),(123,127,6,8),(124,117,6,8),(125,125,6,8),(126,124,6,8),(127,128,6,8),(128,129,6,8),(129,126,6,8),(130,134,6,8),(131,130,6,9),(132,132,6,9),(133,131,6,9),(134,133,6,9);
/*!40000 ALTER TABLE `strapi_api_token_permissions_token_lnk` ENABLE KEYS */;
UNLOCK TABLES;

--
-- Table structure for table `strapi_api_tokens`
--

DROP TABLE IF EXISTS `strapi_api_tokens`;
/*!40101 SET @saved_cs_client     = @@character_set_client */;
/*!50503 SET character_set_client = utf8mb4 */;
CREATE TABLE `strapi_api_tokens` (
  `id` int unsigned NOT NULL AUTO_INCREMENT,
  `document_id` varchar(255) DEFAULT NULL,
  `name` varchar(255) DEFAULT NULL,
  `description` varchar(255) DEFAULT NULL,
  `type` varchar(255) DEFAULT NULL,
  `access_key` varchar(255) DEFAULT NULL,
  `last_used_at` datetime(6) DEFAULT NULL,
  `expires_at` datetime(6) DEFAULT NULL,
  `lifespan` bigint DEFAULT NULL,
  `created_at` datetime(6) DEFAULT NULL,
  `updated_at` datetime(6) DEFAULT NULL,
  `published_at` datetime(6) DEFAULT NULL,
  `created_by_id` int unsigned DEFAULT NULL,
  `updated_by_id` int unsigned DEFAULT NULL,
  `locale` varchar(255) DEFAULT NULL,
  PRIMARY KEY (`id`),
  KEY `strapi_api_tokens_documents_idx` (`document_id`,`locale`,`published_at`),
  KEY `strapi_api_tokens_created_by_id_fk` (`created_by_id`),
  KEY `strapi_api_tokens_updated_by_id_fk` (`updated_by_id`),
  CONSTRAINT `strapi_api_tokens_created_by_id_fk` FOREIGN KEY (`created_by_id`) REFERENCES `admin_users` (`id`) ON DELETE SET NULL,
  CONSTRAINT `strapi_api_tokens_updated_by_id_fk` FOREIGN KEY (`updated_by_id`) REFERENCES `admin_users` (`id`) ON DELETE SET NULL
) ENGINE=InnoDB AUTO_INCREMENT=7 DEFAULT CHARSET=utf8mb4 COLLATE=utf8mb4_0900_ai_ci;
/*!40101 SET character_set_client = @saved_cs_client */;

--
-- Dumping data for table `strapi_api_tokens`
--

LOCK TABLES `strapi_api_tokens` WRITE;
/*!40000 ALTER TABLE `strapi_api_tokens` DISABLE KEYS */;
INSERT INTO `strapi_api_tokens` VALUES (1,'kkmsefmfnsg9e0uh5r1qn2d1','Read Only','A default API token with read-only permissions, only used for accessing resources','read-only','040381f2a4104285a566151b4394c08be563d09a200e3aa1ae26c5f3a98691f99f844482af1c2944680f152a5eca026115511a04954d4ed44e6bc4e82cf8e78d',NULL,NULL,NULL,'2025-03-27 08:46:40.368000','2025-03-27 08:46:40.368000','2025-03-27 08:46:40.368000',NULL,NULL,NULL),(2,'tbev6pj3ecicbmn0011sbcbu','Full Access','A default API token with full access permissions, used for accessing or modifying resources','full-access','86db5b7492c1a9aaba31bc8f4c4f18aca7acdb5eb62fcb8864147c7ee260b50c548aa8002105900c071757993f12136c03f2dfb9e9a682ac7991c712c5ba9f0a',NULL,NULL,NULL,'2025-03-27 08:46:40.378000','2025-07-08 07:29:08.189000','2025-03-27 08:46:40.378000',NULL,NULL,NULL),(6,'htz7i2sepuw6ny7ro25iqlz8','root','root','custom','e316514d681a5324d529600db9aff5bd36e1572d3f6923625478f8f4ae9cba7bdff22a548b9c0c852ec2f1097ed6018f9ee0a4ae702c8dbd29657c497b2fa5d2',NULL,NULL,NULL,'2025-07-08 07:47:51.599000','2025-07-08 07:47:51.599000','2025-07-08 07:47:51.600000',NULL,NULL,NULL);
/*!40000 ALTER TABLE `strapi_api_tokens` ENABLE KEYS */;
UNLOCK TABLES;

--
-- Table structure for table `strapi_core_store_settings`
--

DROP TABLE IF EXISTS `strapi_core_store_settings`;
/*!40101 SET @saved_cs_client     = @@character_set_client */;
/*!50503 SET character_set_client = utf8mb4 */;
CREATE TABLE `strapi_core_store_settings` (
  `id` int unsigned NOT NULL AUTO_INCREMENT,
  `key` varchar(255) DEFAULT NULL,
  `value` longtext,
  `type` varchar(255) DEFAULT NULL,
  `environment` varchar(255) DEFAULT NULL,
  `tag` varchar(255) DEFAULT NULL,
  PRIMARY KEY (`id`)
) ENGINE=InnoDB AUTO_INCREMENT=30 DEFAULT CHARSET=utf8mb4 COLLATE=utf8mb4_0900_ai_ci;
/*!40101 SET character_set_client = @saved_cs_client */;

--
-- Dumping data for table `strapi_core_store_settings`
--

LOCK TABLES `strapi_core_store_settings` WRITE;
/*!40000 ALTER TABLE `strapi_core_store_settings` DISABLE KEYS */;
INSERT INTO `strapi_core_store_settings` VALUES (1,'strapi_content_types_schema','{\"api::domain.domain\":{\"kind\":\"collectionType\",\"collectionName\":\"domains\",\"info\":{\"singularName\":\"domain\",\"pluralName\":\"domains\",\"displayName\":\"domain\"},\"options\":{\"draftAndPublish\":true},\"attributes\":{\"name\":{\"type\":\"string\"},\"description\":{\"type\":\"string\"},\"schema_url\":{\"type\":\"string\"},\"createdAt\":{\"type\":\"datetime\"},\"updatedAt\":{\"type\":\"datetime\"},\"publishedAt\":{\"type\":\"datetime\",\"configurable\":false,\"writable\":true,\"visible\":false},\"createdBy\":{\"type\":\"relation\",\"relation\":\"oneToOne\",\"target\":\"admin::user\",\"configurable\":false,\"writable\":false,\"visible\":false,\"useJoinTable\":false,\"private\":true},\"updatedBy\":{\"type\":\"relation\",\"relation\":\"oneToOne\",\"target\":\"admin::user\",\"configurable\":false,\"writable\":false,\"visible\":false,\"useJoinTable\":false,\"private\":true},\"locale\":{\"writable\":true,\"private\":true,\"configurable\":false,\"visible\":false,\"type\":\"string\"},\"localizations\":{\"type\":\"relation\",\"relation\":\"oneToMany\",\"target\":\"api::domain.domain\",\"writable\":false,\"private\":true,\"configurable\":false,\"visible\":false,\"unstable_virtual\":true,\"joinColumn\":{\"name\":\"document_id\",\"referencedColumn\":\"document_id\",\"referencedTable\":\"domains\"}}},\"apiName\":\"domain\",\"globalId\":\"Domain\",\"uid\":\"api::domain.domain\",\"modelType\":\"contentType\",\"__schema__\":{\"collectionName\":\"domains\",\"info\":{\"singularName\":\"domain\",\"pluralName\":\"domains\",\"displayName\":\"domain\"},\"options\":{\"draftAndPublish\":true},\"attributes\":{\"name\":{\"type\":\"string\"},\"description\":{\"type\":\"string\"},\"schema_url\":{\"type\":\"string\"}},\"kind\":\"collectionType\"},\"modelName\":\"domain\",\"actions\":{},\"lifecycles\":{}},\"api::user-network-subscriber.user-network-subscriber\":{\"kind\":\"collectionType\",\"collectionName\":\"user_network_subscribers\",\"info\":{\"singularName\":\"user-network-subscriber\",\"pluralName\":\"user-network-subscribers\",\"displayName\":\"User Network Subscriber\"},\"options\":{\"draftAndPublish\":true},\"attributes\":{\"user\":{\"type\":\"relation\",\"relation\":\"oneToOne\",\"target\":\"plugin::users-permissions.user\"},\"record_id\":{\"type\":\"string\"},\"record_name\":{\"type\":\"string\"},\"createdAt\":{\"type\":\"datetime\"},\"updatedAt\":{\"type\":\"datetime\"},\"publishedAt\":{\"type\":\"datetime\",\"configurable\":false,\"writable\":true,\"visible\":false},\"createdBy\":{\"type\":\"relation\",\"relation\":\"oneToOne\",\"target\":\"admin::user\",\"configurable\":false,\"writable\":false,\"visible\":false,\"useJoinTable\":false,\"private\":true},\"updatedBy\":{\"type\":\"relation\",\"relation\":\"oneToOne\",\"target\":\"admin::user\",\"configurable\":false,\"writable\":false,\"visible\":false,\"useJoinTable\":false,\"private\":true},\"locale\":{\"writable\":true,\"private\":true,\"configurable\":false,\"visible\":false,\"type\":\"string\"},\"localizations\":{\"type\":\"relation\",\"relation\":\"oneToMany\",\"target\":\"api::user-network-subscriber.user-network-subscriber\",\"writable\":false,\"private\":true,\"configurable\":false,\"visible\":false,\"unstable_virtual\":true,\"joinColumn\":{\"name\":\"document_id\",\"referencedColumn\":\"document_id\",\"referencedTable\":\"user_network_subscribers\"}}},\"apiName\":\"user-network-subscriber\",\"globalId\":\"UserNetworkSubscriber\",\"uid\":\"api::user-network-subscriber.user-network-subscriber\",\"modelType\":\"contentType\",\"__schema__\":{\"collectionName\":\"user_network_subscribers\",\"info\":{\"singularName\":\"user-network-subscriber\",\"pluralName\":\"user-network-subscribers\",\"displayName\":\"User Network Subscriber\"},\"options\":{\"draftAndPublish\":true},\"attributes\":{\"user\":{\"type\":\"relation\",\"relation\":\"oneToOne\",\"target\":\"plugin::users-permissions.user\"},\"record_id\":{\"type\":\"string\"},\"record_name\":{\"type\":\"string\"}},\"kind\":\"collectionType\"},\"modelName\":\"user-network-subscriber\",\"actions\":{},\"lifecycles\":{}},\"plugin::upload.file\":{\"collectionName\":\"files\",\"info\":{\"singularName\":\"file\",\"pluralName\":\"files\",\"displayName\":\"File\",\"description\":\"\"},\"options\":{\"draftAndPublish\":false},\"pluginOptions\":{\"content-manager\":{\"visible\":false},\"content-type-builder\":{\"visible\":false}},\"attributes\":{\"name\":{\"type\":\"string\",\"configurable\":false,\"required\":true},\"alternativeText\":{\"type\":\"string\",\"configurable\":false},\"caption\":{\"type\":\"string\",\"configurable\":false},\"width\":{\"type\":\"integer\",\"configurable\":false},\"height\":{\"type\":\"integer\",\"configurable\":false},\"formats\":{\"type\":\"json\",\"configurable\":false},\"hash\":{\"type\":\"string\",\"configurable\":false,\"required\":true},\"ext\":{\"type\":\"string\",\"configurable\":false},\"mime\":{\"type\":\"string\",\"configurable\":false,\"required\":true},\"size\":{\"type\":\"decimal\",\"configurable\":false,\"required\":true},\"url\":{\"type\":\"string\",\"configurable\":false,\"required\":true},\"previewUrl\":{\"type\":\"string\",\"configurable\":false},\"provider\":{\"type\":\"string\",\"configurable\":false,\"required\":true},\"provider_metadata\":{\"type\":\"json\",\"configurable\":false},\"related\":{\"type\":\"relation\",\"relation\":\"morphToMany\",\"configurable\":false},\"folder\":{\"type\":\"relation\",\"relation\":\"manyToOne\",\"target\":\"plugin::upload.folder\",\"inversedBy\":\"files\",\"private\":true},\"folderPath\":{\"type\":\"string\",\"minLength\":1,\"required\":true,\"private\":true,\"searchable\":false},\"createdAt\":{\"type\":\"datetime\"},\"updatedAt\":{\"type\":\"datetime\"},\"publishedAt\":{\"type\":\"datetime\",\"configurable\":false,\"writable\":true,\"visible\":false},\"createdBy\":{\"type\":\"relation\",\"relation\":\"oneToOne\",\"target\":\"admin::user\",\"configurable\":false,\"writable\":false,\"visible\":false,\"useJoinTable\":false,\"private\":true},\"updatedBy\":{\"type\":\"relation\",\"relation\":\"oneToOne\",\"target\":\"admin::user\",\"configurable\":false,\"writable\":false,\"visible\":false,\"useJoinTable\":false,\"private\":true},\"locale\":{\"writable\":true,\"private\":true,\"configurable\":false,\"visible\":false,\"type\":\"string\"},\"localizations\":{\"type\":\"relation\",\"relation\":\"oneToMany\",\"target\":\"plugin::upload.file\",\"writable\":false,\"private\":true,\"configurable\":false,\"visible\":false,\"unstable_virtual\":true,\"joinColumn\":{\"name\":\"document_id\",\"referencedColumn\":\"document_id\",\"referencedTable\":\"files\"}}},\"indexes\":[{\"name\":\"upload_files_folder_path_index\",\"columns\":[\"folder_path\"],\"type\":null},{\"name\":\"upload_files_created_at_index\",\"columns\":[\"created_at\"],\"type\":null},{\"name\":\"upload_files_updated_at_index\",\"columns\":[\"updated_at\"],\"type\":null},{\"name\":\"upload_files_name_index\",\"columns\":[\"name\"],\"type\":null},{\"name\":\"upload_files_size_index\",\"columns\":[\"size\"],\"type\":null},{\"name\":\"upload_files_ext_index\",\"columns\":[\"ext\"],\"type\":null}],\"plugin\":\"upload\",\"globalId\":\"UploadFile\",\"uid\":\"plugin::upload.file\",\"modelType\":\"contentType\",\"kind\":\"collectionType\",\"__schema__\":{\"collectionName\":\"files\",\"info\":{\"singularName\":\"file\",\"pluralName\":\"files\",\"displayName\":\"File\",\"description\":\"\"},\"options\":{},\"pluginOptions\":{\"content-manager\":{\"visible\":false},\"content-type-builder\":{\"visible\":false}},\"attributes\":{\"name\":{\"type\":\"string\",\"configurable\":false,\"required\":true},\"alternativeText\":{\"type\":\"string\",\"configurable\":false},\"caption\":{\"type\":\"string\",\"configurable\":false},\"width\":{\"type\":\"integer\",\"configurable\":false},\"height\":{\"type\":\"integer\",\"configurable\":false},\"formats\":{\"type\":\"json\",\"configurable\":false},\"hash\":{\"type\":\"string\",\"configurable\":false,\"required\":true},\"ext\":{\"type\":\"string\",\"configurable\":false},\"mime\":{\"type\":\"string\",\"configurable\":false,\"required\":true},\"size\":{\"type\":\"decimal\",\"configurable\":false,\"required\":true},\"url\":{\"type\":\"string\",\"configurable\":false,\"required\":true},\"previewUrl\":{\"type\":\"string\",\"configurable\":false},\"provider\":{\"type\":\"string\",\"configurable\":false,\"required\":true},\"provider_metadata\":{\"type\":\"json\",\"configurable\":false},\"related\":{\"type\":\"relation\",\"relation\":\"morphToMany\",\"configurable\":false},\"folder\":{\"type\":\"relation\",\"relation\":\"manyToOne\",\"target\":\"plugin::upload.folder\",\"inversedBy\":\"files\",\"private\":true},\"folderPath\":{\"type\":\"string\",\"minLength\":1,\"required\":true,\"private\":true,\"searchable\":false}},\"kind\":\"collectionType\"},\"modelName\":\"file\"},\"plugin::upload.folder\":{\"collectionName\":\"upload_folders\",\"info\":{\"singularName\":\"folder\",\"pluralName\":\"folders\",\"displayName\":\"Folder\"},\"options\":{\"draftAndPublish\":false},\"pluginOptions\":{\"content-manager\":{\"visible\":false},\"content-type-builder\":{\"visible\":false}},\"attributes\":{\"name\":{\"type\":\"string\",\"minLength\":1,\"required\":true},\"pathId\":{\"type\":\"integer\",\"unique\":true,\"required\":true},\"parent\":{\"type\":\"relation\",\"relation\":\"manyToOne\",\"target\":\"plugin::upload.folder\",\"inversedBy\":\"children\"},\"children\":{\"type\":\"relation\",\"relation\":\"oneToMany\",\"target\":\"plugin::upload.folder\",\"mappedBy\":\"parent\"},\"files\":{\"type\":\"relation\",\"relation\":\"oneToMany\",\"target\":\"plugin::upload.file\",\"mappedBy\":\"folder\"},\"path\":{\"type\":\"string\",\"minLength\":1,\"required\":true},\"createdAt\":{\"type\":\"datetime\"},\"updatedAt\":{\"type\":\"datetime\"},\"publishedAt\":{\"type\":\"datetime\",\"configurable\":false,\"writable\":true,\"visible\":false},\"createdBy\":{\"type\":\"relation\",\"relation\":\"oneToOne\",\"target\":\"admin::user\",\"configurable\":false,\"writable\":false,\"visible\":false,\"useJoinTable\":false,\"private\":true},\"updatedBy\":{\"type\":\"relation\",\"relation\":\"oneToOne\",\"target\":\"admin::user\",\"configurable\":false,\"writable\":false,\"visible\":false,\"useJoinTable\":false,\"private\":true},\"locale\":{\"writable\":true,\"private\":true,\"configurable\":false,\"visible\":false,\"type\":\"string\"},\"localizations\":{\"type\":\"relation\",\"relation\":\"oneToMany\",\"target\":\"plugin::upload.folder\",\"writable\":false,\"private\":true,\"configurable\":false,\"visible\":false,\"unstable_virtual\":true,\"joinColumn\":{\"name\":\"document_id\",\"referencedColumn\":\"document_id\",\"referencedTable\":\"upload_folders\"}}},\"indexes\":[{\"name\":\"upload_folders_path_id_index\",\"columns\":[\"path_id\"],\"type\":\"unique\"},{\"name\":\"upload_folders_path_index\",\"columns\":[\"path\"],\"type\":\"unique\"}],\"plugin\":\"upload\",\"globalId\":\"UploadFolder\",\"uid\":\"plugin::upload.folder\",\"modelType\":\"contentType\",\"kind\":\"collectionType\",\"__schema__\":{\"collectionName\":\"upload_folders\",\"info\":{\"singularName\":\"folder\",\"pluralName\":\"folders\",\"displayName\":\"Folder\"},\"options\":{},\"pluginOptions\":{\"content-manager\":{\"visible\":false},\"content-type-builder\":{\"visible\":false}},\"attributes\":{\"name\":{\"type\":\"string\",\"minLength\":1,\"required\":true},\"pathId\":{\"type\":\"integer\",\"unique\":true,\"required\":true},\"parent\":{\"type\":\"relation\",\"relation\":\"manyToOne\",\"target\":\"plugin::upload.folder\",\"inversedBy\":\"children\"},\"children\":{\"type\":\"relation\",\"relation\":\"oneToMany\",\"target\":\"plugin::upload.folder\",\"mappedBy\":\"parent\"},\"files\":{\"type\":\"relation\",\"relation\":\"oneToMany\",\"target\":\"plugin::upload.file\",\"mappedBy\":\"folder\"},\"path\":{\"type\":\"string\",\"minLength\":1,\"required\":true}},\"kind\":\"collectionType\"},\"modelName\":\"folder\"},\"plugin::i18n.locale\":{\"info\":{\"singularName\":\"locale\",\"pluralName\":\"locales\",\"collectionName\":\"locales\",\"displayName\":\"Locale\",\"description\":\"\"},\"options\":{\"draftAndPublish\":false},\"pluginOptions\":{\"content-manager\":{\"visible\":false},\"content-type-builder\":{\"visible\":false}},\"attributes\":{\"name\":{\"type\":\"string\",\"min\":1,\"max\":50,\"configurable\":false},\"code\":{\"type\":\"string\",\"unique\":true,\"configurable\":false},\"createdAt\":{\"type\":\"datetime\"},\"updatedAt\":{\"type\":\"datetime\"},\"publishedAt\":{\"type\":\"datetime\",\"configurable\":false,\"writable\":true,\"visible\":false},\"createdBy\":{\"type\":\"relation\",\"relation\":\"oneToOne\",\"target\":\"admin::user\",\"configurable\":false,\"writable\":false,\"visible\":false,\"useJoinTable\":false,\"private\":true},\"updatedBy\":{\"type\":\"relation\",\"relation\":\"oneToOne\",\"target\":\"admin::user\",\"configurable\":false,\"writable\":false,\"visible\":false,\"useJoinTable\":false,\"private\":true},\"locale\":{\"writable\":true,\"private\":true,\"configurable\":false,\"visible\":false,\"type\":\"string\"},\"localizations\":{\"type\":\"relation\",\"relation\":\"oneToMany\",\"target\":\"plugin::i18n.locale\",\"writable\":false,\"private\":true,\"configurable\":false,\"visible\":false,\"unstable_virtual\":true,\"joinColumn\":{\"name\":\"document_id\",\"referencedColumn\":\"document_id\",\"referencedTable\":\"i18n_locale\"}}},\"plugin\":\"i18n\",\"collectionName\":\"i18n_locale\",\"globalId\":\"I18NLocale\",\"uid\":\"plugin::i18n.locale\",\"modelType\":\"contentType\",\"kind\":\"collectionType\",\"__schema__\":{\"collectionName\":\"i18n_locale\",\"info\":{\"singularName\":\"locale\",\"pluralName\":\"locales\",\"collectionName\":\"locales\",\"displayName\":\"Locale\",\"description\":\"\"},\"options\":{},\"pluginOptions\":{\"content-manager\":{\"visible\":false},\"content-type-builder\":{\"visible\":false}},\"attributes\":{\"name\":{\"type\":\"string\",\"min\":1,\"max\":50,\"configurable\":false},\"code\":{\"type\":\"string\",\"unique\":true,\"configurable\":false}},\"kind\":\"collectionType\"},\"modelName\":\"locale\"},\"plugin::content-releases.release\":{\"collectionName\":\"strapi_releases\",\"info\":{\"singularName\":\"release\",\"pluralName\":\"releases\",\"displayName\":\"Release\"},\"options\":{\"draftAndPublish\":false},\"pluginOptions\":{\"content-manager\":{\"visible\":false},\"content-type-builder\":{\"visible\":false}},\"attributes\":{\"name\":{\"type\":\"string\",\"required\":true},\"releasedAt\":{\"type\":\"datetime\"},\"scheduledAt\":{\"type\":\"datetime\"},\"timezone\":{\"type\":\"string\"},\"status\":{\"type\":\"enumeration\",\"enum\":[\"ready\",\"blocked\",\"failed\",\"done\",\"empty\"],\"required\":true},\"actions\":{\"type\":\"relation\",\"relation\":\"oneToMany\",\"target\":\"plugin::content-releases.release-action\",\"mappedBy\":\"release\"},\"createdAt\":{\"type\":\"datetime\"},\"updatedAt\":{\"type\":\"datetime\"},\"publishedAt\":{\"type\":\"datetime\",\"configurable\":false,\"writable\":true,\"visible\":false},\"createdBy\":{\"type\":\"relation\",\"relation\":\"oneToOne\",\"target\":\"admin::user\",\"configurable\":false,\"writable\":false,\"visible\":false,\"useJoinTable\":false,\"private\":true},\"updatedBy\":{\"type\":\"relation\",\"relation\":\"oneToOne\",\"target\":\"admin::user\",\"configurable\":false,\"writable\":false,\"visible\":false,\"useJoinTable\":false,\"private\":true},\"locale\":{\"writable\":true,\"private\":true,\"configurable\":false,\"visible\":false,\"type\":\"string\"},\"localizations\":{\"type\":\"relation\",\"relation\":\"oneToMany\",\"target\":\"plugin::content-releases.release\",\"writable\":false,\"private\":true,\"configurable\":false,\"visible\":false,\"unstable_virtual\":true,\"joinColumn\":{\"name\":\"document_id\",\"referencedColumn\":\"document_id\",\"referencedTable\":\"strapi_releases\"}}},\"plugin\":\"content-releases\",\"globalId\":\"ContentReleasesRelease\",\"uid\":\"plugin::content-releases.release\",\"modelType\":\"contentType\",\"kind\":\"collectionType\",\"__schema__\":{\"collectionName\":\"strapi_releases\",\"info\":{\"singularName\":\"release\",\"pluralName\":\"releases\",\"displayName\":\"Release\"},\"options\":{\"draftAndPublish\":false},\"pluginOptions\":{\"content-manager\":{\"visible\":false},\"content-type-builder\":{\"visible\":false}},\"attributes\":{\"name\":{\"type\":\"string\",\"required\":true},\"releasedAt\":{\"type\":\"datetime\"},\"scheduledAt\":{\"type\":\"datetime\"},\"timezone\":{\"type\":\"string\"},\"status\":{\"type\":\"enumeration\",\"enum\":[\"ready\",\"blocked\",\"failed\",\"done\",\"empty\"],\"required\":true},\"actions\":{\"type\":\"relation\",\"relation\":\"oneToMany\",\"target\":\"plugin::content-releases.release-action\",\"mappedBy\":\"release\"}},\"kind\":\"collectionType\"},\"modelName\":\"release\"},\"plugin::content-releases.release-action\":{\"collectionName\":\"strapi_release_actions\",\"info\":{\"singularName\":\"release-action\",\"pluralName\":\"release-actions\",\"displayName\":\"Release Action\"},\"options\":{\"draftAndPublish\":false},\"pluginOptions\":{\"content-manager\":{\"visible\":false},\"content-type-builder\":{\"visible\":false}},\"attributes\":{\"type\":{\"type\":\"enumeration\",\"enum\":[\"publish\",\"unpublish\"],\"required\":true},\"contentType\":{\"type\":\"string\",\"required\":true},\"entryDocumentId\":{\"type\":\"string\"},\"locale\":{\"writable\":true,\"private\":true,\"configurable\":false,\"visible\":false,\"type\":\"string\"},\"release\":{\"type\":\"relation\",\"relation\":\"manyToOne\",\"target\":\"plugin::content-releases.release\",\"inversedBy\":\"actions\"},\"isEntryValid\":{\"type\":\"boolean\"},\"createdAt\":{\"type\":\"datetime\"},\"updatedAt\":{\"type\":\"datetime\"},\"publishedAt\":{\"type\":\"datetime\",\"configurable\":false,\"writable\":true,\"visible\":false},\"createdBy\":{\"type\":\"relation\",\"relation\":\"oneToOne\",\"target\":\"admin::user\",\"configurable\":false,\"writable\":false,\"visible\":false,\"useJoinTable\":false,\"private\":true},\"updatedBy\":{\"type\":\"relation\",\"relation\":\"oneToOne\",\"target\":\"admin::user\",\"configurable\":false,\"writable\":false,\"visible\":false,\"useJoinTable\":false,\"private\":true},\"localizations\":{\"type\":\"relation\",\"relation\":\"oneToMany\",\"target\":\"plugin::content-releases.release-action\",\"writable\":false,\"private\":true,\"configurable\":false,\"visible\":false,\"unstable_virtual\":true,\"joinColumn\":{\"name\":\"document_id\",\"referencedColumn\":\"document_id\",\"referencedTable\":\"strapi_release_actions\"}}},\"plugin\":\"content-releases\",\"globalId\":\"ContentReleasesReleaseAction\",\"uid\":\"plugin::content-releases.release-action\",\"modelType\":\"contentType\",\"kind\":\"collectionType\",\"__schema__\":{\"collectionName\":\"strapi_release_actions\",\"info\":{\"singularName\":\"release-action\",\"pluralName\":\"release-actions\",\"displayName\":\"Release Action\"},\"options\":{\"draftAndPublish\":false},\"pluginOptions\":{\"content-manager\":{\"visible\":false},\"content-type-builder\":{\"visible\":false}},\"attributes\":{\"type\":{\"type\":\"enumeration\",\"enum\":[\"publish\",\"unpublish\"],\"required\":true},\"contentType\":{\"type\":\"string\",\"required\":true},\"entryDocumentId\":{\"type\":\"string\"},\"locale\":{\"type\":\"string\"},\"release\":{\"type\":\"relation\",\"relation\":\"manyToOne\",\"target\":\"plugin::content-releases.release\",\"inversedBy\":\"actions\"},\"isEntryValid\":{\"type\":\"boolean\"}},\"kind\":\"collectionType\"},\"modelName\":\"release-action\"},\"plugin::review-workflows.workflow\":{\"collectionName\":\"strapi_workflows\",\"info\":{\"name\":\"Workflow\",\"description\":\"\",\"singularName\":\"workflow\",\"pluralName\":\"workflows\",\"displayName\":\"Workflow\"},\"options\":{\"draftAndPublish\":false},\"pluginOptions\":{\"content-manager\":{\"visible\":false},\"content-type-builder\":{\"visible\":false}},\"attributes\":{\"name\":{\"type\":\"string\",\"required\":true,\"unique\":true},\"stages\":{\"type\":\"relation\",\"target\":\"plugin::review-workflows.workflow-stage\",\"relation\":\"oneToMany\",\"mappedBy\":\"workflow\"},\"stageRequiredToPublish\":{\"type\":\"relation\",\"target\":\"plugin::review-workflows.workflow-stage\",\"relation\":\"oneToOne\",\"required\":false},\"contentTypes\":{\"type\":\"json\",\"required\":true,\"default\":\"[]\"},\"createdAt\":{\"type\":\"datetime\"},\"updatedAt\":{\"type\":\"datetime\"},\"publishedAt\":{\"type\":\"datetime\",\"configurable\":false,\"writable\":true,\"visible\":false},\"createdBy\":{\"type\":\"relation\",\"relation\":\"oneToOne\",\"target\":\"admin::user\",\"configurable\":false,\"writable\":false,\"visible\":false,\"useJoinTable\":false,\"private\":true},\"updatedBy\":{\"type\":\"relation\",\"relation\":\"oneToOne\",\"target\":\"admin::user\",\"configurable\":false,\"writable\":false,\"visible\":false,\"useJoinTable\":false,\"private\":true},\"locale\":{\"writable\":true,\"private\":true,\"configurable\":false,\"visible\":false,\"type\":\"string\"},\"localizations\":{\"type\":\"relation\",\"relation\":\"oneToMany\",\"target\":\"plugin::review-workflows.workflow\",\"writable\":false,\"private\":true,\"configurable\":false,\"visible\":false,\"unstable_virtual\":true,\"joinColumn\":{\"name\":\"document_id\",\"referencedColumn\":\"document_id\",\"referencedTable\":\"strapi_workflows\"}}},\"plugin\":\"review-workflows\",\"globalId\":\"ReviewWorkflowsWorkflow\",\"uid\":\"plugin::review-workflows.workflow\",\"modelType\":\"contentType\",\"kind\":\"collectionType\",\"__schema__\":{\"collectionName\":\"strapi_workflows\",\"info\":{\"name\":\"Workflow\",\"description\":\"\",\"singularName\":\"workflow\",\"pluralName\":\"workflows\",\"displayName\":\"Workflow\"},\"options\":{},\"pluginOptions\":{\"content-manager\":{\"visible\":false},\"content-type-builder\":{\"visible\":false}},\"attributes\":{\"name\":{\"type\":\"string\",\"required\":true,\"unique\":true},\"stages\":{\"type\":\"relation\",\"target\":\"plugin::review-workflows.workflow-stage\",\"relation\":\"oneToMany\",\"mappedBy\":\"workflow\"},\"stageRequiredToPublish\":{\"type\":\"relation\",\"target\":\"plugin::review-workflows.workflow-stage\",\"relation\":\"oneToOne\",\"required\":false},\"contentTypes\":{\"type\":\"json\",\"required\":true,\"default\":\"[]\"}},\"kind\":\"collectionType\"},\"modelName\":\"workflow\"},\"plugin::review-workflows.workflow-stage\":{\"collectionName\":\"strapi_workflows_stages\",\"info\":{\"name\":\"Workflow Stage\",\"description\":\"\",\"singularName\":\"workflow-stage\",\"pluralName\":\"workflow-stages\",\"displayName\":\"Stages\"},\"options\":{\"version\":\"1.1.0\",\"draftAndPublish\":false},\"pluginOptions\":{\"content-manager\":{\"visible\":false},\"content-type-builder\":{\"visible\":false}},\"attributes\":{\"name\":{\"type\":\"string\",\"configurable\":false},\"color\":{\"type\":\"string\",\"configurable\":false,\"default\":\"#4945FF\"},\"workflow\":{\"type\":\"relation\",\"target\":\"plugin::review-workflows.workflow\",\"relation\":\"manyToOne\",\"inversedBy\":\"stages\",\"configurable\":false},\"permissions\":{\"type\":\"relation\",\"target\":\"admin::permission\",\"relation\":\"manyToMany\",\"configurable\":false},\"createdAt\":{\"type\":\"datetime\"},\"updatedAt\":{\"type\":\"datetime\"},\"publishedAt\":{\"type\":\"datetime\",\"configurable\":false,\"writable\":true,\"visible\":false},\"createdBy\":{\"type\":\"relation\",\"relation\":\"oneToOne\",\"target\":\"admin::user\",\"configurable\":false,\"writable\":false,\"visible\":false,\"useJoinTable\":false,\"private\":true},\"updatedBy\":{\"type\":\"relation\",\"relation\":\"oneToOne\",\"target\":\"admin::user\",\"configurable\":false,\"writable\":false,\"visible\":false,\"useJoinTable\":false,\"private\":true},\"locale\":{\"writable\":true,\"private\":true,\"configurable\":false,\"visible\":false,\"type\":\"string\"},\"localizations\":{\"type\":\"relation\",\"relation\":\"oneToMany\",\"target\":\"plugin::review-workflows.workflow-stage\",\"writable\":false,\"private\":true,\"configurable\":false,\"visible\":false,\"unstable_virtual\":true,\"joinColumn\":{\"name\":\"document_id\",\"referencedColumn\":\"document_id\",\"referencedTable\":\"strapi_workflows_stages\"}}},\"plugin\":\"review-workflows\",\"globalId\":\"ReviewWorkflowsWorkflowStage\",\"uid\":\"plugin::review-workflows.workflow-stage\",\"modelType\":\"contentType\",\"kind\":\"collectionType\",\"__schema__\":{\"collectionName\":\"strapi_workflows_stages\",\"info\":{\"name\":\"Workflow Stage\",\"description\":\"\",\"singularName\":\"workflow-stage\",\"pluralName\":\"workflow-stages\",\"displayName\":\"Stages\"},\"options\":{\"version\":\"1.1.0\"},\"pluginOptions\":{\"content-manager\":{\"visible\":false},\"content-type-builder\":{\"visible\":false}},\"attributes\":{\"name\":{\"type\":\"string\",\"configurable\":false},\"color\":{\"type\":\"string\",\"configurable\":false,\"default\":\"#4945FF\"},\"workflow\":{\"type\":\"relation\",\"target\":\"plugin::review-workflows.workflow\",\"relation\":\"manyToOne\",\"inversedBy\":\"stages\",\"configurable\":false},\"permissions\":{\"type\":\"relation\",\"target\":\"admin::permission\",\"relation\":\"manyToMany\",\"configurable\":false}},\"kind\":\"collectionType\"},\"modelName\":\"workflow-stage\"},\"plugin::users-permissions.permission\":{\"collectionName\":\"up_permissions\",\"info\":{\"name\":\"permission\",\"description\":\"\",\"singularName\":\"permission\",\"pluralName\":\"permissions\",\"displayName\":\"Permission\"},\"pluginOptions\":{\"content-manager\":{\"visible\":false},\"content-type-builder\":{\"visible\":false}},\"attributes\":{\"action\":{\"type\":\"string\",\"required\":true,\"configurable\":false},\"role\":{\"type\":\"relation\",\"relation\":\"manyToOne\",\"target\":\"plugin::users-permissions.role\",\"inversedBy\":\"permissions\",\"configurable\":false},\"createdAt\":{\"type\":\"datetime\"},\"updatedAt\":{\"type\":\"datetime\"},\"publishedAt\":{\"type\":\"datetime\",\"configurable\":false,\"writable\":true,\"visible\":false},\"createdBy\":{\"type\":\"relation\",\"relation\":\"oneToOne\",\"target\":\"admin::user\",\"configurable\":false,\"writable\":false,\"visible\":false,\"useJoinTable\":false,\"private\":true},\"updatedBy\":{\"type\":\"relation\",\"relation\":\"oneToOne\",\"target\":\"admin::user\",\"configurable\":false,\"writable\":false,\"visible\":false,\"useJoinTable\":false,\"private\":true},\"locale\":{\"writable\":true,\"private\":true,\"configurable\":false,\"visible\":false,\"type\":\"string\"},\"localizations\":{\"type\":\"relation\",\"relation\":\"oneToMany\",\"target\":\"plugin::users-permissions.permission\",\"writable\":false,\"private\":true,\"configurable\":false,\"visible\":false,\"unstable_virtual\":true,\"joinColumn\":{\"name\":\"document_id\",\"referencedColumn\":\"document_id\",\"referencedTable\":\"up_permissions\"}}},\"plugin\":\"users-permissions\",\"globalId\":\"UsersPermissionsPermission\",\"uid\":\"plugin::users-permissions.permission\",\"modelType\":\"contentType\",\"kind\":\"collectionType\",\"__schema__\":{\"collectionName\":\"up_permissions\",\"info\":{\"name\":\"permission\",\"description\":\"\",\"singularName\":\"permission\",\"pluralName\":\"permissions\",\"displayName\":\"Permission\"},\"pluginOptions\":{\"content-manager\":{\"visible\":false},\"content-type-builder\":{\"visible\":false}},\"attributes\":{\"action\":{\"type\":\"string\",\"required\":true,\"configurable\":false},\"role\":{\"type\":\"relation\",\"relation\":\"manyToOne\",\"target\":\"plugin::users-permissions.role\",\"inversedBy\":\"permissions\",\"configurable\":false}},\"kind\":\"collectionType\"},\"modelName\":\"permission\",\"options\":{\"draftAndPublish\":false}},\"plugin::users-permissions.role\":{\"collectionName\":\"up_roles\",\"info\":{\"name\":\"role\",\"description\":\"\",\"singularName\":\"role\",\"pluralName\":\"roles\",\"displayName\":\"Role\"},\"pluginOptions\":{\"content-manager\":{\"visible\":false},\"content-type-builder\":{\"visible\":false}},\"attributes\":{\"name\":{\"type\":\"string\",\"minLength\":3,\"required\":true,\"configurable\":false},\"description\":{\"type\":\"string\",\"configurable\":false},\"type\":{\"type\":\"string\",\"unique\":true,\"configurable\":false},\"permissions\":{\"type\":\"relation\",\"relation\":\"oneToMany\",\"target\":\"plugin::users-permissions.permission\",\"mappedBy\":\"role\",\"configurable\":false},\"users\":{\"type\":\"relation\",\"relation\":\"oneToMany\",\"target\":\"plugin::users-permissions.user\",\"mappedBy\":\"role\",\"configurable\":false},\"createdAt\":{\"type\":\"datetime\"},\"updatedAt\":{\"type\":\"datetime\"},\"publishedAt\":{\"type\":\"datetime\",\"configurable\":false,\"writable\":true,\"visible\":false},\"createdBy\":{\"type\":\"relation\",\"relation\":\"oneToOne\",\"target\":\"admin::user\",\"configurable\":false,\"writable\":false,\"visible\":false,\"useJoinTable\":false,\"private\":true},\"updatedBy\":{\"type\":\"relation\",\"relation\":\"oneToOne\",\"target\":\"admin::user\",\"configurable\":false,\"writable\":false,\"visible\":false,\"useJoinTable\":false,\"private\":true},\"locale\":{\"writable\":true,\"private\":true,\"configurable\":false,\"visible\":false,\"type\":\"string\"},\"localizations\":{\"type\":\"relation\",\"relation\":\"oneToMany\",\"target\":\"plugin::users-permissions.role\",\"writable\":false,\"private\":true,\"configurable\":false,\"visible\":false,\"unstable_virtual\":true,\"joinColumn\":{\"name\":\"document_id\",\"referencedColumn\":\"document_id\",\"referencedTable\":\"up_roles\"}}},\"plugin\":\"users-permissions\",\"globalId\":\"UsersPermissionsRole\",\"uid\":\"plugin::users-permissions.role\",\"modelType\":\"contentType\",\"kind\":\"collectionType\",\"__schema__\":{\"collectionName\":\"up_roles\",\"info\":{\"name\":\"role\",\"description\":\"\",\"singularName\":\"role\",\"pluralName\":\"roles\",\"displayName\":\"Role\"},\"pluginOptions\":{\"content-manager\":{\"visible\":false},\"content-type-builder\":{\"visible\":false}},\"attributes\":{\"name\":{\"type\":\"string\",\"minLength\":3,\"required\":true,\"configurable\":false},\"description\":{\"type\":\"string\",\"configurable\":false},\"type\":{\"type\":\"string\",\"unique\":true,\"configurable\":false},\"permissions\":{\"type\":\"relation\",\"relation\":\"oneToMany\",\"target\":\"plugin::users-permissions.permission\",\"mappedBy\":\"role\",\"configurable\":false},\"users\":{\"type\":\"relation\",\"relation\":\"oneToMany\",\"target\":\"plugin::users-permissions.user\",\"mappedBy\":\"role\",\"configurable\":false}},\"kind\":\"collectionType\"},\"modelName\":\"role\",\"options\":{\"draftAndPublish\":false}},\"plugin::users-permissions.user\":{\"collectionName\":\"up_users\",\"info\":{\"name\":\"user\",\"description\":\"\",\"singularName\":\"user\",\"pluralName\":\"users\",\"displayName\":\"User\"},\"options\":{\"draftAndPublish\":false},\"attributes\":{\"username\":{\"type\":\"string\",\"minLength\":3,\"unique\":true,\"configurable\":false,\"required\":true},\"password\":{\"type\":\"password\",\"minLength\":6,\"configurable\":false,\"private\":true,\"searchable\":false},\"email\":{\"type\":\"email\",\"minLength\":6,\"configurable\":false,\"required\":true},\"emailVerified\":{\"type\":\"boolean\",\"default\":false,\"configurable\":false},\"blocked\":{\"type\":\"boolean\",\"default\":false,\"configurable\":false},\"role\":{\"type\":\"relation\",\"relation\":\"manyToOne\",\"target\":\"plugin::users-permissions.role\",\"inversedBy\":\"users\",\"configurable\":false},\"verificationToken\":{\"type\":\"string\",\"configurable\":false,\"private\":true,\"searchable\":false},\"fullName\":{\"type\":\"string\"},\"phoneNumber\":{\"type\":\"string\"},\"alternatePhoneNumber\":{\"type\":\"string\"},\"accountStatus\":{\"type\":\"enumeration\",\"enum\":[\"ACTIVE\",\"INACTIVE\"],\"default\":\"ACTIVE\"},\"createdAt\":{\"type\":\"datetime\"},\"updatedAt\":{\"type\":\"datetime\"},\"publishedAt\":{\"type\":\"datetime\",\"configurable\":false,\"writable\":true,\"visible\":false},\"createdBy\":{\"type\":\"relation\",\"relation\":\"oneToOne\",\"target\":\"admin::user\",\"configurable\":false,\"writable\":false,\"visible\":false,\"useJoinTable\":false,\"private\":true},\"updatedBy\":{\"type\":\"relation\",\"relation\":\"oneToOne\",\"target\":\"admin::user\",\"configurable\":false,\"writable\":false,\"visible\":false,\"useJoinTable\":false,\"private\":true},\"locale\":{\"writable\":true,\"private\":true,\"configurable\":false,\"visible\":false,\"type\":\"string\"},\"localizations\":{\"type\":\"relation\",\"relation\":\"oneToMany\",\"target\":\"plugin::users-permissions.user\",\"writable\":false,\"private\":true,\"configurable\":false,\"visible\":false,\"unstable_virtual\":true,\"joinColumn\":{\"name\":\"document_id\",\"referencedColumn\":\"document_id\",\"referencedTable\":\"up_users\"}}},\"config\":{\"attributes\":{\"resetPasswordToken\":{\"hidden\":true},\"confirmationToken\":{\"hidden\":true},\"provider\":{\"hidden\":true}}},\"plugin\":\"users-permissions\",\"globalId\":\"UsersPermissionsUser\",\"kind\":\"collectionType\",\"__filename__\":\"schema.json\",\"uid\":\"plugin::users-permissions.user\",\"modelType\":\"contentType\",\"__schema__\":{\"collectionName\":\"up_users\",\"info\":{\"name\":\"user\",\"description\":\"\",\"singularName\":\"user\",\"pluralName\":\"users\",\"displayName\":\"User\"},\"options\":{\"draftAndPublish\":false},\"attributes\":{\"username\":{\"type\":\"string\",\"minLength\":3,\"unique\":true,\"configurable\":false,\"required\":true},\"password\":{\"type\":\"password\",\"minLength\":6,\"configurable\":false,\"private\":true,\"searchable\":false},\"email\":{\"type\":\"email\",\"minLength\":6,\"configurable\":false,\"required\":true},\"emailVerified\":{\"type\":\"boolean\",\"default\":false,\"configurable\":false},\"blocked\":{\"type\":\"boolean\",\"default\":false,\"configurable\":false},\"role\":{\"type\":\"relation\",\"relation\":\"manyToOne\",\"target\":\"plugin::users-permissions.role\",\"inversedBy\":\"users\",\"configurable\":false},\"verificationToken\":{\"type\":\"string\",\"configurable\":false,\"private\":true,\"searchable\":false},\"fullName\":{\"type\":\"string\"},\"phoneNumber\":{\"type\":\"string\"},\"alternatePhoneNumber\":{\"type\":\"string\"},\"accountStatus\":{\"type\":\"enumeration\",\"enum\":[\"ACTIVE\",\"INACTIVE\"],\"default\":\"ACTIVE\"}},\"kind\":\"collectionType\"},\"modelName\":\"user\"},\"admin::permission\":{\"collectionName\":\"admin_permissions\",\"info\":{\"name\":\"Permission\",\"description\":\"\",\"singularName\":\"permission\",\"pluralName\":\"permissions\",\"displayName\":\"Permission\"},\"options\":{\"draftAndPublish\":false},\"pluginOptions\":{\"content-manager\":{\"visible\":false},\"content-type-builder\":{\"visible\":false}},\"attributes\":{\"action\":{\"type\":\"string\",\"minLength\":1,\"configurable\":false,\"required\":true},\"actionParameters\":{\"type\":\"json\",\"configurable\":false,\"required\":false,\"default\":{}},\"subject\":{\"type\":\"string\",\"minLength\":1,\"configurable\":false,\"required\":false},\"properties\":{\"type\":\"json\",\"configurable\":false,\"required\":false,\"default\":{}},\"conditions\":{\"type\":\"json\",\"configurable\":false,\"required\":false,\"default\":[]},\"role\":{\"configurable\":false,\"type\":\"relation\",\"relation\":\"manyToOne\",\"inversedBy\":\"permissions\",\"target\":\"admin::role\"},\"createdAt\":{\"type\":\"datetime\"},\"updatedAt\":{\"type\":\"datetime\"},\"publishedAt\":{\"type\":\"datetime\",\"configurable\":false,\"writable\":true,\"visible\":false},\"createdBy\":{\"type\":\"relation\",\"relation\":\"oneToOne\",\"target\":\"admin::user\",\"configurable\":false,\"writable\":false,\"visible\":false,\"useJoinTable\":false,\"private\":true},\"updatedBy\":{\"type\":\"relation\",\"relation\":\"oneToOne\",\"target\":\"admin::user\",\"configurable\":false,\"writable\":false,\"visible\":false,\"useJoinTable\":false,\"private\":true},\"locale\":{\"writable\":true,\"private\":true,\"configurable\":false,\"visible\":false,\"type\":\"string\"},\"localizations\":{\"type\":\"relation\",\"relation\":\"oneToMany\",\"target\":\"admin::permission\",\"writable\":false,\"private\":true,\"configurable\":false,\"visible\":false,\"unstable_virtual\":true,\"joinColumn\":{\"name\":\"document_id\",\"referencedColumn\":\"document_id\",\"referencedTable\":\"admin_permissions\"}}},\"plugin\":\"admin\",\"globalId\":\"AdminPermission\",\"uid\":\"admin::permission\",\"modelType\":\"contentType\",\"kind\":\"collectionType\",\"__schema__\":{\"collectionName\":\"admin_permissions\",\"info\":{\"name\":\"Permission\",\"description\":\"\",\"singularName\":\"permission\",\"pluralName\":\"permissions\",\"displayName\":\"Permission\"},\"options\":{},\"pluginOptions\":{\"content-manager\":{\"visible\":false},\"content-type-builder\":{\"visible\":false}},\"attributes\":{\"action\":{\"type\":\"string\",\"minLength\":1,\"configurable\":false,\"required\":true},\"actionParameters\":{\"type\":\"json\",\"configurable\":false,\"required\":false,\"default\":{}},\"subject\":{\"type\":\"string\",\"minLength\":1,\"configurable\":false,\"required\":false},\"properties\":{\"type\":\"json\",\"configurable\":false,\"required\":false,\"default\":{}},\"conditions\":{\"type\":\"json\",\"configurable\":false,\"required\":false,\"default\":[]},\"role\":{\"configurable\":false,\"type\":\"relation\",\"relation\":\"manyToOne\",\"inversedBy\":\"permissions\",\"target\":\"admin::role\"}},\"kind\":\"collectionType\"},\"modelName\":\"permission\"},\"admin::user\":{\"collectionName\":\"admin_users\",\"info\":{\"name\":\"User\",\"description\":\"\",\"singularName\":\"user\",\"pluralName\":\"users\",\"displayName\":\"User\"},\"pluginOptions\":{\"content-manager\":{\"visible\":false},\"content-type-builder\":{\"visible\":false}},\"attributes\":{\"firstname\":{\"type\":\"string\",\"unique\":false,\"minLength\":1,\"configurable\":false,\"required\":false},\"lastname\":{\"type\":\"string\",\"unique\":false,\"minLength\":1,\"configurable\":false,\"required\":false},\"username\":{\"type\":\"string\",\"unique\":false,\"configurable\":false,\"required\":false},\"email\":{\"type\":\"email\",\"minLength\":6,\"configurable\":false,\"required\":true,\"unique\":true,\"private\":true},\"password\":{\"type\":\"password\",\"minLength\":6,\"configurable\":false,\"required\":false,\"private\":true,\"searchable\":false},\"resetPasswordToken\":{\"type\":\"string\",\"configurable\":false,\"private\":true,\"searchable\":false},\"registrationToken\":{\"type\":\"string\",\"configurable\":false,\"private\":true,\"searchable\":false},\"isActive\":{\"type\":\"boolean\",\"default\":false,\"configurable\":false,\"private\":true},\"roles\":{\"configurable\":false,\"private\":true,\"type\":\"relation\",\"relation\":\"manyToMany\",\"inversedBy\":\"users\",\"target\":\"admin::role\",\"collectionName\":\"strapi_users_roles\"},\"blocked\":{\"type\":\"boolean\",\"default\":false,\"configurable\":false,\"private\":true},\"preferedLanguage\":{\"type\":\"string\",\"configurable\":false,\"required\":false,\"searchable\":false},\"createdAt\":{\"type\":\"datetime\"},\"updatedAt\":{\"type\":\"datetime\"},\"publishedAt\":{\"type\":\"datetime\",\"configurable\":false,\"writable\":true,\"visible\":false},\"createdBy\":{\"type\":\"relation\",\"relation\":\"oneToOne\",\"target\":\"admin::user\",\"configurable\":false,\"writable\":false,\"visible\":false,\"useJoinTable\":false,\"private\":true},\"updatedBy\":{\"type\":\"relation\",\"relation\":\"oneToOne\",\"target\":\"admin::user\",\"configurable\":false,\"writable\":false,\"visible\":false,\"useJoinTable\":false,\"private\":true},\"locale\":{\"writable\":true,\"private\":true,\"configurable\":false,\"visible\":false,\"type\":\"string\"},\"localizations\":{\"type\":\"relation\",\"relation\":\"oneToMany\",\"target\":\"admin::user\",\"writable\":false,\"private\":true,\"configurable\":false,\"visible\":false,\"unstable_virtual\":true,\"joinColumn\":{\"name\":\"document_id\",\"referencedColumn\":\"document_id\",\"referencedTable\":\"admin_users\"}}},\"config\":{\"attributes\":{\"resetPasswordToken\":{\"hidden\":true},\"registrationToken\":{\"hidden\":true}}},\"plugin\":\"admin\",\"globalId\":\"AdminUser\",\"uid\":\"admin::user\",\"modelType\":\"contentType\",\"kind\":\"collectionType\",\"__schema__\":{\"collectionName\":\"admin_users\",\"info\":{\"name\":\"User\",\"description\":\"\",\"singularName\":\"user\",\"pluralName\":\"users\",\"displayName\":\"User\"},\"pluginOptions\":{\"content-manager\":{\"visible\":false},\"content-type-builder\":{\"visible\":false}},\"attributes\":{\"firstname\":{\"type\":\"string\",\"unique\":false,\"minLength\":1,\"configurable\":false,\"required\":false},\"lastname\":{\"type\":\"string\",\"unique\":false,\"minLength\":1,\"configurable\":false,\"required\":false},\"username\":{\"type\":\"string\",\"unique\":false,\"configurable\":false,\"required\":false},\"email\":{\"type\":\"email\",\"minLength\":6,\"configurable\":false,\"required\":true,\"unique\":true,\"private\":true},\"password\":{\"type\":\"password\",\"minLength\":6,\"configurable\":false,\"required\":false,\"private\":true,\"searchable\":false},\"resetPasswordToken\":{\"type\":\"string\",\"configurable\":false,\"private\":true,\"searchable\":false},\"registrationToken\":{\"type\":\"string\",\"configurable\":false,\"private\":true,\"searchable\":false},\"isActive\":{\"type\":\"boolean\",\"default\":false,\"configurable\":false,\"private\":true},\"roles\":{\"configurable\":false,\"private\":true,\"type\":\"relation\",\"relation\":\"manyToMany\",\"inversedBy\":\"users\",\"target\":\"admin::role\",\"collectionName\":\"strapi_users_roles\"},\"blocked\":{\"type\":\"boolean\",\"default\":false,\"configurable\":false,\"private\":true},\"preferedLanguage\":{\"type\":\"string\",\"configurable\":false,\"required\":false,\"searchable\":false}},\"kind\":\"collectionType\"},\"modelName\":\"user\",\"options\":{\"draftAndPublish\":false}},\"admin::role\":{\"collectionName\":\"admin_roles\",\"info\":{\"name\":\"Role\",\"description\":\"\",\"singularName\":\"role\",\"pluralName\":\"roles\",\"displayName\":\"Role\"},\"options\":{\"draftAndPublish\":false},\"pluginOptions\":{\"content-manager\":{\"visible\":false},\"content-type-builder\":{\"visible\":false}},\"attributes\":{\"name\":{\"type\":\"string\",\"minLength\":1,\"unique\":true,\"configurable\":false,\"required\":true},\"code\":{\"type\":\"string\",\"minLength\":1,\"unique\":true,\"configurable\":false,\"required\":true},\"description\":{\"type\":\"string\",\"configurable\":false},\"users\":{\"configurable\":false,\"type\":\"relation\",\"relation\":\"manyToMany\",\"mappedBy\":\"roles\",\"target\":\"admin::user\"},\"permissions\":{\"configurable\":false,\"type\":\"relation\",\"relation\":\"oneToMany\",\"mappedBy\":\"role\",\"target\":\"admin::permission\"},\"createdAt\":{\"type\":\"datetime\"},\"updatedAt\":{\"type\":\"datetime\"},\"publishedAt\":{\"type\":\"datetime\",\"configurable\":false,\"writable\":true,\"visible\":false},\"createdBy\":{\"type\":\"relation\",\"relation\":\"oneToOne\",\"target\":\"admin::user\",\"configurable\":false,\"writable\":false,\"visible\":false,\"useJoinTable\":false,\"private\":true},\"updatedBy\":{\"type\":\"relation\",\"relation\":\"oneToOne\",\"target\":\"admin::user\",\"configurable\":false,\"writable\":false,\"visible\":false,\"useJoinTable\":false,\"private\":true},\"locale\":{\"writable\":true,\"private\":true,\"configurable\":false,\"visible\":false,\"type\":\"string\"},\"localizations\":{\"type\":\"relation\",\"relation\":\"oneToMany\",\"target\":\"admin::role\",\"writable\":false,\"private\":true,\"configurable\":false,\"visible\":false,\"unstable_virtual\":true,\"joinColumn\":{\"name\":\"document_id\",\"referencedColumn\":\"document_id\",\"referencedTable\":\"admin_roles\"}}},\"plugin\":\"admin\",\"globalId\":\"AdminRole\",\"uid\":\"admin::role\",\"modelType\":\"contentType\",\"kind\":\"collectionType\",\"__schema__\":{\"collectionName\":\"admin_roles\",\"info\":{\"name\":\"Role\",\"description\":\"\",\"singularName\":\"role\",\"pluralName\":\"roles\",\"displayName\":\"Role\"},\"options\":{},\"pluginOptions\":{\"content-manager\":{\"visible\":false},\"content-type-builder\":{\"visible\":false}},\"attributes\":{\"name\":{\"type\":\"string\",\"minLength\":1,\"unique\":true,\"configurable\":false,\"required\":true},\"code\":{\"type\":\"string\",\"minLength\":1,\"unique\":true,\"configurable\":false,\"required\":true},\"description\":{\"type\":\"string\",\"configurable\":false},\"users\":{\"configurable\":false,\"type\":\"relation\",\"relation\":\"manyToMany\",\"mappedBy\":\"roles\",\"target\":\"admin::user\"},\"permissions\":{\"configurable\":false,\"type\":\"relation\",\"relation\":\"oneToMany\",\"mappedBy\":\"role\",\"target\":\"admin::permission\"}},\"kind\":\"collectionType\"},\"modelName\":\"role\"},\"admin::api-token\":{\"collectionName\":\"strapi_api_tokens\",\"info\":{\"name\":\"Api Token\",\"singularName\":\"api-token\",\"pluralName\":\"api-tokens\",\"displayName\":\"Api Token\",\"description\":\"\"},\"options\":{\"draftAndPublish\":false},\"pluginOptions\":{\"content-manager\":{\"visible\":false},\"content-type-builder\":{\"visible\":false}},\"attributes\":{\"name\":{\"type\":\"string\",\"minLength\":1,\"configurable\":false,\"required\":true,\"unique\":true},\"description\":{\"type\":\"string\",\"minLength\":1,\"configurable\":false,\"required\":false,\"default\":\"\"},\"type\":{\"type\":\"enumeration\",\"enum\":[\"read-only\",\"full-access\",\"custom\"],\"configurable\":false,\"required\":true,\"default\":\"read-only\"},\"accessKey\":{\"type\":\"string\",\"minLength\":1,\"configurable\":false,\"required\":true,\"searchable\":false},\"lastUsedAt\":{\"type\":\"datetime\",\"configurable\":false,\"required\":false},\"permissions\":{\"type\":\"relation\",\"target\":\"admin::api-token-permission\",\"relation\":\"oneToMany\",\"mappedBy\":\"token\",\"configurable\":false,\"required\":false},\"expiresAt\":{\"type\":\"datetime\",\"configurable\":false,\"required\":false},\"lifespan\":{\"type\":\"biginteger\",\"configurable\":false,\"required\":false},\"createdAt\":{\"type\":\"datetime\"},\"updatedAt\":{\"type\":\"datetime\"},\"publishedAt\":{\"type\":\"datetime\",\"configurable\":false,\"writable\":true,\"visible\":false},\"createdBy\":{\"type\":\"relation\",\"relation\":\"oneToOne\",\"target\":\"admin::user\",\"configurable\":false,\"writable\":false,\"visible\":false,\"useJoinTable\":false,\"private\":true},\"updatedBy\":{\"type\":\"relation\",\"relation\":\"oneToOne\",\"target\":\"admin::user\",\"configurable\":false,\"writable\":false,\"visible\":false,\"useJoinTable\":false,\"private\":true},\"locale\":{\"writable\":true,\"private\":true,\"configurable\":false,\"visible\":false,\"type\":\"string\"},\"localizations\":{\"type\":\"relation\",\"relation\":\"oneToMany\",\"target\":\"admin::api-token\",\"writable\":false,\"private\":true,\"configurable\":false,\"visible\":false,\"unstable_virtual\":true,\"joinColumn\":{\"name\":\"document_id\",\"referencedColumn\":\"document_id\",\"referencedTable\":\"strapi_api_tokens\"}}},\"plugin\":\"admin\",\"globalId\":\"AdminApiToken\",\"uid\":\"admin::api-token\",\"modelType\":\"contentType\",\"kind\":\"collectionType\",\"__schema__\":{\"collectionName\":\"strapi_api_tokens\",\"info\":{\"name\":\"Api Token\",\"singularName\":\"api-token\",\"pluralName\":\"api-tokens\",\"displayName\":\"Api Token\",\"description\":\"\"},\"options\":{},\"pluginOptions\":{\"content-manager\":{\"visible\":false},\"content-type-builder\":{\"visible\":false}},\"attributes\":{\"name\":{\"type\":\"string\",\"minLength\":1,\"configurable\":false,\"required\":true,\"unique\":true},\"description\":{\"type\":\"string\",\"minLength\":1,\"configurable\":false,\"required\":false,\"default\":\"\"},\"type\":{\"type\":\"enumeration\",\"enum\":[\"read-only\",\"full-access\",\"custom\"],\"configurable\":false,\"required\":true,\"default\":\"read-only\"},\"accessKey\":{\"type\":\"string\",\"minLength\":1,\"configurable\":false,\"required\":true,\"searchable\":false},\"lastUsedAt\":{\"type\":\"datetime\",\"configurable\":false,\"required\":false},\"permissions\":{\"type\":\"relation\",\"target\":\"admin::api-token-permission\",\"relation\":\"oneToMany\",\"mappedBy\":\"token\",\"configurable\":false,\"required\":false},\"expiresAt\":{\"type\":\"datetime\",\"configurable\":false,\"required\":false},\"lifespan\":{\"type\":\"biginteger\",\"configurable\":false,\"required\":false}},\"kind\":\"collectionType\"},\"modelName\":\"api-token\"},\"admin::api-token-permission\":{\"collectionName\":\"strapi_api_token_permissions\",\"info\":{\"name\":\"API Token Permission\",\"description\":\"\",\"singularName\":\"api-token-permission\",\"pluralName\":\"api-token-permissions\",\"displayName\":\"API Token Permission\"},\"options\":{\"draftAndPublish\":false},\"pluginOptions\":{\"content-manager\":{\"visible\":false},\"content-type-builder\":{\"visible\":false}},\"attributes\":{\"action\":{\"type\":\"string\",\"minLength\":1,\"configurable\":false,\"required\":true},\"token\":{\"configurable\":false,\"type\":\"relation\",\"relation\":\"manyToOne\",\"inversedBy\":\"permissions\",\"target\":\"admin::api-token\"},\"createdAt\":{\"type\":\"datetime\"},\"updatedAt\":{\"type\":\"datetime\"},\"publishedAt\":{\"type\":\"datetime\",\"configurable\":false,\"writable\":true,\"visible\":false},\"createdBy\":{\"type\":\"relation\",\"relation\":\"oneToOne\",\"target\":\"admin::user\",\"configurable\":false,\"writable\":false,\"visible\":false,\"useJoinTable\":false,\"private\":true},\"updatedBy\":{\"type\":\"relation\",\"relation\":\"oneToOne\",\"target\":\"admin::user\",\"configurable\":false,\"writable\":false,\"visible\":false,\"useJoinTable\":false,\"private\":true},\"locale\":{\"writable\":true,\"private\":true,\"configurable\":false,\"visible\":false,\"type\":\"string\"},\"localizations\":{\"type\":\"relation\",\"relation\":\"oneToMany\",\"target\":\"admin::api-token-permission\",\"writable\":false,\"private\":true,\"configurable\":false,\"visible\":false,\"unstable_virtual\":true,\"joinColumn\":{\"name\":\"document_id\",\"referencedColumn\":\"document_id\",\"referencedTable\":\"strapi_api_token_permissions\"}}},\"plugin\":\"admin\",\"globalId\":\"AdminApiTokenPermission\",\"uid\":\"admin::api-token-permission\",\"modelType\":\"contentType\",\"kind\":\"collectionType\",\"__schema__\":{\"collectionName\":\"strapi_api_token_permissions\",\"info\":{\"name\":\"API Token Permission\",\"description\":\"\",\"singularName\":\"api-token-permission\",\"pluralName\":\"api-token-permissions\",\"displayName\":\"API Token Permission\"},\"options\":{},\"pluginOptions\":{\"content-manager\":{\"visible\":false},\"content-type-builder\":{\"visible\":false}},\"attributes\":{\"action\":{\"type\":\"string\",\"minLength\":1,\"configurable\":false,\"required\":true},\"token\":{\"configurable\":false,\"type\":\"relation\",\"relation\":\"manyToOne\",\"inversedBy\":\"permissions\",\"target\":\"admin::api-token\"}},\"kind\":\"collectionType\"},\"modelName\":\"api-token-permission\"},\"admin::transfer-token\":{\"collectionName\":\"strapi_transfer_tokens\",\"info\":{\"name\":\"Transfer Token\",\"singularName\":\"transfer-token\",\"pluralName\":\"transfer-tokens\",\"displayName\":\"Transfer Token\",\"description\":\"\"},\"options\":{\"draftAndPublish\":false},\"pluginOptions\":{\"content-manager\":{\"visible\":false},\"content-type-builder\":{\"visible\":false}},\"attributes\":{\"name\":{\"type\":\"string\",\"minLength\":1,\"configurable\":false,\"required\":true,\"unique\":true},\"description\":{\"type\":\"string\",\"minLength\":1,\"configurable\":false,\"required\":false,\"default\":\"\"},\"accessKey\":{\"type\":\"string\",\"minLength\":1,\"configurable\":false,\"required\":true},\"lastUsedAt\":{\"type\":\"datetime\",\"configurable\":false,\"required\":false},\"permissions\":{\"type\":\"relation\",\"target\":\"admin::transfer-token-permission\",\"relation\":\"oneToMany\",\"mappedBy\":\"token\",\"configurable\":false,\"required\":false},\"expiresAt\":{\"type\":\"datetime\",\"configurable\":false,\"required\":false},\"lifespan\":{\"type\":\"biginteger\",\"configurable\":false,\"required\":false},\"createdAt\":{\"type\":\"datetime\"},\"updatedAt\":{\"type\":\"datetime\"},\"publishedAt\":{\"type\":\"datetime\",\"configurable\":false,\"writable\":true,\"visible\":false},\"createdBy\":{\"type\":\"relation\",\"relation\":\"oneToOne\",\"target\":\"admin::user\",\"configurable\":false,\"writable\":false,\"visible\":false,\"useJoinTable\":false,\"private\":true},\"updatedBy\":{\"type\":\"relation\",\"relation\":\"oneToOne\",\"target\":\"admin::user\",\"configurable\":false,\"writable\":false,\"visible\":false,\"useJoinTable\":false,\"private\":true},\"locale\":{\"writable\":true,\"private\":true,\"configurable\":false,\"visible\":false,\"type\":\"string\"},\"localizations\":{\"type\":\"relation\",\"relation\":\"oneToMany\",\"target\":\"admin::transfer-token\",\"writable\":false,\"private\":true,\"configurable\":false,\"visible\":false,\"unstable_virtual\":true,\"joinColumn\":{\"name\":\"document_id\",\"referencedColumn\":\"document_id\",\"referencedTable\":\"strapi_transfer_tokens\"}}},\"plugin\":\"admin\",\"globalId\":\"AdminTransferToken\",\"uid\":\"admin::transfer-token\",\"modelType\":\"contentType\",\"kind\":\"collectionType\",\"__schema__\":{\"collectionName\":\"strapi_transfer_tokens\",\"info\":{\"name\":\"Transfer Token\",\"singularName\":\"transfer-token\",\"pluralName\":\"transfer-tokens\",\"displayName\":\"Transfer Token\",\"description\":\"\"},\"options\":{},\"pluginOptions\":{\"content-manager\":{\"visible\":false},\"content-type-builder\":{\"visible\":false}},\"attributes\":{\"name\":{\"type\":\"string\",\"minLength\":1,\"configurable\":false,\"required\":true,\"unique\":true},\"description\":{\"type\":\"string\",\"minLength\":1,\"configurable\":false,\"required\":false,\"default\":\"\"},\"accessKey\":{\"type\":\"string\",\"minLength\":1,\"configurable\":false,\"required\":true},\"lastUsedAt\":{\"type\":\"datetime\",\"configurable\":false,\"required\":false},\"permissions\":{\"type\":\"relation\",\"target\":\"admin::transfer-token-permission\",\"relation\":\"oneToMany\",\"mappedBy\":\"token\",\"configurable\":false,\"required\":false},\"expiresAt\":{\"type\":\"datetime\",\"configurable\":false,\"required\":false},\"lifespan\":{\"type\":\"biginteger\",\"configurable\":false,\"required\":false}},\"kind\":\"collectionType\"},\"modelName\":\"transfer-token\"},\"admin::transfer-token-permission\":{\"collectionName\":\"strapi_transfer_token_permissions\",\"info\":{\"name\":\"Transfer Token Permission\",\"description\":\"\",\"singularName\":\"transfer-token-permission\",\"pluralName\":\"transfer-token-permissions\",\"displayName\":\"Transfer Token Permission\"},\"options\":{\"draftAndPublish\":false},\"pluginOptions\":{\"content-manager\":{\"visible\":false},\"content-type-builder\":{\"visible\":false}},\"attributes\":{\"action\":{\"type\":\"string\",\"minLength\":1,\"configurable\":false,\"required\":true},\"token\":{\"configurable\":false,\"type\":\"relation\",\"relation\":\"manyToOne\",\"inversedBy\":\"permissions\",\"target\":\"admin::transfer-token\"},\"createdAt\":{\"type\":\"datetime\"},\"updatedAt\":{\"type\":\"datetime\"},\"publishedAt\":{\"type\":\"datetime\",\"configurable\":false,\"writable\":true,\"visible\":false},\"createdBy\":{\"type\":\"relation\",\"relation\":\"oneToOne\",\"target\":\"admin::user\",\"configurable\":false,\"writable\":false,\"visible\":false,\"useJoinTable\":false,\"private\":true},\"updatedBy\":{\"type\":\"relation\",\"relation\":\"oneToOne\",\"target\":\"admin::user\",\"configurable\":false,\"writable\":false,\"visible\":false,\"useJoinTable\":false,\"private\":true},\"locale\":{\"writable\":true,\"private\":true,\"configurable\":false,\"visible\":false,\"type\":\"string\"},\"localizations\":{\"type\":\"relation\",\"relation\":\"oneToMany\",\"target\":\"admin::transfer-token-permission\",\"writable\":false,\"private\":true,\"configurable\":false,\"visible\":false,\"unstable_virtual\":true,\"joinColumn\":{\"name\":\"document_id\",\"referencedColumn\":\"document_id\",\"referencedTable\":\"strapi_transfer_token_permissions\"}}},\"plugin\":\"admin\",\"globalId\":\"AdminTransferTokenPermission\",\"uid\":\"admin::transfer-token-permission\",\"modelType\":\"contentType\",\"kind\":\"collectionType\",\"__schema__\":{\"collectionName\":\"strapi_transfer_token_permissions\",\"info\":{\"name\":\"Transfer Token Permission\",\"description\":\"\",\"singularName\":\"transfer-token-permission\",\"pluralName\":\"transfer-token-permissions\",\"displayName\":\"Transfer Token Permission\"},\"options\":{},\"pluginOptions\":{\"content-manager\":{\"visible\":false},\"content-type-builder\":{\"visible\":false}},\"attributes\":{\"action\":{\"type\":\"string\",\"minLength\":1,\"configurable\":false,\"required\":true},\"token\":{\"configurable\":false,\"type\":\"relation\",\"relation\":\"manyToOne\",\"inversedBy\":\"permissions\",\"target\":\"admin::transfer-token\"}},\"kind\":\"collectionType\"},\"modelName\":\"transfer-token-permission\"}}','object',NULL,NULL),(2,'plugin_content_manager_configuration_content_types::plugin::upload.folder','{\"settings\":{\"bulkable\":true,\"filterable\":true,\"searchable\":true,\"pageSize\":10,\"mainField\":\"name\",\"defaultSortBy\":\"name\",\"defaultSortOrder\":\"ASC\"},\"metadatas\":{\"id\":{\"edit\":{},\"list\":{\"label\":\"id\",\"searchable\":true,\"sortable\":true}},\"name\":{\"edit\":{\"label\":\"name\",\"description\":\"\",\"placeholder\":\"\",\"visible\":true,\"editable\":true},\"list\":{\"label\":\"name\",\"searchable\":true,\"sortable\":true}},\"pathId\":{\"edit\":{\"label\":\"pathId\",\"description\":\"\",\"placeholder\":\"\",\"visible\":true,\"editable\":true},\"list\":{\"label\":\"pathId\",\"searchable\":true,\"sortable\":true}},\"parent\":{\"edit\":{\"label\":\"parent\",\"description\":\"\",\"placeholder\":\"\",\"visible\":true,\"editable\":true,\"mainField\":\"name\"},\"list\":{\"label\":\"parent\",\"searchable\":true,\"sortable\":true}},\"children\":{\"edit\":{\"label\":\"children\",\"description\":\"\",\"placeholder\":\"\",\"visible\":true,\"editable\":true,\"mainField\":\"name\"},\"list\":{\"label\":\"children\",\"searchable\":false,\"sortable\":false}},\"files\":{\"edit\":{\"label\":\"files\",\"description\":\"\",\"placeholder\":\"\",\"visible\":true,\"editable\":true,\"mainField\":\"name\"},\"list\":{\"label\":\"files\",\"searchable\":false,\"sortable\":false}},\"path\":{\"edit\":{\"label\":\"path\",\"description\":\"\",\"placeholder\":\"\",\"visible\":true,\"editable\":true},\"list\":{\"label\":\"path\",\"searchable\":true,\"sortable\":true}},\"createdAt\":{\"edit\":{\"label\":\"createdAt\",\"description\":\"\",\"placeholder\":\"\",\"visible\":false,\"editable\":true},\"list\":{\"label\":\"createdAt\",\"searchable\":true,\"sortable\":true}},\"updatedAt\":{\"edit\":{\"label\":\"updatedAt\",\"description\":\"\",\"placeholder\":\"\",\"visible\":false,\"editable\":true},\"list\":{\"label\":\"updatedAt\",\"searchable\":true,\"sortable\":true}},\"createdBy\":{\"edit\":{\"label\":\"createdBy\",\"description\":\"\",\"placeholder\":\"\",\"visible\":false,\"editable\":true,\"mainField\":\"firstname\"},\"list\":{\"label\":\"createdBy\",\"searchable\":true,\"sortable\":true}},\"updatedBy\":{\"edit\":{\"label\":\"updatedBy\",\"description\":\"\",\"placeholder\":\"\",\"visible\":false,\"editable\":true,\"mainField\":\"firstname\"},\"list\":{\"label\":\"updatedBy\",\"searchable\":true,\"sortable\":true}}},\"layouts\":{\"list\":[\"id\",\"name\",\"pathId\",\"parent\"],\"edit\":[[{\"name\":\"name\",\"size\":6},{\"name\":\"pathId\",\"size\":4}],[{\"name\":\"parent\",\"size\":6},{\"name\":\"children\",\"size\":6}],[{\"name\":\"files\",\"size\":6},{\"name\":\"path\",\"size\":6}]]},\"uid\":\"plugin::upload.folder\"}','object',NULL,NULL),(3,'plugin_content_manager_configuration_content_types::plugin::i18n.locale','{\"settings\":{\"bulkable\":true,\"filterable\":true,\"searchable\":true,\"pageSize\":10,\"mainField\":\"name\",\"defaultSortBy\":\"name\",\"defaultSortOrder\":\"ASC\"},\"metadatas\":{\"id\":{\"edit\":{},\"list\":{\"label\":\"id\",\"searchable\":true,\"sortable\":true}},\"name\":{\"edit\":{\"label\":\"name\",\"description\":\"\",\"placeholder\":\"\",\"visible\":true,\"editable\":true},\"list\":{\"label\":\"name\",\"searchable\":true,\"sortable\":true}},\"code\":{\"edit\":{\"label\":\"code\",\"description\":\"\",\"placeholder\":\"\",\"visible\":true,\"editable\":true},\"list\":{\"label\":\"code\",\"searchable\":true,\"sortable\":true}},\"createdAt\":{\"edit\":{\"label\":\"createdAt\",\"description\":\"\",\"placeholder\":\"\",\"visible\":false,\"editable\":true},\"list\":{\"label\":\"createdAt\",\"searchable\":true,\"sortable\":true}},\"updatedAt\":{\"edit\":{\"label\":\"updatedAt\",\"description\":\"\",\"placeholder\":\"\",\"visible\":false,\"editable\":true},\"list\":{\"label\":\"updatedAt\",\"searchable\":true,\"sortable\":true}},\"createdBy\":{\"edit\":{\"label\":\"createdBy\",\"description\":\"\",\"placeholder\":\"\",\"visible\":false,\"editable\":true,\"mainField\":\"firstname\"},\"list\":{\"label\":\"createdBy\",\"searchable\":true,\"sortable\":true}},\"updatedBy\":{\"edit\":{\"label\":\"updatedBy\",\"description\":\"\",\"placeholder\":\"\",\"visible\":false,\"editable\":true,\"mainField\":\"firstname\"},\"list\":{\"label\":\"updatedBy\",\"searchable\":true,\"sortable\":true}}},\"layouts\":{\"list\":[\"id\",\"name\",\"code\",\"createdAt\"],\"edit\":[[{\"name\":\"name\",\"size\":6},{\"name\":\"code\",\"size\":6}]]},\"uid\":\"plugin::i18n.locale\"}','object',NULL,NULL),(4,'plugin_content_manager_configuration_content_types::plugin::content-releases.release','{\"settings\":{\"bulkable\":true,\"filterable\":true,\"searchable\":true,\"pageSize\":10,\"mainField\":\"name\",\"defaultSortBy\":\"name\",\"defaultSortOrder\":\"ASC\"},\"metadatas\":{\"id\":{\"edit\":{},\"list\":{\"label\":\"id\",\"searchable\":true,\"sortable\":true}},\"name\":{\"edit\":{\"label\":\"name\",\"description\":\"\",\"placeholder\":\"\",\"visible\":true,\"editable\":true},\"list\":{\"label\":\"name\",\"searchable\":true,\"sortable\":true}},\"releasedAt\":{\"edit\":{\"label\":\"releasedAt\",\"description\":\"\",\"placeholder\":\"\",\"visible\":true,\"editable\":true},\"list\":{\"label\":\"releasedAt\",\"searchable\":true,\"sortable\":true}},\"scheduledAt\":{\"edit\":{\"label\":\"scheduledAt\",\"description\":\"\",\"placeholder\":\"\",\"visible\":true,\"editable\":true},\"list\":{\"label\":\"scheduledAt\",\"searchable\":true,\"sortable\":true}},\"timezone\":{\"edit\":{\"label\":\"timezone\",\"description\":\"\",\"placeholder\":\"\",\"visible\":true,\"editable\":true},\"list\":{\"label\":\"timezone\",\"searchable\":true,\"sortable\":true}},\"status\":{\"edit\":{\"label\":\"status\",\"description\":\"\",\"placeholder\":\"\",\"visible\":true,\"editable\":true},\"list\":{\"label\":\"status\",\"searchable\":true,\"sortable\":true}},\"actions\":{\"edit\":{\"label\":\"actions\",\"description\":\"\",\"placeholder\":\"\",\"visible\":true,\"editable\":true,\"mainField\":\"contentType\"},\"list\":{\"label\":\"actions\",\"searchable\":false,\"sortable\":false}},\"createdAt\":{\"edit\":{\"label\":\"createdAt\",\"description\":\"\",\"placeholder\":\"\",\"visible\":false,\"editable\":true},\"list\":{\"label\":\"createdAt\",\"searchable\":true,\"sortable\":true}},\"updatedAt\":{\"edit\":{\"label\":\"updatedAt\",\"description\":\"\",\"placeholder\":\"\",\"visible\":false,\"editable\":true},\"list\":{\"label\":\"updatedAt\",\"searchable\":true,\"sortable\":true}},\"createdBy\":{\"edit\":{\"label\":\"createdBy\",\"description\":\"\",\"placeholder\":\"\",\"visible\":false,\"editable\":true,\"mainField\":\"firstname\"},\"list\":{\"label\":\"createdBy\",\"searchable\":true,\"sortable\":true}},\"updatedBy\":{\"edit\":{\"label\":\"updatedBy\",\"description\":\"\",\"placeholder\":\"\",\"visible\":false,\"editable\":true,\"mainField\":\"firstname\"},\"list\":{\"label\":\"updatedBy\",\"searchable\":true,\"sortable\":true}}},\"layouts\":{\"list\":[\"id\",\"name\",\"releasedAt\",\"scheduledAt\"],\"edit\":[[{\"name\":\"name\",\"size\":6},{\"name\":\"releasedAt\",\"size\":6}],[{\"name\":\"scheduledAt\",\"size\":6},{\"name\":\"timezone\",\"size\":6}],[{\"name\":\"status\",\"size\":6},{\"name\":\"actions\",\"size\":6}]]},\"uid\":\"plugin::content-releases.release\"}','object',NULL,NULL),(5,'plugin_content_manager_configuration_content_types::plugin::upload.file','{\"settings\":{\"bulkable\":true,\"filterable\":true,\"searchable\":true,\"pageSize\":10,\"mainField\":\"name\",\"defaultSortBy\":\"name\",\"defaultSortOrder\":\"ASC\"},\"metadatas\":{\"id\":{\"edit\":{},\"list\":{\"label\":\"id\",\"searchable\":true,\"sortable\":true}},\"name\":{\"edit\":{\"label\":\"name\",\"description\":\"\",\"placeholder\":\"\",\"visible\":true,\"editable\":true},\"list\":{\"label\":\"name\",\"searchable\":true,\"sortable\":true}},\"alternativeText\":{\"edit\":{\"label\":\"alternativeText\",\"description\":\"\",\"placeholder\":\"\",\"visible\":true,\"editable\":true},\"list\":{\"label\":\"alternativeText\",\"searchable\":true,\"sortable\":true}},\"caption\":{\"edit\":{\"label\":\"caption\",\"description\":\"\",\"placeholder\":\"\",\"visible\":true,\"editable\":true},\"list\":{\"label\":\"caption\",\"searchable\":true,\"sortable\":true}},\"width\":{\"edit\":{\"label\":\"width\",\"description\":\"\",\"placeholder\":\"\",\"visible\":true,\"editable\":true},\"list\":{\"label\":\"width\",\"searchable\":true,\"sortable\":true}},\"height\":{\"edit\":{\"label\":\"height\",\"description\":\"\",\"placeholder\":\"\",\"visible\":true,\"editable\":true},\"list\":{\"label\":\"height\",\"searchable\":true,\"sortable\":true}},\"formats\":{\"edit\":{\"label\":\"formats\",\"description\":\"\",\"placeholder\":\"\",\"visible\":true,\"editable\":true},\"list\":{\"label\":\"formats\",\"searchable\":false,\"sortable\":false}},\"hash\":{\"edit\":{\"label\":\"hash\",\"description\":\"\",\"placeholder\":\"\",\"visible\":true,\"editable\":true},\"list\":{\"label\":\"hash\",\"searchable\":true,\"sortable\":true}},\"ext\":{\"edit\":{\"label\":\"ext\",\"description\":\"\",\"placeholder\":\"\",\"visible\":true,\"editable\":true},\"list\":{\"label\":\"ext\",\"searchable\":true,\"sortable\":true}},\"mime\":{\"edit\":{\"label\":\"mime\",\"description\":\"\",\"placeholder\":\"\",\"visible\":true,\"editable\":true},\"list\":{\"label\":\"mime\",\"searchable\":true,\"sortable\":true}},\"size\":{\"edit\":{\"label\":\"size\",\"description\":\"\",\"placeholder\":\"\",\"visible\":true,\"editable\":true},\"list\":{\"label\":\"size\",\"searchable\":true,\"sortable\":true}},\"url\":{\"edit\":{\"label\":\"url\",\"description\":\"\",\"placeholder\":\"\",\"visible\":true,\"editable\":true},\"list\":{\"label\":\"url\",\"searchable\":true,\"sortable\":true}},\"previewUrl\":{\"edit\":{\"label\":\"previewUrl\",\"description\":\"\",\"placeholder\":\"\",\"visible\":true,\"editable\":true},\"list\":{\"label\":\"previewUrl\",\"searchable\":true,\"sortable\":true}},\"provider\":{\"edit\":{\"label\":\"provider\",\"description\":\"\",\"placeholder\":\"\",\"visible\":true,\"editable\":true},\"list\":{\"label\":\"provider\",\"searchable\":true,\"sortable\":true}},\"provider_metadata\":{\"edit\":{\"label\":\"provider_metadata\",\"description\":\"\",\"placeholder\":\"\",\"visible\":true,\"editable\":true},\"list\":{\"label\":\"provider_metadata\",\"searchable\":false,\"sortable\":false}},\"folder\":{\"edit\":{\"label\":\"folder\",\"description\":\"\",\"placeholder\":\"\",\"visible\":true,\"editable\":true,\"mainField\":\"name\"},\"list\":{\"label\":\"folder\",\"searchable\":true,\"sortable\":true}},\"folderPath\":{\"edit\":{\"label\":\"folderPath\",\"description\":\"\",\"placeholder\":\"\",\"visible\":true,\"editable\":true},\"list\":{\"label\":\"folderPath\",\"searchable\":true,\"sortable\":true}},\"createdAt\":{\"edit\":{\"label\":\"createdAt\",\"description\":\"\",\"placeholder\":\"\",\"visible\":false,\"editable\":true},\"list\":{\"label\":\"createdAt\",\"searchable\":true,\"sortable\":true}},\"updatedAt\":{\"edit\":{\"label\":\"updatedAt\",\"description\":\"\",\"placeholder\":\"\",\"visible\":false,\"editable\":true},\"list\":{\"label\":\"updatedAt\",\"searchable\":true,\"sortable\":true}},\"createdBy\":{\"edit\":{\"label\":\"createdBy\",\"description\":\"\",\"placeholder\":\"\",\"visible\":false,\"editable\":true,\"mainField\":\"firstname\"},\"list\":{\"label\":\"createdBy\",\"searchable\":true,\"sortable\":true}},\"updatedBy\":{\"edit\":{\"label\":\"updatedBy\",\"description\":\"\",\"placeholder\":\"\",\"visible\":false,\"editable\":true,\"mainField\":\"firstname\"},\"list\":{\"label\":\"updatedBy\",\"searchable\":true,\"sortable\":true}}},\"layouts\":{\"list\":[\"id\",\"name\",\"alternativeText\",\"caption\"],\"edit\":[[{\"name\":\"name\",\"size\":6},{\"name\":\"alternativeText\",\"size\":6}],[{\"name\":\"caption\",\"size\":6},{\"name\":\"width\",\"size\":4}],[{\"name\":\"height\",\"size\":4}],[{\"name\":\"formats\",\"size\":12}],[{\"name\":\"hash\",\"size\":6},{\"name\":\"ext\",\"size\":6}],[{\"name\":\"mime\",\"size\":6},{\"name\":\"size\",\"size\":4}],[{\"name\":\"url\",\"size\":6},{\"name\":\"previewUrl\",\"size\":6}],[{\"name\":\"provider\",\"size\":6}],[{\"name\":\"provider_metadata\",\"size\":12}],[{\"name\":\"folder\",\"size\":6},{\"name\":\"folderPath\",\"size\":6}]]},\"uid\":\"plugin::upload.file\"}','object',NULL,NULL),(6,'plugin_content_manager_configuration_content_types::plugin::review-workflows.workflow-stage','{\"settings\":{\"bulkable\":true,\"filterable\":true,\"searchable\":true,\"pageSize\":10,\"mainField\":\"name\",\"defaultSortBy\":\"name\",\"defaultSortOrder\":\"ASC\"},\"metadatas\":{\"id\":{\"edit\":{},\"list\":{\"label\":\"id\",\"searchable\":true,\"sortable\":true}},\"name\":{\"edit\":{\"label\":\"name\",\"description\":\"\",\"placeholder\":\"\",\"visible\":true,\"editable\":true},\"list\":{\"label\":\"name\",\"searchable\":true,\"sortable\":true}},\"color\":{\"edit\":{\"label\":\"color\",\"description\":\"\",\"placeholder\":\"\",\"visible\":true,\"editable\":true},\"list\":{\"label\":\"color\",\"searchable\":true,\"sortable\":true}},\"workflow\":{\"edit\":{\"label\":\"workflow\",\"description\":\"\",\"placeholder\":\"\",\"visible\":true,\"editable\":true,\"mainField\":\"name\"},\"list\":{\"label\":\"workflow\",\"searchable\":true,\"sortable\":true}},\"permissions\":{\"edit\":{\"label\":\"permissions\",\"description\":\"\",\"placeholder\":\"\",\"visible\":true,\"editable\":true,\"mainField\":\"action\"},\"list\":{\"label\":\"permissions\",\"searchable\":false,\"sortable\":false}},\"createdAt\":{\"edit\":{\"label\":\"createdAt\",\"description\":\"\",\"placeholder\":\"\",\"visible\":false,\"editable\":true},\"list\":{\"label\":\"createdAt\",\"searchable\":true,\"sortable\":true}},\"updatedAt\":{\"edit\":{\"label\":\"updatedAt\",\"description\":\"\",\"placeholder\":\"\",\"visible\":false,\"editable\":true},\"list\":{\"label\":\"updatedAt\",\"searchable\":true,\"sortable\":true}},\"createdBy\":{\"edit\":{\"label\":\"createdBy\",\"description\":\"\",\"placeholder\":\"\",\"visible\":false,\"editable\":true,\"mainField\":\"firstname\"},\"list\":{\"label\":\"createdBy\",\"searchable\":true,\"sortable\":true}},\"updatedBy\":{\"edit\":{\"label\":\"updatedBy\",\"description\":\"\",\"placeholder\":\"\",\"visible\":false,\"editable\":true,\"mainField\":\"firstname\"},\"list\":{\"label\":\"updatedBy\",\"searchable\":true,\"sortable\":true}}},\"layouts\":{\"list\":[\"id\",\"name\",\"color\",\"workflow\"],\"edit\":[[{\"name\":\"name\",\"size\":6},{\"name\":\"color\",\"size\":6}],[{\"name\":\"workflow\",\"size\":6},{\"name\":\"permissions\",\"size\":6}]]},\"uid\":\"plugin::review-workflows.workflow-stage\"}','object',NULL,NULL),(7,'plugin_content_manager_configuration_content_types::plugin::users-permissions.permission','{\"settings\":{\"bulkable\":true,\"filterable\":true,\"searchable\":true,\"pageSize\":10,\"mainField\":\"action\",\"defaultSortBy\":\"action\",\"defaultSortOrder\":\"ASC\"},\"metadatas\":{\"id\":{\"edit\":{},\"list\":{\"label\":\"id\",\"searchable\":true,\"sortable\":true}},\"action\":{\"edit\":{\"label\":\"action\",\"description\":\"\",\"placeholder\":\"\",\"visible\":true,\"editable\":true},\"list\":{\"label\":\"action\",\"searchable\":true,\"sortable\":true}},\"role\":{\"edit\":{\"label\":\"role\",\"description\":\"\",\"placeholder\":\"\",\"visible\":true,\"editable\":true,\"mainField\":\"name\"},\"list\":{\"label\":\"role\",\"searchable\":true,\"sortable\":true}},\"createdAt\":{\"edit\":{\"label\":\"createdAt\",\"description\":\"\",\"placeholder\":\"\",\"visible\":false,\"editable\":true},\"list\":{\"label\":\"createdAt\",\"searchable\":true,\"sortable\":true}},\"updatedAt\":{\"edit\":{\"label\":\"updatedAt\",\"description\":\"\",\"placeholder\":\"\",\"visible\":false,\"editable\":true},\"list\":{\"label\":\"updatedAt\",\"searchable\":true,\"sortable\":true}},\"createdBy\":{\"edit\":{\"label\":\"createdBy\",\"description\":\"\",\"placeholder\":\"\",\"visible\":false,\"editable\":true,\"mainField\":\"firstname\"},\"list\":{\"label\":\"createdBy\",\"searchable\":true,\"sortable\":true}},\"updatedBy\":{\"edit\":{\"label\":\"updatedBy\",\"description\":\"\",\"placeholder\":\"\",\"visible\":false,\"editable\":true,\"mainField\":\"firstname\"},\"list\":{\"label\":\"updatedBy\",\"searchable\":true,\"sortable\":true}}},\"layouts\":{\"list\":[\"id\",\"action\",\"role\",\"createdAt\"],\"edit\":[[{\"name\":\"action\",\"size\":6},{\"name\":\"role\",\"size\":6}]]},\"uid\":\"plugin::users-permissions.permission\"}','object',NULL,NULL),(8,'plugin_content_manager_configuration_content_types::admin::permission','{\"settings\":{\"bulkable\":true,\"filterable\":true,\"searchable\":true,\"pageSize\":10,\"mainField\":\"action\",\"defaultSortBy\":\"action\",\"defaultSortOrder\":\"ASC\"},\"metadatas\":{\"id\":{\"edit\":{},\"list\":{\"label\":\"id\",\"searchable\":true,\"sortable\":true}},\"action\":{\"edit\":{\"label\":\"action\",\"description\":\"\",\"placeholder\":\"\",\"visible\":true,\"editable\":true},\"list\":{\"label\":\"action\",\"searchable\":true,\"sortable\":true}},\"actionParameters\":{\"edit\":{\"label\":\"actionParameters\",\"description\":\"\",\"placeholder\":\"\",\"visible\":true,\"editable\":true},\"list\":{\"label\":\"actionParameters\",\"searchable\":false,\"sortable\":false}},\"subject\":{\"edit\":{\"label\":\"subject\",\"description\":\"\",\"placeholder\":\"\",\"visible\":true,\"editable\":true},\"list\":{\"label\":\"subject\",\"searchable\":true,\"sortable\":true}},\"properties\":{\"edit\":{\"label\":\"properties\",\"description\":\"\",\"placeholder\":\"\",\"visible\":true,\"editable\":true},\"list\":{\"label\":\"properties\",\"searchable\":false,\"sortable\":false}},\"conditions\":{\"edit\":{\"label\":\"conditions\",\"description\":\"\",\"placeholder\":\"\",\"visible\":true,\"editable\":true},\"list\":{\"label\":\"conditions\",\"searchable\":false,\"sortable\":false}},\"role\":{\"edit\":{\"label\":\"role\",\"description\":\"\",\"placeholder\":\"\",\"visible\":true,\"editable\":true,\"mainField\":\"name\"},\"list\":{\"label\":\"role\",\"searchable\":true,\"sortable\":true}},\"createdAt\":{\"edit\":{\"label\":\"createdAt\",\"description\":\"\",\"placeholder\":\"\",\"visible\":false,\"editable\":true},\"list\":{\"label\":\"createdAt\",\"searchable\":true,\"sortable\":true}},\"updatedAt\":{\"edit\":{\"label\":\"updatedAt\",\"description\":\"\",\"placeholder\":\"\",\"visible\":false,\"editable\":true},\"list\":{\"label\":\"updatedAt\",\"searchable\":true,\"sortable\":true}},\"createdBy\":{\"edit\":{\"label\":\"createdBy\",\"description\":\"\",\"placeholder\":\"\",\"visible\":false,\"editable\":true,\"mainField\":\"firstname\"},\"list\":{\"label\":\"createdBy\",\"searchable\":true,\"sortable\":true}},\"updatedBy\":{\"edit\":{\"label\":\"updatedBy\",\"description\":\"\",\"placeholder\":\"\",\"visible\":false,\"editable\":true,\"mainField\":\"firstname\"},\"list\":{\"label\":\"updatedBy\",\"searchable\":true,\"sortable\":true}}},\"layouts\":{\"list\":[\"id\",\"action\",\"subject\",\"role\"],\"edit\":[[{\"name\":\"action\",\"size\":6}],[{\"name\":\"actionParameters\",\"size\":12}],[{\"name\":\"subject\",\"size\":6}],[{\"name\":\"properties\",\"size\":12}],[{\"name\":\"conditions\",\"size\":12}],[{\"name\":\"role\",\"size\":6}]]},\"uid\":\"admin::permission\"}','object',NULL,NULL),(9,'plugin_content_manager_configuration_content_types::plugin::users-permissions.role','{\"settings\":{\"bulkable\":true,\"filterable\":true,\"searchable\":true,\"pageSize\":10,\"mainField\":\"name\",\"defaultSortBy\":\"name\",\"defaultSortOrder\":\"ASC\"},\"metadatas\":{\"id\":{\"edit\":{},\"list\":{\"label\":\"id\",\"searchable\":true,\"sortable\":true}},\"name\":{\"edit\":{\"label\":\"name\",\"description\":\"\",\"placeholder\":\"\",\"visible\":true,\"editable\":true},\"list\":{\"label\":\"name\",\"searchable\":true,\"sortable\":true}},\"description\":{\"edit\":{\"label\":\"description\",\"description\":\"\",\"placeholder\":\"\",\"visible\":true,\"editable\":true},\"list\":{\"label\":\"description\",\"searchable\":true,\"sortable\":true}},\"type\":{\"edit\":{\"label\":\"type\",\"description\":\"\",\"placeholder\":\"\",\"visible\":true,\"editable\":true},\"list\":{\"label\":\"type\",\"searchable\":true,\"sortable\":true}},\"permissions\":{\"edit\":{\"label\":\"permissions\",\"description\":\"\",\"placeholder\":\"\",\"visible\":true,\"editable\":true,\"mainField\":\"action\"},\"list\":{\"label\":\"permissions\",\"searchable\":false,\"sortable\":false}},\"users\":{\"edit\":{\"label\":\"users\",\"description\":\"\",\"placeholder\":\"\",\"visible\":true,\"editable\":true,\"mainField\":\"username\"},\"list\":{\"label\":\"users\",\"searchable\":false,\"sortable\":false}},\"createdAt\":{\"edit\":{\"label\":\"createdAt\",\"description\":\"\",\"placeholder\":\"\",\"visible\":false,\"editable\":true},\"list\":{\"label\":\"createdAt\",\"searchable\":true,\"sortable\":true}},\"updatedAt\":{\"edit\":{\"label\":\"updatedAt\",\"description\":\"\",\"placeholder\":\"\",\"visible\":false,\"editable\":true},\"list\":{\"label\":\"updatedAt\",\"searchable\":true,\"sortable\":true}},\"createdBy\":{\"edit\":{\"label\":\"createdBy\",\"description\":\"\",\"placeholder\":\"\",\"visible\":false,\"editable\":true,\"mainField\":\"firstname\"},\"list\":{\"label\":\"createdBy\",\"searchable\":true,\"sortable\":true}},\"updatedBy\":{\"edit\":{\"label\":\"updatedBy\",\"description\":\"\",\"placeholder\":\"\",\"visible\":false,\"editable\":true,\"mainField\":\"firstname\"},\"list\":{\"label\":\"updatedBy\",\"searchable\":true,\"sortable\":true}}},\"layouts\":{\"list\":[\"id\",\"name\",\"description\",\"type\"],\"edit\":[[{\"name\":\"name\",\"size\":6},{\"name\":\"description\",\"size\":6}],[{\"name\":\"type\",\"size\":6},{\"name\":\"permissions\",\"size\":6}],[{\"name\":\"users\",\"size\":6}]]},\"uid\":\"plugin::users-permissions.role\"}','object',NULL,NULL),(10,'plugin_content_manager_configuration_content_types::plugin::users-permissions.user','{\"settings\":{\"bulkable\":true,\"filterable\":true,\"searchable\":true,\"pageSize\":10,\"mainField\":\"username\",\"defaultSortBy\":\"username\",\"defaultSortOrder\":\"ASC\"},\"metadatas\":{\"id\":{\"edit\":{},\"list\":{\"label\":\"id\",\"searchable\":true,\"sortable\":true}},\"username\":{\"edit\":{\"label\":\"username\",\"description\":\"\",\"placeholder\":\"\",\"visible\":true,\"editable\":true},\"list\":{\"label\":\"username\",\"searchable\":true,\"sortable\":true}},\"password\":{\"edit\":{\"label\":\"password\",\"description\":\"\",\"placeholder\":\"\",\"visible\":true,\"editable\":true},\"list\":{\"label\":\"password\",\"searchable\":true,\"sortable\":true}},\"email\":{\"edit\":{\"label\":\"email\",\"description\":\"\",\"placeholder\":\"\",\"visible\":true,\"editable\":true},\"list\":{\"label\":\"email\",\"searchable\":true,\"sortable\":true}},\"emailVerified\":{\"edit\":{\"label\":\"emailVerified\",\"description\":\"\",\"placeholder\":\"\",\"visible\":true,\"editable\":true},\"list\":{\"label\":\"emailVerified\",\"searchable\":true,\"sortable\":true}},\"blocked\":{\"edit\":{\"label\":\"blocked\",\"description\":\"\",\"placeholder\":\"\",\"visible\":true,\"editable\":true},\"list\":{\"label\":\"blocked\",\"searchable\":true,\"sortable\":true}},\"role\":{\"edit\":{\"label\":\"role\",\"description\":\"\",\"placeholder\":\"\",\"visible\":true,\"editable\":true,\"mainField\":\"name\"},\"list\":{\"label\":\"role\",\"searchable\":true,\"sortable\":true}},\"verificationToken\":{\"edit\":{\"label\":\"verificationToken\",\"description\":\"\",\"placeholder\":\"\",\"visible\":true,\"editable\":true},\"list\":{\"label\":\"verificationToken\",\"searchable\":true,\"sortable\":true}},\"fullName\":{\"edit\":{\"label\":\"fullName\",\"description\":\"\",\"placeholder\":\"\",\"visible\":true,\"editable\":true},\"list\":{\"label\":\"fullName\",\"searchable\":true,\"sortable\":true}},\"phoneNumber\":{\"edit\":{\"label\":\"phoneNumber\",\"description\":\"\",\"placeholder\":\"\",\"visible\":true,\"editable\":true},\"list\":{\"label\":\"phoneNumber\",\"searchable\":true,\"sortable\":true}},\"alternatePhoneNumber\":{\"edit\":{\"label\":\"alternatePhoneNumber\",\"description\":\"\",\"placeholder\":\"\",\"visible\":true,\"editable\":true},\"list\":{\"label\":\"alternatePhoneNumber\",\"searchable\":true,\"sortable\":true}},\"accountStatus\":{\"edit\":{\"label\":\"accountStatus\",\"description\":\"\",\"placeholder\":\"\",\"visible\":true,\"editable\":true},\"list\":{\"label\":\"accountStatus\",\"searchable\":true,\"sortable\":true}},\"createdAt\":{\"edit\":{\"label\":\"createdAt\",\"description\":\"\",\"placeholder\":\"\",\"visible\":false,\"editable\":true},\"list\":{\"label\":\"createdAt\",\"searchable\":true,\"sortable\":true}},\"updatedAt\":{\"edit\":{\"label\":\"updatedAt\",\"description\":\"\",\"placeholder\":\"\",\"visible\":false,\"editable\":true},\"list\":{\"label\":\"updatedAt\",\"searchable\":true,\"sortable\":true}},\"createdBy\":{\"edit\":{\"label\":\"createdBy\",\"description\":\"\",\"placeholder\":\"\",\"visible\":false,\"editable\":true,\"mainField\":\"firstname\"},\"list\":{\"label\":\"createdBy\",\"searchable\":true,\"sortable\":true}},\"updatedBy\":{\"edit\":{\"label\":\"updatedBy\",\"description\":\"\",\"placeholder\":\"\",\"visible\":false,\"editable\":true,\"mainField\":\"firstname\"},\"list\":{\"label\":\"updatedBy\",\"searchable\":true,\"sortable\":true}}},\"layouts\":{\"list\":[\"id\",\"username\",\"email\",\"emailVerified\"],\"edit\":[[{\"name\":\"username\",\"size\":6},{\"name\":\"password\",\"size\":6}],[{\"name\":\"email\",\"size\":6}],[{\"name\":\"blocked\",\"size\":4}],[{\"name\":\"role\",\"size\":6},{\"name\":\"emailVerified\",\"size\":4}],[{\"name\":\"verificationToken\",\"size\":6},{\"name\":\"fullName\",\"size\":6}],[{\"name\":\"phoneNumber\",\"size\":6},{\"name\":\"alternatePhoneNumber\",\"size\":6}],[{\"name\":\"accountStatus\",\"size\":6}]]},\"uid\":\"plugin::users-permissions.user\"}','object',NULL,NULL),(11,'plugin_content_manager_configuration_content_types::admin::role','{\"settings\":{\"bulkable\":true,\"filterable\":true,\"searchable\":true,\"pageSize\":10,\"mainField\":\"name\",\"defaultSortBy\":\"name\",\"defaultSortOrder\":\"ASC\"},\"metadatas\":{\"id\":{\"edit\":{},\"list\":{\"label\":\"id\",\"searchable\":true,\"sortable\":true}},\"name\":{\"edit\":{\"label\":\"name\",\"description\":\"\",\"placeholder\":\"\",\"visible\":true,\"editable\":true},\"list\":{\"label\":\"name\",\"searchable\":true,\"sortable\":true}},\"code\":{\"edit\":{\"label\":\"code\",\"description\":\"\",\"placeholder\":\"\",\"visible\":true,\"editable\":true},\"list\":{\"label\":\"code\",\"searchable\":true,\"sortable\":true}},\"description\":{\"edit\":{\"label\":\"description\",\"description\":\"\",\"placeholder\":\"\",\"visible\":true,\"editable\":true},\"list\":{\"label\":\"description\",\"searchable\":true,\"sortable\":true}},\"users\":{\"edit\":{\"label\":\"users\",\"description\":\"\",\"placeholder\":\"\",\"visible\":true,\"editable\":true,\"mainField\":\"firstname\"},\"list\":{\"label\":\"users\",\"searchable\":false,\"sortable\":false}},\"permissions\":{\"edit\":{\"label\":\"permissions\",\"description\":\"\",\"placeholder\":\"\",\"visible\":true,\"editable\":true,\"mainField\":\"action\"},\"list\":{\"label\":\"permissions\",\"searchable\":false,\"sortable\":false}},\"createdAt\":{\"edit\":{\"label\":\"createdAt\",\"description\":\"\",\"placeholder\":\"\",\"visible\":false,\"editable\":true},\"list\":{\"label\":\"createdAt\",\"searchable\":true,\"sortable\":true}},\"updatedAt\":{\"edit\":{\"label\":\"updatedAt\",\"description\":\"\",\"placeholder\":\"\",\"visible\":false,\"editable\":true},\"list\":{\"label\":\"updatedAt\",\"searchable\":true,\"sortable\":true}},\"createdBy\":{\"edit\":{\"label\":\"createdBy\",\"description\":\"\",\"placeholder\":\"\",\"visible\":false,\"editable\":true,\"mainField\":\"firstname\"},\"list\":{\"label\":\"createdBy\",\"searchable\":true,\"sortable\":true}},\"updatedBy\":{\"edit\":{\"label\":\"updatedBy\",\"description\":\"\",\"placeholder\":\"\",\"visible\":false,\"editable\":true,\"mainField\":\"firstname\"},\"list\":{\"label\":\"updatedBy\",\"searchable\":true,\"sortable\":true}}},\"layouts\":{\"list\":[\"id\",\"name\",\"code\",\"description\"],\"edit\":[[{\"name\":\"name\",\"size\":6},{\"name\":\"code\",\"size\":6}],[{\"name\":\"description\",\"size\":6},{\"name\":\"users\",\"size\":6}],[{\"name\":\"permissions\",\"size\":6}]]},\"uid\":\"admin::role\"}','object',NULL,NULL),(12,'plugin_content_manager_configuration_content_types::admin::user','{\"settings\":{\"bulkable\":true,\"filterable\":true,\"searchable\":true,\"pageSize\":10,\"mainField\":\"firstname\",\"defaultSortBy\":\"firstname\",\"defaultSortOrder\":\"ASC\"},\"metadatas\":{\"id\":{\"edit\":{},\"list\":{\"label\":\"id\",\"searchable\":true,\"sortable\":true}},\"firstname\":{\"edit\":{\"label\":\"firstname\",\"description\":\"\",\"placeholder\":\"\",\"visible\":true,\"editable\":true},\"list\":{\"label\":\"firstname\",\"searchable\":true,\"sortable\":true}},\"lastname\":{\"edit\":{\"label\":\"lastname\",\"description\":\"\",\"placeholder\":\"\",\"visible\":true,\"editable\":true},\"list\":{\"label\":\"lastname\",\"searchable\":true,\"sortable\":true}},\"username\":{\"edit\":{\"label\":\"username\",\"description\":\"\",\"placeholder\":\"\",\"visible\":true,\"editable\":true},\"list\":{\"label\":\"username\",\"searchable\":true,\"sortable\":true}},\"email\":{\"edit\":{\"label\":\"email\",\"description\":\"\",\"placeholder\":\"\",\"visible\":true,\"editable\":true},\"list\":{\"label\":\"email\",\"searchable\":true,\"sortable\":true}},\"password\":{\"edit\":{\"label\":\"password\",\"description\":\"\",\"placeholder\":\"\",\"visible\":true,\"editable\":true},\"list\":{\"label\":\"password\",\"searchable\":true,\"sortable\":true}},\"resetPasswordToken\":{\"edit\":{\"label\":\"resetPasswordToken\",\"description\":\"\",\"placeholder\":\"\",\"visible\":false,\"editable\":true},\"list\":{\"label\":\"resetPasswordToken\",\"searchable\":true,\"sortable\":true}},\"registrationToken\":{\"edit\":{\"label\":\"registrationToken\",\"description\":\"\",\"placeholder\":\"\",\"visible\":false,\"editable\":true},\"list\":{\"label\":\"registrationToken\",\"searchable\":true,\"sortable\":true}},\"isActive\":{\"edit\":{\"label\":\"isActive\",\"description\":\"\",\"placeholder\":\"\",\"visible\":true,\"editable\":true},\"list\":{\"label\":\"isActive\",\"searchable\":true,\"sortable\":true}},\"roles\":{\"edit\":{\"label\":\"roles\",\"description\":\"\",\"placeholder\":\"\",\"visible\":true,\"editable\":true,\"mainField\":\"name\"},\"list\":{\"label\":\"roles\",\"searchable\":false,\"sortable\":false}},\"blocked\":{\"edit\":{\"label\":\"blocked\",\"description\":\"\",\"placeholder\":\"\",\"visible\":true,\"editable\":true},\"list\":{\"label\":\"blocked\",\"searchable\":true,\"sortable\":true}},\"preferedLanguage\":{\"edit\":{\"label\":\"preferedLanguage\",\"description\":\"\",\"placeholder\":\"\",\"visible\":true,\"editable\":true},\"list\":{\"label\":\"preferedLanguage\",\"searchable\":true,\"sortable\":true}},\"createdAt\":{\"edit\":{\"label\":\"createdAt\",\"description\":\"\",\"placeholder\":\"\",\"visible\":false,\"editable\":true},\"list\":{\"label\":\"createdAt\",\"searchable\":true,\"sortable\":true}},\"updatedAt\":{\"edit\":{\"label\":\"updatedAt\",\"description\":\"\",\"placeholder\":\"\",\"visible\":false,\"editable\":true},\"list\":{\"label\":\"updatedAt\",\"searchable\":true,\"sortable\":true}},\"createdBy\":{\"edit\":{\"label\":\"createdBy\",\"description\":\"\",\"placeholder\":\"\",\"visible\":false,\"editable\":true,\"mainField\":\"firstname\"},\"list\":{\"label\":\"createdBy\",\"searchable\":true,\"sortable\":true}},\"updatedBy\":{\"edit\":{\"label\":\"updatedBy\",\"description\":\"\",\"placeholder\":\"\",\"visible\":false,\"editable\":true,\"mainField\":\"firstname\"},\"list\":{\"label\":\"updatedBy\",\"searchable\":true,\"sortable\":true}}},\"layouts\":{\"list\":[\"id\",\"firstname\",\"lastname\",\"username\"],\"edit\":[[{\"name\":\"firstname\",\"size\":6},{\"name\":\"lastname\",\"size\":6}],[{\"name\":\"username\",\"size\":6},{\"name\":\"email\",\"size\":6}],[{\"name\":\"password\",\"size\":6},{\"name\":\"isActive\",\"size\":4}],[{\"name\":\"roles\",\"size\":6},{\"name\":\"blocked\",\"size\":4}],[{\"name\":\"preferedLanguage\",\"size\":6}]]},\"uid\":\"admin::user\"}','object',NULL,NULL),(13,'plugin_content_manager_configuration_content_types::plugin::content-releases.release-action','{\"settings\":{\"bulkable\":true,\"filterable\":true,\"searchable\":true,\"pageSize\":10,\"mainField\":\"contentType\",\"defaultSortBy\":\"contentType\",\"defaultSortOrder\":\"ASC\"},\"metadatas\":{\"id\":{\"edit\":{},\"list\":{\"label\":\"id\",\"searchable\":true,\"sortable\":true}},\"type\":{\"edit\":{\"label\":\"type\",\"description\":\"\",\"placeholder\":\"\",\"visible\":true,\"editable\":true},\"list\":{\"label\":\"type\",\"searchable\":true,\"sortable\":true}},\"contentType\":{\"edit\":{\"label\":\"contentType\",\"description\":\"\",\"placeholder\":\"\",\"visible\":true,\"editable\":true},\"list\":{\"label\":\"contentType\",\"searchable\":true,\"sortable\":true}},\"entryDocumentId\":{\"edit\":{\"label\":\"entryDocumentId\",\"description\":\"\",\"placeholder\":\"\",\"visible\":true,\"editable\":true},\"list\":{\"label\":\"entryDocumentId\",\"searchable\":true,\"sortable\":true}},\"release\":{\"edit\":{\"label\":\"release\",\"description\":\"\",\"placeholder\":\"\",\"visible\":true,\"editable\":true,\"mainField\":\"name\"},\"list\":{\"label\":\"release\",\"searchable\":true,\"sortable\":true}},\"isEntryValid\":{\"edit\":{\"label\":\"isEntryValid\",\"description\":\"\",\"placeholder\":\"\",\"visible\":true,\"editable\":true},\"list\":{\"label\":\"isEntryValid\",\"searchable\":true,\"sortable\":true}},\"createdAt\":{\"edit\":{\"label\":\"createdAt\",\"description\":\"\",\"placeholder\":\"\",\"visible\":false,\"editable\":true},\"list\":{\"label\":\"createdAt\",\"searchable\":true,\"sortable\":true}},\"updatedAt\":{\"edit\":{\"label\":\"updatedAt\",\"description\":\"\",\"placeholder\":\"\",\"visible\":false,\"editable\":true},\"list\":{\"label\":\"updatedAt\",\"searchable\":true,\"sortable\":true}},\"createdBy\":{\"edit\":{\"label\":\"createdBy\",\"description\":\"\",\"placeholder\":\"\",\"visible\":false,\"editable\":true,\"mainField\":\"firstname\"},\"list\":{\"label\":\"createdBy\",\"searchable\":true,\"sortable\":true}},\"updatedBy\":{\"edit\":{\"label\":\"updatedBy\",\"description\":\"\",\"placeholder\":\"\",\"visible\":false,\"editable\":true,\"mainField\":\"firstname\"},\"list\":{\"label\":\"updatedBy\",\"searchable\":true,\"sortable\":true}}},\"layouts\":{\"list\":[\"id\",\"type\",\"contentType\",\"entryDocumentId\"],\"edit\":[[{\"name\":\"type\",\"size\":6},{\"name\":\"contentType\",\"size\":6}],[{\"name\":\"entryDocumentId\",\"size\":6},{\"name\":\"release\",\"size\":6}],[{\"name\":\"isEntryValid\",\"size\":4}]]},\"uid\":\"plugin::content-releases.release-action\"}','object',NULL,NULL),(14,'plugin_content_manager_configuration_content_types::plugin::review-workflows.workflow','{\"settings\":{\"bulkable\":true,\"filterable\":true,\"searchable\":true,\"pageSize\":10,\"mainField\":\"name\",\"defaultSortBy\":\"name\",\"defaultSortOrder\":\"ASC\"},\"metadatas\":{\"id\":{\"edit\":{},\"list\":{\"label\":\"id\",\"searchable\":true,\"sortable\":true}},\"name\":{\"edit\":{\"label\":\"name\",\"description\":\"\",\"placeholder\":\"\",\"visible\":true,\"editable\":true},\"list\":{\"label\":\"name\",\"searchable\":true,\"sortable\":true}},\"stages\":{\"edit\":{\"label\":\"stages\",\"description\":\"\",\"placeholder\":\"\",\"visible\":true,\"editable\":true,\"mainField\":\"name\"},\"list\":{\"label\":\"stages\",\"searchable\":false,\"sortable\":false}},\"stageRequiredToPublish\":{\"edit\":{\"label\":\"stageRequiredToPublish\",\"description\":\"\",\"placeholder\":\"\",\"visible\":true,\"editable\":true,\"mainField\":\"name\"},\"list\":{\"label\":\"stageRequiredToPublish\",\"searchable\":true,\"sortable\":true}},\"contentTypes\":{\"edit\":{\"label\":\"contentTypes\",\"description\":\"\",\"placeholder\":\"\",\"visible\":true,\"editable\":true},\"list\":{\"label\":\"contentTypes\",\"searchable\":false,\"sortable\":false}},\"createdAt\":{\"edit\":{\"label\":\"createdAt\",\"description\":\"\",\"placeholder\":\"\",\"visible\":false,\"editable\":true},\"list\":{\"label\":\"createdAt\",\"searchable\":true,\"sortable\":true}},\"updatedAt\":{\"edit\":{\"label\":\"updatedAt\",\"description\":\"\",\"placeholder\":\"\",\"visible\":false,\"editable\":true},\"list\":{\"label\":\"updatedAt\",\"searchable\":true,\"sortable\":true}},\"createdBy\":{\"edit\":{\"label\":\"createdBy\",\"description\":\"\",\"placeholder\":\"\",\"visible\":false,\"editable\":true,\"mainField\":\"firstname\"},\"list\":{\"label\":\"createdBy\",\"searchable\":true,\"sortable\":true}},\"updatedBy\":{\"edit\":{\"label\":\"updatedBy\",\"description\":\"\",\"placeholder\":\"\",\"visible\":false,\"editable\":true,\"mainField\":\"firstname\"},\"list\":{\"label\":\"updatedBy\",\"searchable\":true,\"sortable\":true}}},\"layouts\":{\"list\":[\"id\",\"name\",\"stages\",\"stageRequiredToPublish\"],\"edit\":[[{\"name\":\"name\",\"size\":6},{\"name\":\"stages\",\"size\":6}],[{\"name\":\"stageRequiredToPublish\",\"size\":6}],[{\"name\":\"contentTypes\",\"size\":12}]]},\"uid\":\"plugin::review-workflows.workflow\"}','object',NULL,NULL),(15,'plugin_content_manager_configuration_content_types::admin::transfer-token','{\"settings\":{\"bulkable\":true,\"filterable\":true,\"searchable\":true,\"pageSize\":10,\"mainField\":\"name\",\"defaultSortBy\":\"name\",\"defaultSortOrder\":\"ASC\"},\"metadatas\":{\"id\":{\"edit\":{},\"list\":{\"label\":\"id\",\"searchable\":true,\"sortable\":true}},\"name\":{\"edit\":{\"label\":\"name\",\"description\":\"\",\"placeholder\":\"\",\"visible\":true,\"editable\":true},\"list\":{\"label\":\"name\",\"searchable\":true,\"sortable\":true}},\"description\":{\"edit\":{\"label\":\"description\",\"description\":\"\",\"placeholder\":\"\",\"visible\":true,\"editable\":true},\"list\":{\"label\":\"description\",\"searchable\":true,\"sortable\":true}},\"accessKey\":{\"edit\":{\"label\":\"accessKey\",\"description\":\"\",\"placeholder\":\"\",\"visible\":true,\"editable\":true},\"list\":{\"label\":\"accessKey\",\"searchable\":true,\"sortable\":true}},\"lastUsedAt\":{\"edit\":{\"label\":\"lastUsedAt\",\"description\":\"\",\"placeholder\":\"\",\"visible\":true,\"editable\":true},\"list\":{\"label\":\"lastUsedAt\",\"searchable\":true,\"sortable\":true}},\"permissions\":{\"edit\":{\"label\":\"permissions\",\"description\":\"\",\"placeholder\":\"\",\"visible\":true,\"editable\":true,\"mainField\":\"action\"},\"list\":{\"label\":\"permissions\",\"searchable\":false,\"sortable\":false}},\"expiresAt\":{\"edit\":{\"label\":\"expiresAt\",\"description\":\"\",\"placeholder\":\"\",\"visible\":true,\"editable\":true},\"list\":{\"label\":\"expiresAt\",\"searchable\":true,\"sortable\":true}},\"lifespan\":{\"edit\":{\"label\":\"lifespan\",\"description\":\"\",\"placeholder\":\"\",\"visible\":true,\"editable\":true},\"list\":{\"label\":\"lifespan\",\"searchable\":true,\"sortable\":true}},\"createdAt\":{\"edit\":{\"label\":\"createdAt\",\"description\":\"\",\"placeholder\":\"\",\"visible\":false,\"editable\":true},\"list\":{\"label\":\"createdAt\",\"searchable\":true,\"sortable\":true}},\"updatedAt\":{\"edit\":{\"label\":\"updatedAt\",\"description\":\"\",\"placeholder\":\"\",\"visible\":false,\"editable\":true},\"list\":{\"label\":\"updatedAt\",\"searchable\":true,\"sortable\":true}},\"createdBy\":{\"edit\":{\"label\":\"createdBy\",\"description\":\"\",\"placeholder\":\"\",\"visible\":false,\"editable\":true,\"mainField\":\"firstname\"},\"list\":{\"label\":\"createdBy\",\"searchable\":true,\"sortable\":true}},\"updatedBy\":{\"edit\":{\"label\":\"updatedBy\",\"description\":\"\",\"placeholder\":\"\",\"visible\":false,\"editable\":true,\"mainField\":\"firstname\"},\"list\":{\"label\":\"updatedBy\",\"searchable\":true,\"sortable\":true}}},\"layouts\":{\"list\":[\"id\",\"name\",\"description\",\"accessKey\"],\"edit\":[[{\"name\":\"name\",\"size\":6},{\"name\":\"description\",\"size\":6}],[{\"name\":\"accessKey\",\"size\":6},{\"name\":\"lastUsedAt\",\"size\":6}],[{\"name\":\"permissions\",\"size\":6},{\"name\":\"expiresAt\",\"size\":6}],[{\"name\":\"lifespan\",\"size\":4}]]},\"uid\":\"admin::transfer-token\"}','object',NULL,NULL),(16,'plugin_content_manager_configuration_content_types::admin::api-token-permission','{\"settings\":{\"bulkable\":true,\"filterable\":true,\"searchable\":true,\"pageSize\":10,\"mainField\":\"action\",\"defaultSortBy\":\"action\",\"defaultSortOrder\":\"ASC\"},\"metadatas\":{\"id\":{\"edit\":{},\"list\":{\"label\":\"id\",\"searchable\":true,\"sortable\":true}},\"action\":{\"edit\":{\"label\":\"action\",\"description\":\"\",\"placeholder\":\"\",\"visible\":true,\"editable\":true},\"list\":{\"label\":\"action\",\"searchable\":true,\"sortable\":true}},\"token\":{\"edit\":{\"label\":\"token\",\"description\":\"\",\"placeholder\":\"\",\"visible\":true,\"editable\":true,\"mainField\":\"name\"},\"list\":{\"label\":\"token\",\"searchable\":true,\"sortable\":true}},\"createdAt\":{\"edit\":{\"label\":\"createdAt\",\"description\":\"\",\"placeholder\":\"\",\"visible\":false,\"editable\":true},\"list\":{\"label\":\"createdAt\",\"searchable\":true,\"sortable\":true}},\"updatedAt\":{\"edit\":{\"label\":\"updatedAt\",\"description\":\"\",\"placeholder\":\"\",\"visible\":false,\"editable\":true},\"list\":{\"label\":\"updatedAt\",\"searchable\":true,\"sortable\":true}},\"createdBy\":{\"edit\":{\"label\":\"createdBy\",\"description\":\"\",\"placeholder\":\"\",\"visible\":false,\"editable\":true,\"mainField\":\"firstname\"},\"list\":{\"label\":\"createdBy\",\"searchable\":true,\"sortable\":true}},\"updatedBy\":{\"edit\":{\"label\":\"updatedBy\",\"description\":\"\",\"placeholder\":\"\",\"visible\":false,\"editable\":true,\"mainField\":\"firstname\"},\"list\":{\"label\":\"updatedBy\",\"searchable\":true,\"sortable\":true}}},\"layouts\":{\"list\":[\"id\",\"action\",\"token\",\"createdAt\"],\"edit\":[[{\"name\":\"action\",\"size\":6},{\"name\":\"token\",\"size\":6}]]},\"uid\":\"admin::api-token-permission\"}','object',NULL,NULL),(17,'plugin_content_manager_configuration_content_types::admin::api-token','{\"settings\":{\"bulkable\":true,\"filterable\":true,\"searchable\":true,\"pageSize\":10,\"mainField\":\"name\",\"defaultSortBy\":\"name\",\"defaultSortOrder\":\"ASC\"},\"metadatas\":{\"id\":{\"edit\":{},\"list\":{\"label\":\"id\",\"searchable\":true,\"sortable\":true}},\"name\":{\"edit\":{\"label\":\"name\",\"description\":\"\",\"placeholder\":\"\",\"visible\":true,\"editable\":true},\"list\":{\"label\":\"name\",\"searchable\":true,\"sortable\":true}},\"description\":{\"edit\":{\"label\":\"description\",\"description\":\"\",\"placeholder\":\"\",\"visible\":true,\"editable\":true},\"list\":{\"label\":\"description\",\"searchable\":true,\"sortable\":true}},\"type\":{\"edit\":{\"label\":\"type\",\"description\":\"\",\"placeholder\":\"\",\"visible\":true,\"editable\":true},\"list\":{\"label\":\"type\",\"searchable\":true,\"sortable\":true}},\"accessKey\":{\"edit\":{\"label\":\"accessKey\",\"description\":\"\",\"placeholder\":\"\",\"visible\":true,\"editable\":true},\"list\":{\"label\":\"accessKey\",\"searchable\":true,\"sortable\":true}},\"lastUsedAt\":{\"edit\":{\"label\":\"lastUsedAt\",\"description\":\"\",\"placeholder\":\"\",\"visible\":true,\"editable\":true},\"list\":{\"label\":\"lastUsedAt\",\"searchable\":true,\"sortable\":true}},\"permissions\":{\"edit\":{\"label\":\"permissions\",\"description\":\"\",\"placeholder\":\"\",\"visible\":true,\"editable\":true,\"mainField\":\"action\"},\"list\":{\"label\":\"permissions\",\"searchable\":false,\"sortable\":false}},\"expiresAt\":{\"edit\":{\"label\":\"expiresAt\",\"description\":\"\",\"placeholder\":\"\",\"visible\":true,\"editable\":true},\"list\":{\"label\":\"expiresAt\",\"searchable\":true,\"sortable\":true}},\"lifespan\":{\"edit\":{\"label\":\"lifespan\",\"description\":\"\",\"placeholder\":\"\",\"visible\":true,\"editable\":true},\"list\":{\"label\":\"lifespan\",\"searchable\":true,\"sortable\":true}},\"createdAt\":{\"edit\":{\"label\":\"createdAt\",\"description\":\"\",\"placeholder\":\"\",\"visible\":false,\"editable\":true},\"list\":{\"label\":\"createdAt\",\"searchable\":true,\"sortable\":true}},\"updatedAt\":{\"edit\":{\"label\":\"updatedAt\",\"description\":\"\",\"placeholder\":\"\",\"visible\":false,\"editable\":true},\"list\":{\"label\":\"updatedAt\",\"searchable\":true,\"sortable\":true}},\"createdBy\":{\"edit\":{\"label\":\"createdBy\",\"description\":\"\",\"placeholder\":\"\",\"visible\":false,\"editable\":true,\"mainField\":\"firstname\"},\"list\":{\"label\":\"createdBy\",\"searchable\":true,\"sortable\":true}},\"updatedBy\":{\"edit\":{\"label\":\"updatedBy\",\"description\":\"\",\"placeholder\":\"\",\"visible\":false,\"editable\":true,\"mainField\":\"firstname\"},\"list\":{\"label\":\"updatedBy\",\"searchable\":true,\"sortable\":true}}},\"layouts\":{\"list\":[\"id\",\"name\",\"description\",\"type\"],\"edit\":[[{\"name\":\"name\",\"size\":6},{\"name\":\"description\",\"size\":6}],[{\"name\":\"type\",\"size\":6},{\"name\":\"accessKey\",\"size\":6}],[{\"name\":\"lastUsedAt\",\"size\":6},{\"name\":\"permissions\",\"size\":6}],[{\"name\":\"expiresAt\",\"size\":6},{\"name\":\"lifespan\",\"size\":4}]]},\"uid\":\"admin::api-token\"}','object',NULL,NULL),(18,'plugin_content_manager_configuration_content_types::admin::transfer-token-permission','{\"settings\":{\"bulkable\":true,\"filterable\":true,\"searchable\":true,\"pageSize\":10,\"mainField\":\"action\",\"defaultSortBy\":\"action\",\"defaultSortOrder\":\"ASC\"},\"metadatas\":{\"id\":{\"edit\":{},\"list\":{\"label\":\"id\",\"searchable\":true,\"sortable\":true}},\"action\":{\"edit\":{\"label\":\"action\",\"description\":\"\",\"placeholder\":\"\",\"visible\":true,\"editable\":true},\"list\":{\"label\":\"action\",\"searchable\":true,\"sortable\":true}},\"token\":{\"edit\":{\"label\":\"token\",\"description\":\"\",\"placeholder\":\"\",\"visible\":true,\"editable\":true,\"mainField\":\"name\"},\"list\":{\"label\":\"token\",\"searchable\":true,\"sortable\":true}},\"createdAt\":{\"edit\":{\"label\":\"createdAt\",\"description\":\"\",\"placeholder\":\"\",\"visible\":false,\"editable\":true},\"list\":{\"label\":\"createdAt\",\"searchable\":true,\"sortable\":true}},\"updatedAt\":{\"edit\":{\"label\":\"updatedAt\",\"description\":\"\",\"placeholder\":\"\",\"visible\":false,\"editable\":true},\"list\":{\"label\":\"updatedAt\",\"searchable\":true,\"sortable\":true}},\"createdBy\":{\"edit\":{\"label\":\"createdBy\",\"description\":\"\",\"placeholder\":\"\",\"visible\":false,\"editable\":true,\"mainField\":\"firstname\"},\"list\":{\"label\":\"createdBy\",\"searchable\":true,\"sortable\":true}},\"updatedBy\":{\"edit\":{\"label\":\"updatedBy\",\"description\":\"\",\"placeholder\":\"\",\"visible\":false,\"editable\":true,\"mainField\":\"firstname\"},\"list\":{\"label\":\"updatedBy\",\"searchable\":true,\"sortable\":true}}},\"layouts\":{\"list\":[\"id\",\"action\",\"token\",\"createdAt\"],\"edit\":[[{\"name\":\"action\",\"size\":6},{\"name\":\"token\",\"size\":6}]]},\"uid\":\"admin::transfer-token-permission\"}','object',NULL,NULL),(19,'plugin_upload_settings','{\"sizeOptimization\":true,\"responsiveDimensions\":true,\"autoOrientation\":false}','object',NULL,NULL),(20,'plugin_upload_view_configuration','{\"pageSize\":10,\"sort\":\"createdAt:DESC\"}','object',NULL,NULL),(21,'plugin_upload_metrics','{\"weeklySchedule\":\"12 44 10 * * 5\",\"lastWeeklyUpdate\":1754649852026}','object',NULL,NULL),(22,'plugin_i18n_default_locale','\"en\"','string',NULL,NULL),(23,'plugin_users-permissions_grant','{\"email\":{\"icon\":\"envelope\",\"enabled\":true},\"discord\":{\"icon\":\"discord\",\"enabled\":false,\"key\":\"\",\"secret\":\"\",\"callbackUrl\":\"api/auth/discord/callback\",\"scope\":[\"identify\",\"email\"]},\"facebook\":{\"icon\":\"facebook-square\",\"enabled\":false,\"key\":\"\",\"secret\":\"\",\"callbackUrl\":\"api/auth/facebook/callback\",\"scope\":[\"email\"]},\"google\":{\"icon\":\"google\",\"enabled\":false,\"key\":\"\",\"secret\":\"\",\"callbackUrl\":\"api/auth/google/callback\",\"scope\":[\"email\"]},\"github\":{\"icon\":\"github\",\"enabled\":false,\"key\":\"\",\"secret\":\"\",\"callbackUrl\":\"api/auth/github/callback\",\"scope\":[\"user\",\"user:email\"]},\"microsoft\":{\"icon\":\"windows\",\"enabled\":false,\"key\":\"\",\"secret\":\"\",\"callbackUrl\":\"api/auth/microsoft/callback\",\"scope\":[\"user.read\"]},\"twitter\":{\"icon\":\"twitter\",\"enabled\":false,\"key\":\"\",\"secret\":\"\",\"callbackUrl\":\"api/auth/twitter/callback\"},\"instagram\":{\"icon\":\"instagram\",\"enabled\":false,\"key\":\"\",\"secret\":\"\",\"callbackUrl\":\"api/auth/instagram/callback\",\"scope\":[\"user_profile\"]},\"vk\":{\"icon\":\"vk\",\"enabled\":false,\"key\":\"\",\"secret\":\"\",\"callbackUrl\":\"api/auth/vk/callback\",\"scope\":[\"email\"]},\"twitch\":{\"icon\":\"twitch\",\"enabled\":false,\"key\":\"\",\"secret\":\"\",\"callbackUrl\":\"api/auth/twitch/callback\",\"scope\":[\"user:read:email\"]},\"linkedin\":{\"icon\":\"linkedin\",\"enabled\":false,\"key\":\"\",\"secret\":\"\",\"callbackUrl\":\"api/auth/linkedin/callback\",\"scope\":[\"r_liteprofile\",\"r_emailaddress\"]},\"cognito\":{\"icon\":\"aws\",\"enabled\":false,\"key\":\"\",\"secret\":\"\",\"subdomain\":\"my.subdomain.com\",\"callback\":\"api/auth/cognito/callback\",\"scope\":[\"email\",\"openid\",\"profile\"]},\"reddit\":{\"icon\":\"reddit\",\"enabled\":false,\"key\":\"\",\"secret\":\"\",\"callback\":\"api/auth/reddit/callback\",\"scope\":[\"identity\"]},\"auth0\":{\"icon\":\"\",\"enabled\":false,\"key\":\"\",\"secret\":\"\",\"subdomain\":\"my-tenant.eu\",\"callback\":\"api/auth/auth0/callback\",\"scope\":[\"openid\",\"email\",\"profile\"]},\"cas\":{\"icon\":\"book\",\"enabled\":false,\"key\":\"\",\"secret\":\"\",\"callback\":\"api/auth/cas/callback\",\"scope\":[\"openid email\"],\"subdomain\":\"my.subdomain.com/cas\"},\"patreon\":{\"icon\":\"\",\"enabled\":false,\"key\":\"\",\"secret\":\"\",\"callback\":\"api/auth/patreon/callback\",\"scope\":[\"identity\",\"identity[email]\"]},\"keycloak\":{\"icon\":\"\",\"enabled\":false,\"key\":\"\",\"secret\":\"\",\"subdomain\":\"myKeycloakProvider.com/realms/myrealm\",\"callback\":\"api/auth/keycloak/callback\",\"scope\":[\"openid\",\"email\",\"profile\"]}}','object',NULL,NULL),(24,'plugin_users-permissions_email','{\"reset_password\":{\"display\":\"Email.template.reset_password\",\"icon\":\"sync\",\"options\":{\"from\":{\"name\":\"Administration Panel\",\"email\":\"no-reply@strapi.io\"},\"response_email\":\"\",\"object\":\"Reset password\",\"message\":\"<p>We heard that you lost your password. Sorry about that!</p>\\n\\n<p>But dont worry! You can use the following link to reset your password:</p>\\n<p><%= URL %>?code=<%= TOKEN %></p>\\n\\n<p>Thanks.</p>\"}},\"email_confirmation\":{\"display\":\"Email.template.email_confirmation\",\"icon\":\"check-square\",\"options\":{\"from\":{\"name\":\"Administration Panel\",\"email\":\"no-reply@strapi.io\"},\"response_email\":\"\",\"object\":\"Account confirmation\",\"message\":\"<p>Thank you for registering!</p>\\n\\n<p>You have to confirm your email address. Please click on the link below.</p>\\n\\n<p><%= URL %>?confirmation=<%= CODE %></p>\\n\\n<p>Thanks.</p>\"}}}','object',NULL,NULL),(25,'plugin_users-permissions_advanced','{\"unique_email\":true,\"allow_register\":true,\"email_confirmation\":false,\"email_reset_password\":null,\"email_confirmation_redirection\":null,\"default_role\":\"authenticated\"}','object',NULL,NULL),(26,'core_admin_auth','{\"providers\":{\"autoRegister\":false,\"defaultRole\":null,\"ssoLockedRoles\":null}}','object',NULL,NULL),(27,'plugin_content_manager_configuration_content_types::api::domain.domain','{\"settings\":{\"bulkable\":true,\"filterable\":true,\"searchable\":true,\"pageSize\":10,\"mainField\":\"name\",\"defaultSortBy\":\"name\",\"defaultSortOrder\":\"ASC\"},\"metadatas\":{\"id\":{\"edit\":{},\"list\":{\"label\":\"id\",\"searchable\":true,\"sortable\":true}},\"name\":{\"edit\":{\"label\":\"name\",\"description\":\"\",\"placeholder\":\"\",\"visible\":true,\"editable\":true},\"list\":{\"label\":\"name\",\"searchable\":true,\"sortable\":true}},\"description\":{\"edit\":{\"label\":\"description\",\"description\":\"\",\"placeholder\":\"\",\"visible\":true,\"editable\":true},\"list\":{\"label\":\"description\",\"searchable\":true,\"sortable\":true}},\"schema_url\":{\"edit\":{\"label\":\"schema_url\",\"description\":\"\",\"placeholder\":\"\",\"visible\":true,\"editable\":true},\"list\":{\"label\":\"schema_url\",\"searchable\":true,\"sortable\":true}},\"createdAt\":{\"edit\":{\"label\":\"createdAt\",\"description\":\"\",\"placeholder\":\"\",\"visible\":false,\"editable\":true},\"list\":{\"label\":\"createdAt\",\"searchable\":true,\"sortable\":true}},\"updatedAt\":{\"edit\":{\"label\":\"updatedAt\",\"description\":\"\",\"placeholder\":\"\",\"visible\":false,\"editable\":true},\"list\":{\"label\":\"updatedAt\",\"searchable\":true,\"sortable\":true}},\"createdBy\":{\"edit\":{\"label\":\"createdBy\",\"description\":\"\",\"placeholder\":\"\",\"visible\":false,\"editable\":true,\"mainField\":\"firstname\"},\"list\":{\"label\":\"createdBy\",\"searchable\":true,\"sortable\":true}},\"updatedBy\":{\"edit\":{\"label\":\"updatedBy\",\"description\":\"\",\"placeholder\":\"\",\"visible\":false,\"editable\":true,\"mainField\":\"firstname\"},\"list\":{\"label\":\"updatedBy\",\"searchable\":true,\"sortable\":true}}},\"layouts\":{\"list\":[\"id\",\"name\",\"description\",\"schema_url\"],\"edit\":[[{\"name\":\"name\",\"size\":6},{\"name\":\"description\",\"size\":6}],[{\"name\":\"schema_url\",\"size\":6}]]},\"uid\":\"api::domain.domain\"}','object',NULL,NULL),(29,'plugin_content_manager_configuration_content_types::api::user-network-subscriber.user-network-subscriber','{\"settings\":{\"bulkable\":true,\"filterable\":true,\"searchable\":true,\"pageSize\":10,\"mainField\":\"record_id\",\"defaultSortBy\":\"record_id\",\"defaultSortOrder\":\"ASC\"},\"metadatas\":{\"id\":{\"edit\":{},\"list\":{\"label\":\"id\",\"searchable\":true,\"sortable\":true}},\"user\":{\"edit\":{\"label\":\"user\",\"description\":\"\",\"placeholder\":\"\",\"visible\":true,\"editable\":true,\"mainField\":\"username\"},\"list\":{\"label\":\"user\",\"searchable\":true,\"sortable\":true}},\"record_id\":{\"edit\":{\"label\":\"record_id\",\"description\":\"\",\"placeholder\":\"\",\"visible\":true,\"editable\":true},\"list\":{\"label\":\"record_id\",\"searchable\":true,\"sortable\":true}},\"record_name\":{\"edit\":{\"label\":\"record_name\",\"description\":\"\",\"placeholder\":\"\",\"visible\":true,\"editable\":true},\"list\":{\"label\":\"record_name\",\"searchable\":true,\"sortable\":true}},\"createdAt\":{\"edit\":{\"label\":\"createdAt\",\"description\":\"\",\"placeholder\":\"\",\"visible\":false,\"editable\":true},\"list\":{\"label\":\"createdAt\",\"searchable\":true,\"sortable\":true}},\"updatedAt\":{\"edit\":{\"label\":\"updatedAt\",\"description\":\"\",\"placeholder\":\"\",\"visible\":false,\"editable\":true},\"list\":{\"label\":\"updatedAt\",\"searchable\":true,\"sortable\":true}},\"createdBy\":{\"edit\":{\"label\":\"createdBy\",\"description\":\"\",\"placeholder\":\"\",\"visible\":false,\"editable\":true,\"mainField\":\"firstname\"},\"list\":{\"label\":\"createdBy\",\"searchable\":true,\"sortable\":true}},\"updatedBy\":{\"edit\":{\"label\":\"updatedBy\",\"description\":\"\",\"placeholder\":\"\",\"visible\":false,\"editable\":true,\"mainField\":\"firstname\"},\"list\":{\"label\":\"updatedBy\",\"searchable\":true,\"sortable\":true}}},\"layouts\":{\"list\":[\"id\",\"user\",\"record_id\",\"record_name\"],\"edit\":[[{\"name\":\"user\",\"size\":6},{\"name\":\"record_id\",\"size\":6}],[{\"name\":\"record_name\",\"size\":6}]]},\"uid\":\"api::user-network-subscriber.user-network-subscriber\"}','object',NULL,NULL);
/*!40000 ALTER TABLE `strapi_core_store_settings` ENABLE KEYS */;
UNLOCK TABLES;

--
-- Table structure for table `strapi_database_schema`
--

DROP TABLE IF EXISTS `strapi_database_schema`;
/*!40101 SET @saved_cs_client     = @@character_set_client */;
/*!50503 SET character_set_client = utf8mb4 */;
CREATE TABLE `strapi_database_schema` (
  `id` int unsigned NOT NULL AUTO_INCREMENT,
  `schema` json DEFAULT NULL,
  `time` datetime DEFAULT NULL,
  `hash` varchar(255) DEFAULT NULL,
  PRIMARY KEY (`id`)
) ENGINE=InnoDB AUTO_INCREMENT=7 DEFAULT CHARSET=utf8mb4 COLLATE=utf8mb4_0900_ai_ci;
/*!40101 SET character_set_client = @saved_cs_client */;

--
-- Dumping data for table `strapi_database_schema`
--

LOCK TABLES `strapi_database_schema` WRITE;
/*!40000 ALTER TABLE `strapi_database_schema` DISABLE KEYS */;
INSERT INTO `strapi_database_schema` VALUES (6,'{\"tables\": [{\"name\": \"domains\", \"columns\": [{\"args\": [{\"primary\": true, \"primaryKey\": true}], \"name\": \"id\", \"type\": \"increments\", \"unsigned\": false, \"defaultTo\": null, \"notNullable\": true}, {\"args\": [], \"name\": \"document_id\", \"type\": \"string\", \"unsigned\": false, \"defaultTo\": null, \"notNullable\": false}, {\"args\": [], \"name\": \"name\", \"type\": \"string\", \"unsigned\": false, \"defaultTo\": null, \"notNullable\": false}, {\"args\": [], \"name\": \"description\", \"type\": \"string\", \"unsigned\": false, \"defaultTo\": null, \"notNullable\": false}, {\"args\": [], \"name\": \"schema_url\", \"type\": \"string\", \"unsigned\": false, \"defaultTo\": null, \"notNullable\": false}, {\"args\": [{\"useTz\": false, \"precision\": 6}], \"name\": \"created_at\", \"type\": \"datetime\", \"unsigned\": false, \"defaultTo\": null, \"notNullable\": false}, {\"args\": [{\"useTz\": false, \"precision\": 6}], \"name\": \"updated_at\", \"type\": \"datetime\", \"unsigned\": false, \"defaultTo\": null, \"notNullable\": false}, {\"args\": [{\"useTz\": false, \"precision\": 6}], \"name\": \"published_at\", \"type\": \"datetime\", \"unsigned\": false, \"defaultTo\": null, \"notNullable\": false}, {\"args\": [], \"name\": \"created_by_id\", \"type\": \"integer\", \"unsigned\": true, \"defaultTo\": null, \"notNullable\": false}, {\"args\": [], \"name\": \"updated_by_id\", \"type\": \"integer\", \"unsigned\": true, \"defaultTo\": null, \"notNullable\": false}, {\"args\": [], \"name\": \"locale\", \"type\": \"string\", \"unsigned\": false, \"defaultTo\": null, \"notNullable\": false}], \"indexes\": [{\"name\": \"domains_documents_idx\", \"columns\": [\"document_id\", \"locale\", \"published_at\"]}, {\"name\": \"domains_created_by_id_fk\", \"columns\": [\"created_by_id\"]}, {\"name\": \"domains_updated_by_id_fk\", \"columns\": [\"updated_by_id\"]}], \"foreignKeys\": [{\"name\": \"domains_created_by_id_fk\", \"columns\": [\"created_by_id\"], \"onDelete\": \"SET NULL\", \"referencedTable\": \"admin_users\", \"referencedColumns\": [\"id\"]}, {\"name\": \"domains_updated_by_id_fk\", \"columns\": [\"updated_by_id\"], \"onDelete\": \"SET NULL\", \"referencedTable\": \"admin_users\", \"referencedColumns\": [\"id\"]}]}, {\"name\": \"user_network_subscribers\", \"columns\": [{\"args\": [{\"primary\": true, \"primaryKey\": true}], \"name\": \"id\", \"type\": \"increments\", \"unsigned\": false, \"defaultTo\": null, \"notNullable\": true}, {\"args\": [], \"name\": \"document_id\", \"type\": \"string\", \"unsigned\": false, \"defaultTo\": null, \"notNullable\": false}, {\"args\": [], \"name\": \"record_id\", \"type\": \"string\", \"unsigned\": false, \"defaultTo\": null, \"notNullable\": false}, {\"args\": [], \"name\": \"record_name\", \"type\": \"string\", \"unsigned\": false, \"defaultTo\": null, \"notNullable\": false}, {\"args\": [{\"useTz\": false, \"precision\": 6}], \"name\": \"created_at\", \"type\": \"datetime\", \"unsigned\": false, \"defaultTo\": null, \"notNullable\": false}, {\"args\": [{\"useTz\": false, \"precision\": 6}], \"name\": \"updated_at\", \"type\": \"datetime\", \"unsigned\": false, \"defaultTo\": null, \"notNullable\": false}, {\"args\": [{\"useTz\": false, \"precision\": 6}], \"name\": \"published_at\", \"type\": \"datetime\", \"unsigned\": false, \"defaultTo\": null, \"notNullable\": false}, {\"args\": [], \"name\": \"created_by_id\", \"type\": \"integer\", \"unsigned\": true, \"defaultTo\": null, \"notNullable\": false}, {\"args\": [], \"name\": \"updated_by_id\", \"type\": \"integer\", \"unsigned\": true, \"defaultTo\": null, \"notNullable\": false}, {\"args\": [], \"name\": \"locale\", \"type\": \"string\", \"unsigned\": false, \"defaultTo\": null, \"notNullable\": false}], \"indexes\": [{\"name\": \"user_network_subscribers_documents_idx\", \"columns\": [\"document_id\", \"locale\", \"published_at\"]}, {\"name\": \"user_network_subscribers_created_by_id_fk\", \"columns\": [\"created_by_id\"]}, {\"name\": \"user_network_subscribers_updated_by_id_fk\", \"columns\": [\"updated_by_id\"]}], \"foreignKeys\": [{\"name\": \"user_network_subscribers_created_by_id_fk\", \"columns\": [\"created_by_id\"], \"onDelete\": \"SET NULL\", \"referencedTable\": \"admin_users\", \"referencedColumns\": [\"id\"]}, {\"name\": \"user_network_subscribers_updated_by_id_fk\", \"columns\": [\"updated_by_id\"], \"onDelete\": \"SET NULL\", \"referencedTable\": \"admin_users\", \"referencedColumns\": [\"id\"]}]}, {\"name\": \"files\", \"columns\": [{\"args\": [{\"primary\": true, \"primaryKey\": true}], \"name\": \"id\", \"type\": \"increments\", \"unsigned\": false, \"defaultTo\": null, \"notNullable\": true}, {\"args\": [], \"name\": \"document_id\", \"type\": \"string\", \"unsigned\": false, \"defaultTo\": null, \"notNullable\": false}, {\"args\": [], \"name\": \"name\", \"type\": \"string\", \"unsigned\": false, \"defaultTo\": null, \"notNullable\": false}, {\"args\": [], \"name\": \"alternative_text\", \"type\": \"string\", \"unsigned\": false, \"defaultTo\": null, \"notNullable\": false}, {\"args\": [], \"name\": \"caption\", \"type\": \"string\", \"unsigned\": false, \"defaultTo\": null, \"notNullable\": false}, {\"args\": [], \"name\": \"width\", \"type\": \"integer\", \"unsigned\": false, \"defaultTo\": null, \"notNullable\": false}, {\"args\": [], \"name\": \"height\", \"type\": \"integer\", \"unsigned\": false, \"defaultTo\": null, \"notNullable\": false}, {\"args\": [], \"name\": \"formats\", \"type\": \"jsonb\", \"unsigned\": false, \"defaultTo\": null, \"notNullable\": false}, {\"args\": [], \"name\": \"hash\", \"type\": \"string\", \"unsigned\": false, \"defaultTo\": null, \"notNullable\": false}, {\"args\": [], \"name\": \"ext\", \"type\": \"string\", \"unsigned\": false, \"defaultTo\": null, \"notNullable\": false}, {\"args\": [], \"name\": \"mime\", \"type\": \"string\", \"unsigned\": false, \"defaultTo\": null, \"notNullable\": false}, {\"args\": [10, 2], \"name\": \"size\", \"type\": \"decimal\", \"unsigned\": false, \"defaultTo\": null, \"notNullable\": false}, {\"args\": [], \"name\": \"url\", \"type\": \"string\", \"unsigned\": false, \"defaultTo\": null, \"notNullable\": false}, {\"args\": [], \"name\": \"preview_url\", \"type\": \"string\", \"unsigned\": false, \"defaultTo\": null, \"notNullable\": false}, {\"args\": [], \"name\": \"provider\", \"type\": \"string\", \"unsigned\": false, \"defaultTo\": null, \"notNullable\": false}, {\"args\": [], \"name\": \"provider_metadata\", \"type\": \"jsonb\", \"unsigned\": false, \"defaultTo\": null, \"notNullable\": false}, {\"args\": [], \"name\": \"folder_path\", \"type\": \"string\", \"unsigned\": false, \"defaultTo\": null, \"notNullable\": false}, {\"args\": [{\"useTz\": false, \"precision\": 6}], \"name\": \"created_at\", \"type\": \"datetime\", \"unsigned\": false, \"defaultTo\": null, \"notNullable\": false}, {\"args\": [{\"useTz\": false, \"precision\": 6}], \"name\": \"updated_at\", \"type\": \"datetime\", \"unsigned\": false, \"defaultTo\": null, \"notNullable\": false}, {\"args\": [{\"useTz\": false, \"precision\": 6}], \"name\": \"published_at\", \"type\": \"datetime\", \"unsigned\": false, \"defaultTo\": null, \"notNullable\": false}, {\"args\": [], \"name\": \"created_by_id\", \"type\": \"integer\", \"unsigned\": true, \"defaultTo\": null, \"notNullable\": false}, {\"args\": [], \"name\": \"updated_by_id\", \"type\": \"integer\", \"unsigned\": true, \"defaultTo\": null, \"notNullable\": false}, {\"args\": [], \"name\": \"locale\", \"type\": \"string\", \"unsigned\": false, \"defaultTo\": null, \"notNullable\": false}], \"indexes\": [{\"name\": \"upload_files_folder_path_index\", \"type\": null, \"columns\": [\"folder_path\"]}, {\"name\": \"upload_files_created_at_index\", \"type\": null, \"columns\": [\"created_at\"]}, {\"name\": \"upload_files_updated_at_index\", \"type\": null, \"columns\": [\"updated_at\"]}, {\"name\": \"upload_files_name_index\", \"type\": null, \"columns\": [\"name\"]}, {\"name\": \"upload_files_size_index\", \"type\": null, \"columns\": [\"size\"]}, {\"name\": \"upload_files_ext_index\", \"type\": null, \"columns\": [\"ext\"]}, {\"name\": \"files_documents_idx\", \"columns\": [\"document_id\", \"locale\", \"published_at\"]}, {\"name\": \"files_created_by_id_fk\", \"columns\": [\"created_by_id\"]}, {\"name\": \"files_updated_by_id_fk\", \"columns\": [\"updated_by_id\"]}], \"foreignKeys\": [{\"name\": \"files_created_by_id_fk\", \"columns\": [\"created_by_id\"], \"onDelete\": \"SET NULL\", \"referencedTable\": \"admin_users\", \"referencedColumns\": [\"id\"]}, {\"name\": \"files_updated_by_id_fk\", \"columns\": [\"updated_by_id\"], \"onDelete\": \"SET NULL\", \"referencedTable\": \"admin_users\", \"referencedColumns\": [\"id\"]}]}, {\"name\": \"upload_folders\", \"columns\": [{\"args\": [{\"primary\": true, \"primaryKey\": true}], \"name\": \"id\", \"type\": \"increments\", \"unsigned\": false, \"defaultTo\": null, \"notNullable\": true}, {\"args\": [], \"name\": \"document_id\", \"type\": \"string\", \"unsigned\": false, \"defaultTo\": null, \"notNullable\": false}, {\"args\": [], \"name\": \"name\", \"type\": \"string\", \"unsigned\": false, \"defaultTo\": null, \"notNullable\": false}, {\"args\": [], \"name\": \"path_id\", \"type\": \"integer\", \"unsigned\": false, \"defaultTo\": null, \"notNullable\": false}, {\"args\": [], \"name\": \"path\", \"type\": \"string\", \"unsigned\": false, \"defaultTo\": null, \"notNullable\": false}, {\"args\": [{\"useTz\": false, \"precision\": 6}], \"name\": \"created_at\", \"type\": \"datetime\", \"unsigned\": false, \"defaultTo\": null, \"notNullable\": false}, {\"args\": [{\"useTz\": false, \"precision\": 6}], \"name\": \"updated_at\", \"type\": \"datetime\", \"unsigned\": false, \"defaultTo\": null, \"notNullable\": false}, {\"args\": [{\"useTz\": false, \"precision\": 6}], \"name\": \"published_at\", \"type\": \"datetime\", \"unsigned\": false, \"defaultTo\": null, \"notNullable\": false}, {\"args\": [], \"name\": \"created_by_id\", \"type\": \"integer\", \"unsigned\": true, \"defaultTo\": null, \"notNullable\": false}, {\"args\": [], \"name\": \"updated_by_id\", \"type\": \"integer\", \"unsigned\": true, \"defaultTo\": null, \"notNullable\": false}, {\"args\": [], \"name\": \"locale\", \"type\": \"string\", \"unsigned\": false, \"defaultTo\": null, \"notNullable\": false}], \"indexes\": [{\"name\": \"upload_folders_path_id_index\", \"type\": \"unique\", \"columns\": [\"path_id\"]}, {\"name\": \"upload_folders_path_index\", \"type\": \"unique\", \"columns\": [\"path\"]}, {\"name\": \"upload_folders_documents_idx\", \"columns\": [\"document_id\", \"locale\", \"published_at\"]}, {\"name\": \"upload_folders_created_by_id_fk\", \"columns\": [\"created_by_id\"]}, {\"name\": \"upload_folders_updated_by_id_fk\", \"columns\": [\"updated_by_id\"]}], \"foreignKeys\": [{\"name\": \"upload_folders_created_by_id_fk\", \"columns\": [\"created_by_id\"], \"onDelete\": \"SET NULL\", \"referencedTable\": \"admin_users\", \"referencedColumns\": [\"id\"]}, {\"name\": \"upload_folders_updated_by_id_fk\", \"columns\": [\"updated_by_id\"], \"onDelete\": \"SET NULL\", \"referencedTable\": \"admin_users\", \"referencedColumns\": [\"id\"]}]}, {\"name\": \"i18n_locale\", \"columns\": [{\"args\": [{\"primary\": true, \"primaryKey\": true}], \"name\": \"id\", \"type\": \"increments\", \"unsigned\": false, \"defaultTo\": null, \"notNullable\": true}, {\"args\": [], \"name\": \"document_id\", \"type\": \"string\", \"unsigned\": false, \"defaultTo\": null, \"notNullable\": false}, {\"args\": [], \"name\": \"name\", \"type\": \"string\", \"unsigned\": false, \"defaultTo\": null, \"notNullable\": false}, {\"args\": [], \"name\": \"code\", \"type\": \"string\", \"unsigned\": false, \"defaultTo\": null, \"notNullable\": false}, {\"args\": [{\"useTz\": false, \"precision\": 6}], \"name\": \"created_at\", \"type\": \"datetime\", \"unsigned\": false, \"defaultTo\": null, \"notNullable\": false}, {\"args\": [{\"useTz\": false, \"precision\": 6}], \"name\": \"updated_at\", \"type\": \"datetime\", \"unsigned\": false, \"defaultTo\": null, \"notNullable\": false}, {\"args\": [{\"useTz\": false, \"precision\": 6}], \"name\": \"published_at\", \"type\": \"datetime\", \"unsigned\": false, \"defaultTo\": null, \"notNullable\": false}, {\"args\": [], \"name\": \"created_by_id\", \"type\": \"integer\", \"unsigned\": true, \"defaultTo\": null, \"notNullable\": false}, {\"args\": [], \"name\": \"updated_by_id\", \"type\": \"integer\", \"unsigned\": true, \"defaultTo\": null, \"notNullable\": false}, {\"args\": [], \"name\": \"locale\", \"type\": \"string\", \"unsigned\": false, \"defaultTo\": null, \"notNullable\": false}], \"indexes\": [{\"name\": \"i18n_locale_documents_idx\", \"columns\": [\"document_id\", \"locale\", \"published_at\"]}, {\"name\": \"i18n_locale_created_by_id_fk\", \"columns\": [\"created_by_id\"]}, {\"name\": \"i18n_locale_updated_by_id_fk\", \"columns\": [\"updated_by_id\"]}], \"foreignKeys\": [{\"name\": \"i18n_locale_created_by_id_fk\", \"columns\": [\"created_by_id\"], \"onDelete\": \"SET NULL\", \"referencedTable\": \"admin_users\", \"referencedColumns\": [\"id\"]}, {\"name\": \"i18n_locale_updated_by_id_fk\", \"columns\": [\"updated_by_id\"], \"onDelete\": \"SET NULL\", \"referencedTable\": \"admin_users\", \"referencedColumns\": [\"id\"]}]}, {\"name\": \"strapi_releases\", \"columns\": [{\"args\": [{\"primary\": true, \"primaryKey\": true}], \"name\": \"id\", \"type\": \"increments\", \"unsigned\": false, \"defaultTo\": null, \"notNullable\": true}, {\"args\": [], \"name\": \"document_id\", \"type\": \"string\", \"unsigned\": false, \"defaultTo\": null, \"notNullable\": false}, {\"args\": [], \"name\": \"name\", \"type\": \"string\", \"unsigned\": false, \"defaultTo\": null, \"notNullable\": false}, {\"args\": [{\"useTz\": false, \"precision\": 6}], \"name\": \"released_at\", \"type\": \"datetime\", \"unsigned\": false, \"defaultTo\": null, \"notNullable\": false}, {\"args\": [{\"useTz\": false, \"precision\": 6}], \"name\": \"scheduled_at\", \"type\": \"datetime\", \"unsigned\": false, \"defaultTo\": null, \"notNullable\": false}, {\"args\": [], \"name\": \"timezone\", \"type\": \"string\", \"unsigned\": false, \"defaultTo\": null, \"notNullable\": false}, {\"args\": [], \"name\": \"status\", \"type\": \"string\", \"unsigned\": false, \"defaultTo\": null, \"notNullable\": false}, {\"args\": [{\"useTz\": false, \"precision\": 6}], \"name\": \"created_at\", \"type\": \"datetime\", \"unsigned\": false, \"defaultTo\": null, \"notNullable\": false}, {\"args\": [{\"useTz\": false, \"precision\": 6}], \"name\": \"updated_at\", \"type\": \"datetime\", \"unsigned\": false, \"defaultTo\": null, \"notNullable\": false}, {\"args\": [{\"useTz\": false, \"precision\": 6}], \"name\": \"published_at\", \"type\": \"datetime\", \"unsigned\": false, \"defaultTo\": null, \"notNullable\": false}, {\"args\": [], \"name\": \"created_by_id\", \"type\": \"integer\", \"unsigned\": true, \"defaultTo\": null, \"notNullable\": false}, {\"args\": [], \"name\": \"updated_by_id\", \"type\": \"integer\", \"unsigned\": true, \"defaultTo\": null, \"notNullable\": false}, {\"args\": [], \"name\": \"locale\", \"type\": \"string\", \"unsigned\": false, \"defaultTo\": null, \"notNullable\": false}], \"indexes\": [{\"name\": \"strapi_releases_documents_idx\", \"columns\": [\"document_id\", \"locale\", \"published_at\"]}, {\"name\": \"strapi_releases_created_by_id_fk\", \"columns\": [\"created_by_id\"]}, {\"name\": \"strapi_releases_updated_by_id_fk\", \"columns\": [\"updated_by_id\"]}], \"foreignKeys\": [{\"name\": \"strapi_releases_created_by_id_fk\", \"columns\": [\"created_by_id\"], \"onDelete\": \"SET NULL\", \"referencedTable\": \"admin_users\", \"referencedColumns\": [\"id\"]}, {\"name\": \"strapi_releases_updated_by_id_fk\", \"columns\": [\"updated_by_id\"], \"onDelete\": \"SET NULL\", \"referencedTable\": \"admin_users\", \"referencedColumns\": [\"id\"]}]}, {\"name\": \"strapi_release_actions\", \"columns\": [{\"args\": [{\"primary\": true, \"primaryKey\": true}], \"name\": \"id\", \"type\": \"increments\", \"unsigned\": false, \"defaultTo\": null, \"notNullable\": true}, {\"args\": [], \"name\": \"document_id\", \"type\": \"string\", \"unsigned\": false, \"defaultTo\": null, \"notNullable\": false}, {\"args\": [], \"name\": \"type\", \"type\": \"string\", \"unsigned\": false, \"defaultTo\": null, \"notNullable\": false}, {\"args\": [], \"name\": \"content_type\", \"type\": \"string\", \"unsigned\": false, \"defaultTo\": null, \"notNullable\": false}, {\"args\": [], \"name\": \"entry_document_id\", \"type\": \"string\", \"unsigned\": false, \"defaultTo\": null, \"notNullable\": false}, {\"args\": [], \"name\": \"locale\", \"type\": \"string\", \"unsigned\": false, \"defaultTo\": null, \"notNullable\": false}, {\"args\": [], \"name\": \"is_entry_valid\", \"type\": \"boolean\", \"unsigned\": false, \"defaultTo\": null, \"notNullable\": false}, {\"args\": [{\"useTz\": false, \"precision\": 6}], \"name\": \"created_at\", \"type\": \"datetime\", \"unsigned\": false, \"defaultTo\": null, \"notNullable\": false}, {\"args\": [{\"useTz\": false, \"precision\": 6}], \"name\": \"updated_at\", \"type\": \"datetime\", \"unsigned\": false, \"defaultTo\": null, \"notNullable\": false}, {\"args\": [{\"useTz\": false, \"precision\": 6}], \"name\": \"published_at\", \"type\": \"datetime\", \"unsigned\": false, \"defaultTo\": null, \"notNullable\": false}, {\"args\": [], \"name\": \"created_by_id\", \"type\": \"integer\", \"unsigned\": true, \"defaultTo\": null, \"notNullable\": false}, {\"args\": [], \"name\": \"updated_by_id\", \"type\": \"integer\", \"unsigned\": true, \"defaultTo\": null, \"notNullable\": false}], \"indexes\": [{\"name\": \"strapi_release_actions_documents_idx\", \"columns\": [\"document_id\", \"locale\", \"published_at\"]}, {\"name\": \"strapi_release_actions_created_by_id_fk\", \"columns\": [\"created_by_id\"]}, {\"name\": \"strapi_release_actions_updated_by_id_fk\", \"columns\": [\"updated_by_id\"]}], \"foreignKeys\": [{\"name\": \"strapi_release_actions_created_by_id_fk\", \"columns\": [\"created_by_id\"], \"onDelete\": \"SET NULL\", \"referencedTable\": \"admin_users\", \"referencedColumns\": [\"id\"]}, {\"name\": \"strapi_release_actions_updated_by_id_fk\", \"columns\": [\"updated_by_id\"], \"onDelete\": \"SET NULL\", \"referencedTable\": \"admin_users\", \"referencedColumns\": [\"id\"]}]}, {\"name\": \"strapi_workflows\", \"columns\": [{\"args\": [{\"primary\": true, \"primaryKey\": true}], \"name\": \"id\", \"type\": \"increments\", \"unsigned\": false, \"defaultTo\": null, \"notNullable\": true}, {\"args\": [], \"name\": \"document_id\", \"type\": \"string\", \"unsigned\": false, \"defaultTo\": null, \"notNullable\": false}, {\"args\": [], \"name\": \"name\", \"type\": \"string\", \"unsigned\": false, \"defaultTo\": null, \"notNullable\": false}, {\"args\": [], \"name\": \"content_types\", \"type\": \"jsonb\", \"unsigned\": false, \"defaultTo\": null, \"notNullable\": false}, {\"args\": [{\"useTz\": false, \"precision\": 6}], \"name\": \"created_at\", \"type\": \"datetime\", \"unsigned\": false, \"defaultTo\": null, \"notNullable\": false}, {\"args\": [{\"useTz\": false, \"precision\": 6}], \"name\": \"updated_at\", \"type\": \"datetime\", \"unsigned\": false, \"defaultTo\": null, \"notNullable\": false}, {\"args\": [{\"useTz\": false, \"precision\": 6}], \"name\": \"published_at\", \"type\": \"datetime\", \"unsigned\": false, \"defaultTo\": null, \"notNullable\": false}, {\"args\": [], \"name\": \"created_by_id\", \"type\": \"integer\", \"unsigned\": true, \"defaultTo\": null, \"notNullable\": false}, {\"args\": [], \"name\": \"updated_by_id\", \"type\": \"integer\", \"unsigned\": true, \"defaultTo\": null, \"notNullable\": false}, {\"args\": [], \"name\": \"locale\", \"type\": \"string\", \"unsigned\": false, \"defaultTo\": null, \"notNullable\": false}], \"indexes\": [{\"name\": \"strapi_workflows_documents_idx\", \"columns\": [\"document_id\", \"locale\", \"published_at\"]}, {\"name\": \"strapi_workflows_created_by_id_fk\", \"columns\": [\"created_by_id\"]}, {\"name\": \"strapi_workflows_updated_by_id_fk\", \"columns\": [\"updated_by_id\"]}], \"foreignKeys\": [{\"name\": \"strapi_workflows_created_by_id_fk\", \"columns\": [\"created_by_id\"], \"onDelete\": \"SET NULL\", \"referencedTable\": \"admin_users\", \"referencedColumns\": [\"id\"]}, {\"name\": \"strapi_workflows_updated_by_id_fk\", \"columns\": [\"updated_by_id\"], \"onDelete\": \"SET NULL\", \"referencedTable\": \"admin_users\", \"referencedColumns\": [\"id\"]}]}, {\"name\": \"strapi_workflows_stages\", \"columns\": [{\"args\": [{\"primary\": true, \"primaryKey\": true}], \"name\": \"id\", \"type\": \"increments\", \"unsigned\": false, \"defaultTo\": null, \"notNullable\": true}, {\"args\": [], \"name\": \"document_id\", \"type\": \"string\", \"unsigned\": false, \"defaultTo\": null, \"notNullable\": false}, {\"args\": [], \"name\": \"name\", \"type\": \"string\", \"unsigned\": false, \"defaultTo\": null, \"notNullable\": false}, {\"args\": [], \"name\": \"color\", \"type\": \"string\", \"unsigned\": false, \"defaultTo\": null, \"notNullable\": false}, {\"args\": [{\"useTz\": false, \"precision\": 6}], \"name\": \"created_at\", \"type\": \"datetime\", \"unsigned\": false, \"defaultTo\": null, \"notNullable\": false}, {\"args\": [{\"useTz\": false, \"precision\": 6}], \"name\": \"updated_at\", \"type\": \"datetime\", \"unsigned\": false, \"defaultTo\": null, \"notNullable\": false}, {\"args\": [{\"useTz\": false, \"precision\": 6}], \"name\": \"published_at\", \"type\": \"datetime\", \"unsigned\": false, \"defaultTo\": null, \"notNullable\": false}, {\"args\": [], \"name\": \"created_by_id\", \"type\": \"integer\", \"unsigned\": true, \"defaultTo\": null, \"notNullable\": false}, {\"args\": [], \"name\": \"updated_by_id\", \"type\": \"integer\", \"unsigned\": true, \"defaultTo\": null, \"notNullable\": false}, {\"args\": [], \"name\": \"locale\", \"type\": \"string\", \"unsigned\": false, \"defaultTo\": null, \"notNullable\": false}], \"indexes\": [{\"name\": \"strapi_workflows_stages_documents_idx\", \"columns\": [\"document_id\", \"locale\", \"published_at\"]}, {\"name\": \"strapi_workflows_stages_created_by_id_fk\", \"columns\": [\"created_by_id\"]}, {\"name\": \"strapi_workflows_stages_updated_by_id_fk\", \"columns\": [\"updated_by_id\"]}], \"foreignKeys\": [{\"name\": \"strapi_workflows_stages_created_by_id_fk\", \"columns\": [\"created_by_id\"], \"onDelete\": \"SET NULL\", \"referencedTable\": \"admin_users\", \"referencedColumns\": [\"id\"]}, {\"name\": \"strapi_workflows_stages_updated_by_id_fk\", \"columns\": [\"updated_by_id\"], \"onDelete\": \"SET NULL\", \"referencedTable\": \"admin_users\", \"referencedColumns\": [\"id\"]}]}, {\"name\": \"up_permissions\", \"columns\": [{\"args\": [{\"primary\": true, \"primaryKey\": true}], \"name\": \"id\", \"type\": \"increments\", \"unsigned\": false, \"defaultTo\": null, \"notNullable\": true}, {\"args\": [], \"name\": \"document_id\", \"type\": \"string\", \"unsigned\": false, \"defaultTo\": null, \"notNullable\": false}, {\"args\": [], \"name\": \"action\", \"type\": \"string\", \"unsigned\": false, \"defaultTo\": null, \"notNullable\": false}, {\"args\": [{\"useTz\": false, \"precision\": 6}], \"name\": \"created_at\", \"type\": \"datetime\", \"unsigned\": false, \"defaultTo\": null, \"notNullable\": false}, {\"args\": [{\"useTz\": false, \"precision\": 6}], \"name\": \"updated_at\", \"type\": \"datetime\", \"unsigned\": false, \"defaultTo\": null, \"notNullable\": false}, {\"args\": [{\"useTz\": false, \"precision\": 6}], \"name\": \"published_at\", \"type\": \"datetime\", \"unsigned\": false, \"defaultTo\": null, \"notNullable\": false}, {\"args\": [], \"name\": \"created_by_id\", \"type\": \"integer\", \"unsigned\": true, \"defaultTo\": null, \"notNullable\": false}, {\"args\": [], \"name\": \"updated_by_id\", \"type\": \"integer\", \"unsigned\": true, \"defaultTo\": null, \"notNullable\": false}, {\"args\": [], \"name\": \"locale\", \"type\": \"string\", \"unsigned\": false, \"defaultTo\": null, \"notNullable\": false}], \"indexes\": [{\"name\": \"up_permissions_documents_idx\", \"columns\": [\"document_id\", \"locale\", \"published_at\"]}, {\"name\": \"up_permissions_created_by_id_fk\", \"columns\": [\"created_by_id\"]}, {\"name\": \"up_permissions_updated_by_id_fk\", \"columns\": [\"updated_by_id\"]}], \"foreignKeys\": [{\"name\": \"up_permissions_created_by_id_fk\", \"columns\": [\"created_by_id\"], \"onDelete\": \"SET NULL\", \"referencedTable\": \"admin_users\", \"referencedColumns\": [\"id\"]}, {\"name\": \"up_permissions_updated_by_id_fk\", \"columns\": [\"updated_by_id\"], \"onDelete\": \"SET NULL\", \"referencedTable\": \"admin_users\", \"referencedColumns\": [\"id\"]}]}, {\"name\": \"up_roles\", \"columns\": [{\"args\": [{\"primary\": true, \"primaryKey\": true}], \"name\": \"id\", \"type\": \"increments\", \"unsigned\": false, \"defaultTo\": null, \"notNullable\": true}, {\"args\": [], \"name\": \"document_id\", \"type\": \"string\", \"unsigned\": false, \"defaultTo\": null, \"notNullable\": false}, {\"args\": [], \"name\": \"name\", \"type\": \"string\", \"unsigned\": false, \"defaultTo\": null, \"notNullable\": false}, {\"args\": [], \"name\": \"description\", \"type\": \"string\", \"unsigned\": false, \"defaultTo\": null, \"notNullable\": false}, {\"args\": [], \"name\": \"type\", \"type\": \"string\", \"unsigned\": false, \"defaultTo\": null, \"notNullable\": false}, {\"args\": [{\"useTz\": false, \"precision\": 6}], \"name\": \"created_at\", \"type\": \"datetime\", \"unsigned\": false, \"defaultTo\": null, \"notNullable\": false}, {\"args\": [{\"useTz\": false, \"precision\": 6}], \"name\": \"updated_at\", \"type\": \"datetime\", \"unsigned\": false, \"defaultTo\": null, \"notNullable\": false}, {\"args\": [{\"useTz\": false, \"precision\": 6}], \"name\": \"published_at\", \"type\": \"datetime\", \"unsigned\": false, \"defaultTo\": null, \"notNullable\": false}, {\"args\": [], \"name\": \"created_by_id\", \"type\": \"integer\", \"unsigned\": true, \"defaultTo\": null, \"notNullable\": false}, {\"args\": [], \"name\": \"updated_by_id\", \"type\": \"integer\", \"unsigned\": true, \"defaultTo\": null, \"notNullable\": false}, {\"args\": [], \"name\": \"locale\", \"type\": \"string\", \"unsigned\": false, \"defaultTo\": null, \"notNullable\": false}], \"indexes\": [{\"name\": \"up_roles_documents_idx\", \"columns\": [\"document_id\", \"locale\", \"published_at\"]}, {\"name\": \"up_roles_created_by_id_fk\", \"columns\": [\"created_by_id\"]}, {\"name\": \"up_roles_updated_by_id_fk\", \"columns\": [\"updated_by_id\"]}], \"foreignKeys\": [{\"name\": \"up_roles_created_by_id_fk\", \"columns\": [\"created_by_id\"], \"onDelete\": \"SET NULL\", \"referencedTable\": \"admin_users\", \"referencedColumns\": [\"id\"]}, {\"name\": \"up_roles_updated_by_id_fk\", \"columns\": [\"updated_by_id\"], \"onDelete\": \"SET NULL\", \"referencedTable\": \"admin_users\", \"referencedColumns\": [\"id\"]}]}, {\"name\": \"up_users\", \"columns\": [{\"args\": [{\"primary\": true, \"primaryKey\": true}], \"name\": \"id\", \"type\": \"increments\", \"unsigned\": false, \"defaultTo\": null, \"notNullable\": true}, {\"args\": [], \"name\": \"document_id\", \"type\": \"string\", \"unsigned\": false, \"defaultTo\": null, \"notNullable\": false}, {\"args\": [], \"name\": \"username\", \"type\": \"string\", \"unsigned\": false, \"defaultTo\": null, \"notNullable\": false}, {\"args\": [], \"name\": \"password\", \"type\": \"string\", \"unsigned\": false, \"defaultTo\": null, \"notNullable\": false}, {\"args\": [], \"name\": \"email\", \"type\": \"string\", \"unsigned\": false, \"defaultTo\": null, \"notNullable\": false}, {\"args\": [], \"name\": \"email_verified\", \"type\": \"boolean\", \"unsigned\": false, \"defaultTo\": null, \"notNullable\": false}, {\"args\": [], \"name\": \"blocked\", \"type\": \"boolean\", \"unsigned\": false, \"defaultTo\": null, \"notNullable\": false}, {\"args\": [], \"name\": \"verification_token\", \"type\": \"string\", \"unsigned\": false, \"defaultTo\": null, \"notNullable\": false}, {\"args\": [], \"name\": \"full_name\", \"type\": \"string\", \"unsigned\": false, \"defaultTo\": null, \"notNullable\": false}, {\"args\": [], \"name\": \"phone_number\", \"type\": \"string\", \"unsigned\": false, \"defaultTo\": null, \"notNullable\": false}, {\"args\": [], \"name\": \"alternate_phone_number\", \"type\": \"string\", \"unsigned\": false, \"defaultTo\": null, \"notNullable\": false}, {\"args\": [], \"name\": \"account_status\", \"type\": \"string\", \"unsigned\": false, \"defaultTo\": null, \"notNullable\": false}, {\"args\": [{\"useTz\": false, \"precision\": 6}], \"name\": \"created_at\", \"type\": \"datetime\", \"unsigned\": false, \"defaultTo\": null, \"notNullable\": false}, {\"args\": [{\"useTz\": false, \"precision\": 6}], \"name\": \"updated_at\", \"type\": \"datetime\", \"unsigned\": false, \"defaultTo\": null, \"notNullable\": false}, {\"args\": [{\"useTz\": false, \"precision\": 6}], \"name\": \"published_at\", \"type\": \"datetime\", \"unsigned\": false, \"defaultTo\": null, \"notNullable\": false}, {\"args\": [], \"name\": \"created_by_id\", \"type\": \"integer\", \"unsigned\": true, \"defaultTo\": null, \"notNullable\": false}, {\"args\": [], \"name\": \"updated_by_id\", \"type\": \"integer\", \"unsigned\": true, \"defaultTo\": null, \"notNullable\": false}, {\"args\": [], \"name\": \"locale\", \"type\": \"string\", \"unsigned\": false, \"defaultTo\": null, \"notNullable\": false}], \"indexes\": [{\"name\": \"up_users_documents_idx\", \"columns\": [\"document_id\", \"locale\", \"published_at\"]}, {\"name\": \"up_users_created_by_id_fk\", \"columns\": [\"created_by_id\"]}, {\"name\": \"up_users_updated_by_id_fk\", \"columns\": [\"updated_by_id\"]}], \"foreignKeys\": [{\"name\": \"up_users_created_by_id_fk\", \"columns\": [\"created_by_id\"], \"onDelete\": \"SET NULL\", \"referencedTable\": \"admin_users\", \"referencedColumns\": [\"id\"]}, {\"name\": \"up_users_updated_by_id_fk\", \"columns\": [\"updated_by_id\"], \"onDelete\": \"SET NULL\", \"referencedTable\": \"admin_users\", \"referencedColumns\": [\"id\"]}]}, {\"name\": \"admin_permissions\", \"columns\": [{\"args\": [{\"primary\": true, \"primaryKey\": true}], \"name\": \"id\", \"type\": \"increments\", \"unsigned\": false, \"defaultTo\": null, \"notNullable\": true}, {\"args\": [], \"name\": \"document_id\", \"type\": \"string\", \"unsigned\": false, \"defaultTo\": null, \"notNullable\": false}, {\"args\": [], \"name\": \"action\", \"type\": \"string\", \"unsigned\": false, \"defaultTo\": null, \"notNullable\": false}, {\"args\": [], \"name\": \"action_parameters\", \"type\": \"jsonb\", \"unsigned\": false, \"defaultTo\": null, \"notNullable\": false}, {\"args\": [], \"name\": \"subject\", \"type\": \"string\", \"unsigned\": false, \"defaultTo\": null, \"notNullable\": false}, {\"args\": [], \"name\": \"properties\", \"type\": \"jsonb\", \"unsigned\": false, \"defaultTo\": null, \"notNullable\": false}, {\"args\": [], \"name\": \"conditions\", \"type\": \"jsonb\", \"unsigned\": false, \"defaultTo\": null, \"notNullable\": false}, {\"args\": [{\"useTz\": false, \"precision\": 6}], \"name\": \"created_at\", \"type\": \"datetime\", \"unsigned\": false, \"defaultTo\": null, \"notNullable\": false}, {\"args\": [{\"useTz\": false, \"precision\": 6}], \"name\": \"updated_at\", \"type\": \"datetime\", \"unsigned\": false, \"defaultTo\": null, \"notNullable\": false}, {\"args\": [{\"useTz\": false, \"precision\": 6}], \"name\": \"published_at\", \"type\": \"datetime\", \"unsigned\": false, \"defaultTo\": null, \"notNullable\": false}, {\"args\": [], \"name\": \"created_by_id\", \"type\": \"integer\", \"unsigned\": true, \"defaultTo\": null, \"notNullable\": false}, {\"args\": [], \"name\": \"updated_by_id\", \"type\": \"integer\", \"unsigned\": true, \"defaultTo\": null, \"notNullable\": false}, {\"args\": [], \"name\": \"locale\", \"type\": \"string\", \"unsigned\": false, \"defaultTo\": null, \"notNullable\": false}], \"indexes\": [{\"name\": \"admin_permissions_documents_idx\", \"columns\": [\"document_id\", \"locale\", \"published_at\"]}, {\"name\": \"admin_permissions_created_by_id_fk\", \"columns\": [\"created_by_id\"]}, {\"name\": \"admin_permissions_updated_by_id_fk\", \"columns\": [\"updated_by_id\"]}], \"foreignKeys\": [{\"name\": \"admin_permissions_created_by_id_fk\", \"columns\": [\"created_by_id\"], \"onDelete\": \"SET NULL\", \"referencedTable\": \"admin_users\", \"referencedColumns\": [\"id\"]}, {\"name\": \"admin_permissions_updated_by_id_fk\", \"columns\": [\"updated_by_id\"], \"onDelete\": \"SET NULL\", \"referencedTable\": \"admin_users\", \"referencedColumns\": [\"id\"]}]}, {\"name\": \"admin_users\", \"columns\": [{\"args\": [{\"primary\": true, \"primaryKey\": true}], \"name\": \"id\", \"type\": \"increments\", \"unsigned\": false, \"defaultTo\": null, \"notNullable\": true}, {\"args\": [], \"name\": \"document_id\", \"type\": \"string\", \"unsigned\": false, \"defaultTo\": null, \"notNullable\": false}, {\"args\": [], \"name\": \"firstname\", \"type\": \"string\", \"unsigned\": false, \"defaultTo\": null, \"notNullable\": false}, {\"args\": [], \"name\": \"lastname\", \"type\": \"string\", \"unsigned\": false, \"defaultTo\": null, \"notNullable\": false}, {\"args\": [], \"name\": \"username\", \"type\": \"string\", \"unsigned\": false, \"defaultTo\": null, \"notNullable\": false}, {\"args\": [], \"name\": \"email\", \"type\": \"string\", \"unsigned\": false, \"defaultTo\": null, \"notNullable\": false}, {\"args\": [], \"name\": \"password\", \"type\": \"string\", \"unsigned\": false, \"defaultTo\": null, \"notNullable\": false}, {\"args\": [], \"name\": \"reset_password_token\", \"type\": \"string\", \"unsigned\": false, \"defaultTo\": null, \"notNullable\": false}, {\"args\": [], \"name\": \"registration_token\", \"type\": \"string\", \"unsigned\": false, \"defaultTo\": null, \"notNullable\": false}, {\"args\": [], \"name\": \"is_active\", \"type\": \"boolean\", \"unsigned\": false, \"defaultTo\": null, \"notNullable\": false}, {\"args\": [], \"name\": \"blocked\", \"type\": \"boolean\", \"unsigned\": false, \"defaultTo\": null, \"notNullable\": false}, {\"args\": [], \"name\": \"prefered_language\", \"type\": \"string\", \"unsigned\": false, \"defaultTo\": null, \"notNullable\": false}, {\"args\": [{\"useTz\": false, \"precision\": 6}], \"name\": \"created_at\", \"type\": \"datetime\", \"unsigned\": false, \"defaultTo\": null, \"notNullable\": false}, {\"args\": [{\"useTz\": false, \"precision\": 6}], \"name\": \"updated_at\", \"type\": \"datetime\", \"unsigned\": false, \"defaultTo\": null, \"notNullable\": false}, {\"args\": [{\"useTz\": false, \"precision\": 6}], \"name\": \"published_at\", \"type\": \"datetime\", \"unsigned\": false, \"defaultTo\": null, \"notNullable\": false}, {\"args\": [], \"name\": \"created_by_id\", \"type\": \"integer\", \"unsigned\": true, \"defaultTo\": null, \"notNullable\": false}, {\"args\": [], \"name\": \"updated_by_id\", \"type\": \"integer\", \"unsigned\": true, \"defaultTo\": null, \"notNullable\": false}, {\"args\": [], \"name\": \"locale\", \"type\": \"string\", \"unsigned\": false, \"defaultTo\": null, \"notNullable\": false}], \"indexes\": [{\"name\": \"admin_users_documents_idx\", \"columns\": [\"document_id\", \"locale\", \"published_at\"]}, {\"name\": \"admin_users_created_by_id_fk\", \"columns\": [\"created_by_id\"]}, {\"name\": \"admin_users_updated_by_id_fk\", \"columns\": [\"updated_by_id\"]}], \"foreignKeys\": [{\"name\": \"admin_users_created_by_id_fk\", \"columns\": [\"created_by_id\"], \"onDelete\": \"SET NULL\", \"referencedTable\": \"admin_users\", \"referencedColumns\": [\"id\"]}, {\"name\": \"admin_users_updated_by_id_fk\", \"columns\": [\"updated_by_id\"], \"onDelete\": \"SET NULL\", \"referencedTable\": \"admin_users\", \"referencedColumns\": [\"id\"]}]}, {\"name\": \"admin_roles\", \"columns\": [{\"args\": [{\"primary\": true, \"primaryKey\": true}], \"name\": \"id\", \"type\": \"increments\", \"unsigned\": false, \"defaultTo\": null, \"notNullable\": true}, {\"args\": [], \"name\": \"document_id\", \"type\": \"string\", \"unsigned\": false, \"defaultTo\": null, \"notNullable\": false}, {\"args\": [], \"name\": \"name\", \"type\": \"string\", \"unsigned\": false, \"defaultTo\": null, \"notNullable\": false}, {\"args\": [], \"name\": \"code\", \"type\": \"string\", \"unsigned\": false, \"defaultTo\": null, \"notNullable\": false}, {\"args\": [], \"name\": \"description\", \"type\": \"string\", \"unsigned\": false, \"defaultTo\": null, \"notNullable\": false}, {\"args\": [{\"useTz\": false, \"precision\": 6}], \"name\": \"created_at\", \"type\": \"datetime\", \"unsigned\": false, \"defaultTo\": null, \"notNullable\": false}, {\"args\": [{\"useTz\": false, \"precision\": 6}], \"name\": \"updated_at\", \"type\": \"datetime\", \"unsigned\": false, \"defaultTo\": null, \"notNullable\": false}, {\"args\": [{\"useTz\": false, \"precision\": 6}], \"name\": \"published_at\", \"type\": \"datetime\", \"unsigned\": false, \"defaultTo\": null, \"notNullable\": false}, {\"args\": [], \"name\": \"created_by_id\", \"type\": \"integer\", \"unsigned\": true, \"defaultTo\": null, \"notNullable\": false}, {\"args\": [], \"name\": \"updated_by_id\", \"type\": \"integer\", \"unsigned\": true, \"defaultTo\": null, \"notNullable\": false}, {\"args\": [], \"name\": \"locale\", \"type\": \"string\", \"unsigned\": false, \"defaultTo\": null, \"notNullable\": false}], \"indexes\": [{\"name\": \"admin_roles_documents_idx\", \"columns\": [\"document_id\", \"locale\", \"published_at\"]}, {\"name\": \"admin_roles_created_by_id_fk\", \"columns\": [\"created_by_id\"]}, {\"name\": \"admin_roles_updated_by_id_fk\", \"columns\": [\"updated_by_id\"]}], \"foreignKeys\": [{\"name\": \"admin_roles_created_by_id_fk\", \"columns\": [\"created_by_id\"], \"onDelete\": \"SET NULL\", \"referencedTable\": \"admin_users\", \"referencedColumns\": [\"id\"]}, {\"name\": \"admin_roles_updated_by_id_fk\", \"columns\": [\"updated_by_id\"], \"onDelete\": \"SET NULL\", \"referencedTable\": \"admin_users\", \"referencedColumns\": [\"id\"]}]}, {\"name\": \"strapi_api_tokens\", \"columns\": [{\"args\": [{\"primary\": true, \"primaryKey\": true}], \"name\": \"id\", \"type\": \"increments\", \"unsigned\": false, \"defaultTo\": null, \"notNullable\": true}, {\"args\": [], \"name\": \"document_id\", \"type\": \"string\", \"unsigned\": false, \"defaultTo\": null, \"notNullable\": false}, {\"args\": [], \"name\": \"name\", \"type\": \"string\", \"unsigned\": false, \"defaultTo\": null, \"notNullable\": false}, {\"args\": [], \"name\": \"description\", \"type\": \"string\", \"unsigned\": false, \"defaultTo\": null, \"notNullable\": false}, {\"args\": [], \"name\": \"type\", \"type\": \"string\", \"unsigned\": false, \"defaultTo\": null, \"notNullable\": false}, {\"args\": [], \"name\": \"access_key\", \"type\": \"string\", \"unsigned\": false, \"defaultTo\": null, \"notNullable\": false}, {\"args\": [{\"useTz\": false, \"precision\": 6}], \"name\": \"last_used_at\", \"type\": \"datetime\", \"unsigned\": false, \"defaultTo\": null, \"notNullable\": false}, {\"args\": [{\"useTz\": false, \"precision\": 6}], \"name\": \"expires_at\", \"type\": \"datetime\", \"unsigned\": false, \"defaultTo\": null, \"notNullable\": false}, {\"args\": [], \"name\": \"lifespan\", \"type\": \"bigInteger\", \"unsigned\": false, \"defaultTo\": null, \"notNullable\": false}, {\"args\": [{\"useTz\": false, \"precision\": 6}], \"name\": \"created_at\", \"type\": \"datetime\", \"unsigned\": false, \"defaultTo\": null, \"notNullable\": false}, {\"args\": [{\"useTz\": false, \"precision\": 6}], \"name\": \"updated_at\", \"type\": \"datetime\", \"unsigned\": false, \"defaultTo\": null, \"notNullable\": false}, {\"args\": [{\"useTz\": false, \"precision\": 6}], \"name\": \"published_at\", \"type\": \"datetime\", \"unsigned\": false, \"defaultTo\": null, \"notNullable\": false}, {\"args\": [], \"name\": \"created_by_id\", \"type\": \"integer\", \"unsigned\": true, \"defaultTo\": null, \"notNullable\": false}, {\"args\": [], \"name\": \"updated_by_id\", \"type\": \"integer\", \"unsigned\": true, \"defaultTo\": null, \"notNullable\": false}, {\"args\": [], \"name\": \"locale\", \"type\": \"string\", \"unsigned\": false, \"defaultTo\": null, \"notNullable\": false}], \"indexes\": [{\"name\": \"strapi_api_tokens_documents_idx\", \"columns\": [\"document_id\", \"locale\", \"published_at\"]}, {\"name\": \"strapi_api_tokens_created_by_id_fk\", \"columns\": [\"created_by_id\"]}, {\"name\": \"strapi_api_tokens_updated_by_id_fk\", \"columns\": [\"updated_by_id\"]}], \"foreignKeys\": [{\"name\": \"strapi_api_tokens_created_by_id_fk\", \"columns\": [\"created_by_id\"], \"onDelete\": \"SET NULL\", \"referencedTable\": \"admin_users\", \"referencedColumns\": [\"id\"]}, {\"name\": \"strapi_api_tokens_updated_by_id_fk\", \"columns\": [\"updated_by_id\"], \"onDelete\": \"SET NULL\", \"referencedTable\": \"admin_users\", \"referencedColumns\": [\"id\"]}]}, {\"name\": \"strapi_api_token_permissions\", \"columns\": [{\"args\": [{\"primary\": true, \"primaryKey\": true}], \"name\": \"id\", \"type\": \"increments\", \"unsigned\": false, \"defaultTo\": null, \"notNullable\": true}, {\"args\": [], \"name\": \"document_id\", \"type\": \"string\", \"unsigned\": false, \"defaultTo\": null, \"notNullable\": false}, {\"args\": [], \"name\": \"action\", \"type\": \"string\", \"unsigned\": false, \"defaultTo\": null, \"notNullable\": false}, {\"args\": [{\"useTz\": false, \"precision\": 6}], \"name\": \"created_at\", \"type\": \"datetime\", \"unsigned\": false, \"defaultTo\": null, \"notNullable\": false}, {\"args\": [{\"useTz\": false, \"precision\": 6}], \"name\": \"updated_at\", \"type\": \"datetime\", \"unsigned\": false, \"defaultTo\": null, \"notNullable\": false}, {\"args\": [{\"useTz\": false, \"precision\": 6}], \"name\": \"published_at\", \"type\": \"datetime\", \"unsigned\": false, \"defaultTo\": null, \"notNullable\": false}, {\"args\": [], \"name\": \"created_by_id\", \"type\": \"integer\", \"unsigned\": true, \"defaultTo\": null, \"notNullable\": false}, {\"args\": [], \"name\": \"updated_by_id\", \"type\": \"integer\", \"unsigned\": true, \"defaultTo\": null, \"notNullable\": false}, {\"args\": [], \"name\": \"locale\", \"type\": \"string\", \"unsigned\": false, \"defaultTo\": null, \"notNullable\": false}], \"indexes\": [{\"name\": \"strapi_api_token_permissions_documents_idx\", \"columns\": [\"document_id\", \"locale\", \"published_at\"]}, {\"name\": \"strapi_api_token_permissions_created_by_id_fk\", \"columns\": [\"created_by_id\"]}, {\"name\": \"strapi_api_token_permissions_updated_by_id_fk\", \"columns\": [\"updated_by_id\"]}], \"foreignKeys\": [{\"name\": \"strapi_api_token_permissions_created_by_id_fk\", \"columns\": [\"created_by_id\"], \"onDelete\": \"SET NULL\", \"referencedTable\": \"admin_users\", \"referencedColumns\": [\"id\"]}, {\"name\": \"strapi_api_token_permissions_updated_by_id_fk\", \"columns\": [\"updated_by_id\"], \"onDelete\": \"SET NULL\", \"referencedTable\": \"admin_users\", \"referencedColumns\": [\"id\"]}]}, {\"name\": \"strapi_transfer_tokens\", \"columns\": [{\"args\": [{\"primary\": true, \"primaryKey\": true}], \"name\": \"id\", \"type\": \"increments\", \"unsigned\": false, \"defaultTo\": null, \"notNullable\": true}, {\"args\": [], \"name\": \"document_id\", \"type\": \"string\", \"unsigned\": false, \"defaultTo\": null, \"notNullable\": false}, {\"args\": [], \"name\": \"name\", \"type\": \"string\", \"unsigned\": false, \"defaultTo\": null, \"notNullable\": false}, {\"args\": [], \"name\": \"description\", \"type\": \"string\", \"unsigned\": false, \"defaultTo\": null, \"notNullable\": false}, {\"args\": [], \"name\": \"access_key\", \"type\": \"string\", \"unsigned\": false, \"defaultTo\": null, \"notNullable\": false}, {\"args\": [{\"useTz\": false, \"precision\": 6}], \"name\": \"last_used_at\", \"type\": \"datetime\", \"unsigned\": false, \"defaultTo\": null, \"notNullable\": false}, {\"args\": [{\"useTz\": false, \"precision\": 6}], \"name\": \"expires_at\", \"type\": \"datetime\", \"unsigned\": false, \"defaultTo\": null, \"notNullable\": false}, {\"args\": [], \"name\": \"lifespan\", \"type\": \"bigInteger\", \"unsigned\": false, \"defaultTo\": null, \"notNullable\": false}, {\"args\": [{\"useTz\": false, \"precision\": 6}], \"name\": \"created_at\", \"type\": \"datetime\", \"unsigned\": false, \"defaultTo\": null, \"notNullable\": false}, {\"args\": [{\"useTz\": false, \"precision\": 6}], \"name\": \"updated_at\", \"type\": \"datetime\", \"unsigned\": false, \"defaultTo\": null, \"notNullable\": false}, {\"args\": [{\"useTz\": false, \"precision\": 6}], \"name\": \"published_at\", \"type\": \"datetime\", \"unsigned\": false, \"defaultTo\": null, \"notNullable\": false}, {\"args\": [], \"name\": \"created_by_id\", \"type\": \"integer\", \"unsigned\": true, \"defaultTo\": null, \"notNullable\": false}, {\"args\": [], \"name\": \"updated_by_id\", \"type\": \"integer\", \"unsigned\": true, \"defaultTo\": null, \"notNullable\": false}, {\"args\": [], \"name\": \"locale\", \"type\": \"string\", \"unsigned\": false, \"defaultTo\": null, \"notNullable\": false}], \"indexes\": [{\"name\": \"strapi_transfer_tokens_documents_idx\", \"columns\": [\"document_id\", \"locale\", \"published_at\"]}, {\"name\": \"strapi_transfer_tokens_created_by_id_fk\", \"columns\": [\"created_by_id\"]}, {\"name\": \"strapi_transfer_tokens_updated_by_id_fk\", \"columns\": [\"updated_by_id\"]}], \"foreignKeys\": [{\"name\": \"strapi_transfer_tokens_created_by_id_fk\", \"columns\": [\"created_by_id\"], \"onDelete\": \"SET NULL\", \"referencedTable\": \"admin_users\", \"referencedColumns\": [\"id\"]}, {\"name\": \"strapi_transfer_tokens_updated_by_id_fk\", \"columns\": [\"updated_by_id\"], \"onDelete\": \"SET NULL\", \"referencedTable\": \"admin_users\", \"referencedColumns\": [\"id\"]}]}, {\"name\": \"strapi_transfer_token_permissions\", \"columns\": [{\"args\": [{\"primary\": true, \"primaryKey\": true}], \"name\": \"id\", \"type\": \"increments\", \"unsigned\": false, \"defaultTo\": null, \"notNullable\": true}, {\"args\": [], \"name\": \"document_id\", \"type\": \"string\", \"unsigned\": false, \"defaultTo\": null, \"notNullable\": false}, {\"args\": [], \"name\": \"action\", \"type\": \"string\", \"unsigned\": false, \"defaultTo\": null, \"notNullable\": false}, {\"args\": [{\"useTz\": false, \"precision\": 6}], \"name\": \"created_at\", \"type\": \"datetime\", \"unsigned\": false, \"defaultTo\": null, \"notNullable\": false}, {\"args\": [{\"useTz\": false, \"precision\": 6}], \"name\": \"updated_at\", \"type\": \"datetime\", \"unsigned\": false, \"defaultTo\": null, \"notNullable\": false}, {\"args\": [{\"useTz\": false, \"precision\": 6}], \"name\": \"published_at\", \"type\": \"datetime\", \"unsigned\": false, \"defaultTo\": null, \"notNullable\": false}, {\"args\": [], \"name\": \"created_by_id\", \"type\": \"integer\", \"unsigned\": true, \"defaultTo\": null, \"notNullable\": false}, {\"args\": [], \"name\": \"updated_by_id\", \"type\": \"integer\", \"unsigned\": true, \"defaultTo\": null, \"notNullable\": false}, {\"args\": [], \"name\": \"locale\", \"type\": \"string\", \"unsigned\": false, \"defaultTo\": null, \"notNullable\": false}], \"indexes\": [{\"name\": \"strapi_transfer_token_permissions_documents_idx\", \"columns\": [\"document_id\", \"locale\", \"published_at\"]}, {\"name\": \"strapi_transfer_token_permissions_created_by_id_fk\", \"columns\": [\"created_by_id\"]}, {\"name\": \"strapi_transfer_token_permissions_updated_by_id_fk\", \"columns\": [\"updated_by_id\"]}], \"foreignKeys\": [{\"name\": \"strapi_transfer_token_permissions_created_by_id_fk\", \"columns\": [\"created_by_id\"], \"onDelete\": \"SET NULL\", \"referencedTable\": \"admin_users\", \"referencedColumns\": [\"id\"]}, {\"name\": \"strapi_transfer_token_permissions_updated_by_id_fk\", \"columns\": [\"updated_by_id\"], \"onDelete\": \"SET NULL\", \"referencedTable\": \"admin_users\", \"referencedColumns\": [\"id\"]}]}, {\"name\": \"strapi_core_store_settings\", \"columns\": [{\"args\": [{\"primary\": true, \"primaryKey\": true}], \"name\": \"id\", \"type\": \"increments\", \"unsigned\": false, \"defaultTo\": null, \"notNullable\": true}, {\"args\": [], \"name\": \"key\", \"type\": \"string\", \"unsigned\": false, \"defaultTo\": null, \"notNullable\": false}, {\"args\": [\"longtext\"], \"name\": \"value\", \"type\": \"text\", \"unsigned\": false, \"defaultTo\": null, \"notNullable\": false}, {\"args\": [], \"name\": \"type\", \"type\": \"string\", \"unsigned\": false, \"defaultTo\": null, \"notNullable\": false}, {\"args\": [], \"name\": \"environment\", \"type\": \"string\", \"unsigned\": false, \"defaultTo\": null, \"notNullable\": false}, {\"args\": [], \"name\": \"tag\", \"type\": \"string\", \"unsigned\": false, \"defaultTo\": null, \"notNullable\": false}], \"indexes\": [], \"foreignKeys\": []}, {\"name\": \"strapi_webhooks\", \"columns\": [{\"args\": [{\"primary\": true, \"primaryKey\": true}], \"name\": \"id\", \"type\": \"increments\", \"unsigned\": false, \"defaultTo\": null, \"notNullable\": true}, {\"args\": [], \"name\": \"name\", \"type\": \"string\", \"unsigned\": false, \"defaultTo\": null, \"notNullable\": false}, {\"args\": [\"longtext\"], \"name\": \"url\", \"type\": \"text\", \"unsigned\": false, \"defaultTo\": null, \"notNullable\": false}, {\"args\": [], \"name\": \"headers\", \"type\": \"jsonb\", \"unsigned\": false, \"defaultTo\": null, \"notNullable\": false}, {\"args\": [], \"name\": \"events\", \"type\": \"jsonb\", \"unsigned\": false, \"defaultTo\": null, \"notNullable\": false}, {\"args\": [], \"name\": \"enabled\", \"type\": \"boolean\", \"unsigned\": false, \"defaultTo\": null, \"notNullable\": false}], \"indexes\": [], \"foreignKeys\": []}, {\"name\": \"strapi_history_versions\", \"columns\": [{\"args\": [{\"primary\": true, \"primaryKey\": true}], \"name\": \"id\", \"type\": \"increments\", \"unsigned\": false, \"defaultTo\": null, \"notNullable\": true}, {\"args\": [], \"name\": \"content_type\", \"type\": \"string\", \"unsigned\": false, \"defaultTo\": null, \"notNullable\": true}, {\"args\": [], \"name\": \"related_document_id\", \"type\": \"string\", \"unsigned\": false, \"defaultTo\": null, \"notNullable\": false}, {\"args\": [], \"name\": \"locale\", \"type\": \"string\", \"unsigned\": false, \"defaultTo\": null, \"notNullable\": false}, {\"args\": [], \"name\": \"status\", \"type\": \"string\", \"unsigned\": false, \"defaultTo\": null, \"notNullable\": false}, {\"args\": [], \"name\": \"data\", \"type\": \"jsonb\", \"unsigned\": false, \"defaultTo\": null, \"notNullable\": false}, {\"args\": [], \"name\": \"schema\", \"type\": \"jsonb\", \"unsigned\": false, \"defaultTo\": null, \"notNullable\": false}, {\"args\": [{\"useTz\": false, \"precision\": 6}], \"name\": \"created_at\", \"type\": \"datetime\", \"unsigned\": false, \"defaultTo\": null, \"notNullable\": false}, {\"args\": [], \"name\": \"created_by_id\", \"type\": \"integer\", \"unsigned\": true, \"defaultTo\": null, \"notNullable\": false}], \"indexes\": [{\"name\": \"strapi_history_versions_created_by_id_fk\", \"columns\": [\"created_by_id\"]}], \"foreignKeys\": [{\"name\": \"strapi_history_versions_created_by_id_fk\", \"columns\": [\"created_by_id\"], \"onDelete\": \"SET NULL\", \"referencedTable\": \"admin_users\", \"referencedColumns\": [\"id\"]}]}, {\"name\": \"user_network_subscribers_user_lnk\", \"columns\": [{\"args\": [{\"primary\": true, \"primaryKey\": true}], \"name\": \"id\", \"type\": \"increments\", \"unsigned\": false, \"defaultTo\": null, \"notNullable\": true}, {\"args\": [], \"name\": \"user_network_subscriber_id\", \"type\": \"integer\", \"unsigned\": true, \"defaultTo\": null, \"notNullable\": false}, {\"args\": [], \"name\": \"user_id\", \"type\": \"integer\", \"unsigned\": true, \"defaultTo\": null, \"notNullable\": false}], \"indexes\": [{\"name\": \"user_network_subscribers_user_lnk_fk\", \"columns\": [\"user_network_subscriber_id\"]}, {\"name\": \"user_network_subscribers_user_lnk_ifk\", \"columns\": [\"user_id\"]}, {\"name\": \"user_network_subscribers_user_lnk_uq\", \"type\": \"unique\", \"columns\": [\"user_network_subscriber_id\", \"user_id\"]}], \"foreignKeys\": [{\"name\": \"user_network_subscribers_user_lnk_fk\", \"columns\": [\"user_network_subscriber_id\"], \"onDelete\": \"CASCADE\", \"referencedTable\": \"user_network_subscribers\", \"referencedColumns\": [\"id\"]}, {\"name\": \"user_network_subscribers_user_lnk_ifk\", \"columns\": [\"user_id\"], \"onDelete\": \"CASCADE\", \"referencedTable\": \"up_users\", \"referencedColumns\": [\"id\"]}]}, {\"name\": \"files_related_mph\", \"columns\": [{\"args\": [{\"primary\": true, \"primaryKey\": true}], \"name\": \"id\", \"type\": \"increments\", \"unsigned\": false, \"defaultTo\": null, \"notNullable\": true}, {\"args\": [], \"name\": \"file_id\", \"type\": \"integer\", \"unsigned\": true, \"defaultTo\": null, \"notNullable\": false}, {\"args\": [], \"name\": \"related_id\", \"type\": \"integer\", \"unsigned\": true, \"defaultTo\": null, \"notNullable\": false}, {\"args\": [], \"name\": \"related_type\", \"type\": \"string\", \"unsigned\": false, \"defaultTo\": null, \"notNullable\": false}, {\"args\": [], \"name\": \"field\", \"type\": \"string\", \"unsigned\": false, \"defaultTo\": null, \"notNullable\": false}, {\"args\": [], \"name\": \"order\", \"type\": \"double\", \"unsigned\": true, \"defaultTo\": null, \"notNullable\": false}], \"indexes\": [{\"name\": \"files_related_mph_fk\", \"columns\": [\"file_id\"]}, {\"name\": \"files_related_mph_oidx\", \"columns\": [\"order\"]}, {\"name\": \"files_related_mph_idix\", \"columns\": [\"related_id\"]}], \"foreignKeys\": [{\"name\": \"files_related_mph_fk\", \"columns\": [\"file_id\"], \"onDelete\": \"CASCADE\", \"referencedTable\": \"files\", \"referencedColumns\": [\"id\"]}]}, {\"name\": \"files_folder_lnk\", \"columns\": [{\"args\": [{\"primary\": true, \"primaryKey\": true}], \"name\": \"id\", \"type\": \"increments\", \"unsigned\": false, \"defaultTo\": null, \"notNullable\": true}, {\"args\": [], \"name\": \"file_id\", \"type\": \"integer\", \"unsigned\": true, \"defaultTo\": null, \"notNullable\": false}, {\"args\": [], \"name\": \"folder_id\", \"type\": \"integer\", \"unsigned\": true, \"defaultTo\": null, \"notNullable\": false}, {\"args\": [], \"name\": \"file_ord\", \"type\": \"double\", \"unsigned\": true, \"defaultTo\": null, \"notNullable\": false}], \"indexes\": [{\"name\": \"files_folder_lnk_fk\", \"columns\": [\"file_id\"]}, {\"name\": \"files_folder_lnk_ifk\", \"columns\": [\"folder_id\"]}, {\"name\": \"files_folder_lnk_uq\", \"type\": \"unique\", \"columns\": [\"file_id\", \"folder_id\"]}, {\"name\": \"files_folder_lnk_oifk\", \"columns\": [\"file_ord\"]}], \"foreignKeys\": [{\"name\": \"files_folder_lnk_fk\", \"columns\": [\"file_id\"], \"onDelete\": \"CASCADE\", \"referencedTable\": \"files\", \"referencedColumns\": [\"id\"]}, {\"name\": \"files_folder_lnk_ifk\", \"columns\": [\"folder_id\"], \"onDelete\": \"CASCADE\", \"referencedTable\": \"upload_folders\", \"referencedColumns\": [\"id\"]}]}, {\"name\": \"upload_folders_parent_lnk\", \"columns\": [{\"args\": [{\"primary\": true, \"primaryKey\": true}], \"name\": \"id\", \"type\": \"increments\", \"unsigned\": false, \"defaultTo\": null, \"notNullable\": true}, {\"args\": [], \"name\": \"folder_id\", \"type\": \"integer\", \"unsigned\": true, \"defaultTo\": null, \"notNullable\": false}, {\"args\": [], \"name\": \"inv_folder_id\", \"type\": \"integer\", \"unsigned\": true, \"defaultTo\": null, \"notNullable\": false}, {\"args\": [], \"name\": \"folder_ord\", \"type\": \"double\", \"unsigned\": true, \"defaultTo\": null, \"notNullable\": false}], \"indexes\": [{\"name\": \"upload_folders_parent_lnk_fk\", \"columns\": [\"folder_id\"]}, {\"name\": \"upload_folders_parent_lnk_ifk\", \"columns\": [\"inv_folder_id\"]}, {\"name\": \"upload_folders_parent_lnk_uq\", \"type\": \"unique\", \"columns\": [\"folder_id\", \"inv_folder_id\"]}, {\"name\": \"upload_folders_parent_lnk_oifk\", \"columns\": [\"folder_ord\"]}], \"foreignKeys\": [{\"name\": \"upload_folders_parent_lnk_fk\", \"columns\": [\"folder_id\"], \"onDelete\": \"CASCADE\", \"referencedTable\": \"upload_folders\", \"referencedColumns\": [\"id\"]}, {\"name\": \"upload_folders_parent_lnk_ifk\", \"columns\": [\"inv_folder_id\"], \"onDelete\": \"CASCADE\", \"referencedTable\": \"upload_folders\", \"referencedColumns\": [\"id\"]}]}, {\"name\": \"strapi_release_actions_release_lnk\", \"columns\": [{\"args\": [{\"primary\": true, \"primaryKey\": true}], \"name\": \"id\", \"type\": \"increments\", \"unsigned\": false, \"defaultTo\": null, \"notNullable\": true}, {\"args\": [], \"name\": \"release_action_id\", \"type\": \"integer\", \"unsigned\": true, \"defaultTo\": null, \"notNullable\": false}, {\"args\": [], \"name\": \"release_id\", \"type\": \"integer\", \"unsigned\": true, \"defaultTo\": null, \"notNullable\": false}, {\"args\": [], \"name\": \"release_action_ord\", \"type\": \"double\", \"unsigned\": true, \"defaultTo\": null, \"notNullable\": false}], \"indexes\": [{\"name\": \"strapi_release_actions_release_lnk_fk\", \"columns\": [\"release_action_id\"]}, {\"name\": \"strapi_release_actions_release_lnk_ifk\", \"columns\": [\"release_id\"]}, {\"name\": \"strapi_release_actions_release_lnk_uq\", \"type\": \"unique\", \"columns\": [\"release_action_id\", \"release_id\"]}, {\"name\": \"strapi_release_actions_release_lnk_oifk\", \"columns\": [\"release_action_ord\"]}], \"foreignKeys\": [{\"name\": \"strapi_release_actions_release_lnk_fk\", \"columns\": [\"release_action_id\"], \"onDelete\": \"CASCADE\", \"referencedTable\": \"strapi_release_actions\", \"referencedColumns\": [\"id\"]}, {\"name\": \"strapi_release_actions_release_lnk_ifk\", \"columns\": [\"release_id\"], \"onDelete\": \"CASCADE\", \"referencedTable\": \"strapi_releases\", \"referencedColumns\": [\"id\"]}]}, {\"name\": \"strapi_workflows_stage_required_to_publish_lnk\", \"columns\": [{\"args\": [{\"primary\": true, \"primaryKey\": true}], \"name\": \"id\", \"type\": \"increments\", \"unsigned\": false, \"defaultTo\": null, \"notNullable\": true}, {\"args\": [], \"name\": \"workflow_id\", \"type\": \"integer\", \"unsigned\": true, \"defaultTo\": null, \"notNullable\": false}, {\"args\": [], \"name\": \"workflow_stage_id\", \"type\": \"integer\", \"unsigned\": true, \"defaultTo\": null, \"notNullable\": false}], \"indexes\": [{\"name\": \"strapi_workflows_stage_required_to_publish_lnk_fk\", \"columns\": [\"workflow_id\"]}, {\"name\": \"strapi_workflows_stage_required_to_publish_lnk_ifk\", \"columns\": [\"workflow_stage_id\"]}, {\"name\": \"strapi_workflows_stage_required_to_publish_lnk_uq\", \"type\": \"unique\", \"columns\": [\"workflow_id\", \"workflow_stage_id\"]}], \"foreignKeys\": [{\"name\": \"strapi_workflows_stage_required_to_publish_lnk_fk\", \"columns\": [\"workflow_id\"], \"onDelete\": \"CASCADE\", \"referencedTable\": \"strapi_workflows\", \"referencedColumns\": [\"id\"]}, {\"name\": \"strapi_workflows_stage_required_to_publish_lnk_ifk\", \"columns\": [\"workflow_stage_id\"], \"onDelete\": \"CASCADE\", \"referencedTable\": \"strapi_workflows_stages\", \"referencedColumns\": [\"id\"]}]}, {\"name\": \"strapi_workflows_stages_workflow_lnk\", \"columns\": [{\"args\": [{\"primary\": true, \"primaryKey\": true}], \"name\": \"id\", \"type\": \"increments\", \"unsigned\": false, \"defaultTo\": null, \"notNullable\": true}, {\"args\": [], \"name\": \"workflow_stage_id\", \"type\": \"integer\", \"unsigned\": true, \"defaultTo\": null, \"notNullable\": false}, {\"args\": [], \"name\": \"workflow_id\", \"type\": \"integer\", \"unsigned\": true, \"defaultTo\": null, \"notNullable\": false}, {\"args\": [], \"name\": \"workflow_stage_ord\", \"type\": \"double\", \"unsigned\": true, \"defaultTo\": null, \"notNullable\": false}], \"indexes\": [{\"name\": \"strapi_workflows_stages_workflow_lnk_fk\", \"columns\": [\"workflow_stage_id\"]}, {\"name\": \"strapi_workflows_stages_workflow_lnk_ifk\", \"columns\": [\"workflow_id\"]}, {\"name\": \"strapi_workflows_stages_workflow_lnk_uq\", \"type\": \"unique\", \"columns\": [\"workflow_stage_id\", \"workflow_id\"]}, {\"name\": \"strapi_workflows_stages_workflow_lnk_oifk\", \"columns\": [\"workflow_stage_ord\"]}], \"foreignKeys\": [{\"name\": \"strapi_workflows_stages_workflow_lnk_fk\", \"columns\": [\"workflow_stage_id\"], \"onDelete\": \"CASCADE\", \"referencedTable\": \"strapi_workflows_stages\", \"referencedColumns\": [\"id\"]}, {\"name\": \"strapi_workflows_stages_workflow_lnk_ifk\", \"columns\": [\"workflow_id\"], \"onDelete\": \"CASCADE\", \"referencedTable\": \"strapi_workflows\", \"referencedColumns\": [\"id\"]}]}, {\"name\": \"strapi_workflows_stages_permissions_lnk\", \"columns\": [{\"args\": [{\"primary\": true, \"primaryKey\": true}], \"name\": \"id\", \"type\": \"increments\", \"unsigned\": false, \"defaultTo\": null, \"notNullable\": true}, {\"args\": [], \"name\": \"workflow_stage_id\", \"type\": \"integer\", \"unsigned\": true, \"defaultTo\": null, \"notNullable\": false}, {\"args\": [], \"name\": \"permission_id\", \"type\": \"integer\", \"unsigned\": true, \"defaultTo\": null, \"notNullable\": false}, {\"args\": [], \"name\": \"permission_ord\", \"type\": \"double\", \"unsigned\": true, \"defaultTo\": null, \"notNullable\": false}], \"indexes\": [{\"name\": \"strapi_workflows_stages_permissions_lnk_fk\", \"columns\": [\"workflow_stage_id\"]}, {\"name\": \"strapi_workflows_stages_permissions_lnk_ifk\", \"columns\": [\"permission_id\"]}, {\"name\": \"strapi_workflows_stages_permissions_lnk_uq\", \"type\": \"unique\", \"columns\": [\"workflow_stage_id\", \"permission_id\"]}, {\"name\": \"strapi_workflows_stages_permissions_lnk_ofk\", \"columns\": [\"permission_ord\"]}], \"foreignKeys\": [{\"name\": \"strapi_workflows_stages_permissions_lnk_fk\", \"columns\": [\"workflow_stage_id\"], \"onDelete\": \"CASCADE\", \"referencedTable\": \"strapi_workflows_stages\", \"referencedColumns\": [\"id\"]}, {\"name\": \"strapi_workflows_stages_permissions_lnk_ifk\", \"columns\": [\"permission_id\"], \"onDelete\": \"CASCADE\", \"referencedTable\": \"admin_permissions\", \"referencedColumns\": [\"id\"]}]}, {\"name\": \"up_permissions_role_lnk\", \"columns\": [{\"args\": [{\"primary\": true, \"primaryKey\": true}], \"name\": \"id\", \"type\": \"increments\", \"unsigned\": false, \"defaultTo\": null, \"notNullable\": true}, {\"args\": [], \"name\": \"permission_id\", \"type\": \"integer\", \"unsigned\": true, \"defaultTo\": null, \"notNullable\": false}, {\"args\": [], \"name\": \"role_id\", \"type\": \"integer\", \"unsigned\": true, \"defaultTo\": null, \"notNullable\": false}, {\"args\": [], \"name\": \"permission_ord\", \"type\": \"double\", \"unsigned\": true, \"defaultTo\": null, \"notNullable\": false}], \"indexes\": [{\"name\": \"up_permissions_role_lnk_fk\", \"columns\": [\"permission_id\"]}, {\"name\": \"up_permissions_role_lnk_ifk\", \"columns\": [\"role_id\"]}, {\"name\": \"up_permissions_role_lnk_uq\", \"type\": \"unique\", \"columns\": [\"permission_id\", \"role_id\"]}, {\"name\": \"up_permissions_role_lnk_oifk\", \"columns\": [\"permission_ord\"]}], \"foreignKeys\": [{\"name\": \"up_permissions_role_lnk_fk\", \"columns\": [\"permission_id\"], \"onDelete\": \"CASCADE\", \"referencedTable\": \"up_permissions\", \"referencedColumns\": [\"id\"]}, {\"name\": \"up_permissions_role_lnk_ifk\", \"columns\": [\"role_id\"], \"onDelete\": \"CASCADE\", \"referencedTable\": \"up_roles\", \"referencedColumns\": [\"id\"]}]}, {\"name\": \"up_users_role_lnk\", \"columns\": [{\"args\": [{\"primary\": true, \"primaryKey\": true}], \"name\": \"id\", \"type\": \"increments\", \"unsigned\": false, \"defaultTo\": null, \"notNullable\": true}, {\"args\": [], \"name\": \"user_id\", \"type\": \"integer\", \"unsigned\": true, \"defaultTo\": null, \"notNullable\": false}, {\"args\": [], \"name\": \"role_id\", \"type\": \"integer\", \"unsigned\": true, \"defaultTo\": null, \"notNullable\": false}, {\"args\": [], \"name\": \"user_ord\", \"type\": \"double\", \"unsigned\": true, \"defaultTo\": null, \"notNullable\": false}], \"indexes\": [{\"name\": \"up_users_role_lnk_fk\", \"columns\": [\"user_id\"]}, {\"name\": \"up_users_role_lnk_ifk\", \"columns\": [\"role_id\"]}, {\"name\": \"up_users_role_lnk_uq\", \"type\": \"unique\", \"columns\": [\"user_id\", \"role_id\"]}, {\"name\": \"up_users_role_lnk_oifk\", \"columns\": [\"user_ord\"]}], \"foreignKeys\": [{\"name\": \"up_users_role_lnk_fk\", \"columns\": [\"user_id\"], \"onDelete\": \"CASCADE\", \"referencedTable\": \"up_users\", \"referencedColumns\": [\"id\"]}, {\"name\": \"up_users_role_lnk_ifk\", \"columns\": [\"role_id\"], \"onDelete\": \"CASCADE\", \"referencedTable\": \"up_roles\", \"referencedColumns\": [\"id\"]}]}, {\"name\": \"admin_permissions_role_lnk\", \"columns\": [{\"args\": [{\"primary\": true, \"primaryKey\": true}], \"name\": \"id\", \"type\": \"increments\", \"unsigned\": false, \"defaultTo\": null, \"notNullable\": true}, {\"args\": [], \"name\": \"permission_id\", \"type\": \"integer\", \"unsigned\": true, \"defaultTo\": null, \"notNullable\": false}, {\"args\": [], \"name\": \"role_id\", \"type\": \"integer\", \"unsigned\": true, \"defaultTo\": null, \"notNullable\": false}, {\"args\": [], \"name\": \"permission_ord\", \"type\": \"double\", \"unsigned\": true, \"defaultTo\": null, \"notNullable\": false}], \"indexes\": [{\"name\": \"admin_permissions_role_lnk_fk\", \"columns\": [\"permission_id\"]}, {\"name\": \"admin_permissions_role_lnk_ifk\", \"columns\": [\"role_id\"]}, {\"name\": \"admin_permissions_role_lnk_uq\", \"type\": \"unique\", \"columns\": [\"permission_id\", \"role_id\"]}, {\"name\": \"admin_permissions_role_lnk_oifk\", \"columns\": [\"permission_ord\"]}], \"foreignKeys\": [{\"name\": \"admin_permissions_role_lnk_fk\", \"columns\": [\"permission_id\"], \"onDelete\": \"CASCADE\", \"referencedTable\": \"admin_permissions\", \"referencedColumns\": [\"id\"]}, {\"name\": \"admin_permissions_role_lnk_ifk\", \"columns\": [\"role_id\"], \"onDelete\": \"CASCADE\", \"referencedTable\": \"admin_roles\", \"referencedColumns\": [\"id\"]}]}, {\"name\": \"admin_users_roles_lnk\", \"columns\": [{\"args\": [{\"primary\": true, \"primaryKey\": true}], \"name\": \"id\", \"type\": \"increments\", \"unsigned\": false, \"defaultTo\": null, \"notNullable\": true}, {\"args\": [], \"name\": \"user_id\", \"type\": \"integer\", \"unsigned\": true, \"defaultTo\": null, \"notNullable\": false}, {\"args\": [], \"name\": \"role_id\", \"type\": \"integer\", \"unsigned\": true, \"defaultTo\": null, \"notNullable\": false}, {\"args\": [], \"name\": \"role_ord\", \"type\": \"double\", \"unsigned\": true, \"defaultTo\": null, \"notNullable\": false}, {\"args\": [], \"name\": \"user_ord\", \"type\": \"double\", \"unsigned\": true, \"defaultTo\": null, \"notNullable\": false}], \"indexes\": [{\"name\": \"admin_users_roles_lnk_fk\", \"columns\": [\"user_id\"]}, {\"name\": \"admin_users_roles_lnk_ifk\", \"columns\": [\"role_id\"]}, {\"name\": \"admin_users_roles_lnk_uq\", \"type\": \"unique\", \"columns\": [\"user_id\", \"role_id\"]}, {\"name\": \"admin_users_roles_lnk_ofk\", \"columns\": [\"role_ord\"]}, {\"name\": \"admin_users_roles_lnk_oifk\", \"columns\": [\"user_ord\"]}], \"foreignKeys\": [{\"name\": \"admin_users_roles_lnk_fk\", \"columns\": [\"user_id\"], \"onDelete\": \"CASCADE\", \"referencedTable\": \"admin_users\", \"referencedColumns\": [\"id\"]}, {\"name\": \"admin_users_roles_lnk_ifk\", \"columns\": [\"role_id\"], \"onDelete\": \"CASCADE\", \"referencedTable\": \"admin_roles\", \"referencedColumns\": [\"id\"]}]}, {\"name\": \"strapi_api_token_permissions_token_lnk\", \"columns\": [{\"args\": [{\"primary\": true, \"primaryKey\": true}], \"name\": \"id\", \"type\": \"increments\", \"unsigned\": false, \"defaultTo\": null, \"notNullable\": true}, {\"args\": [], \"name\": \"api_token_permission_id\", \"type\": \"integer\", \"unsigned\": true, \"defaultTo\": null, \"notNullable\": false}, {\"args\": [], \"name\": \"api_token_id\", \"type\": \"integer\", \"unsigned\": true, \"defaultTo\": null, \"notNullable\": false}, {\"args\": [], \"name\": \"api_token_permission_ord\", \"type\": \"double\", \"unsigned\": true, \"defaultTo\": null, \"notNullable\": false}], \"indexes\": [{\"name\": \"strapi_api_token_permissions_token_lnk_fk\", \"columns\": [\"api_token_permission_id\"]}, {\"name\": \"strapi_api_token_permissions_token_lnk_ifk\", \"columns\": [\"api_token_id\"]}, {\"name\": \"strapi_api_token_permissions_token_lnk_uq\", \"type\": \"unique\", \"columns\": [\"api_token_permission_id\", \"api_token_id\"]}, {\"name\": \"strapi_api_token_permissions_token_lnk_oifk\", \"columns\": [\"api_token_permission_ord\"]}], \"foreignKeys\": [{\"name\": \"strapi_api_token_permissions_token_lnk_fk\", \"columns\": [\"api_token_permission_id\"], \"onDelete\": \"CASCADE\", \"referencedTable\": \"strapi_api_token_permissions\", \"referencedColumns\": [\"id\"]}, {\"name\": \"strapi_api_token_permissions_token_lnk_ifk\", \"columns\": [\"api_token_id\"], \"onDelete\": \"CASCADE\", \"referencedTable\": \"strapi_api_tokens\", \"referencedColumns\": [\"id\"]}]}, {\"name\": \"strapi_transfer_token_permissions_token_lnk\", \"columns\": [{\"args\": [{\"primary\": true, \"primaryKey\": true}], \"name\": \"id\", \"type\": \"increments\", \"unsigned\": false, \"defaultTo\": null, \"notNullable\": true}, {\"args\": [], \"name\": \"transfer_token_permission_id\", \"type\": \"integer\", \"unsigned\": true, \"defaultTo\": null, \"notNullable\": false}, {\"args\": [], \"name\": \"transfer_token_id\", \"type\": \"integer\", \"unsigned\": true, \"defaultTo\": null, \"notNullable\": false}, {\"args\": [], \"name\": \"transfer_token_permission_ord\", \"type\": \"double\", \"unsigned\": true, \"defaultTo\": null, \"notNullable\": false}], \"indexes\": [{\"name\": \"strapi_transfer_token_permissions_token_lnk_fk\", \"columns\": [\"transfer_token_permission_id\"]}, {\"name\": \"strapi_transfer_token_permissions_token_lnk_ifk\", \"columns\": [\"transfer_token_id\"]}, {\"name\": \"strapi_transfer_token_permissions_token_lnk_uq\", \"type\": \"unique\", \"columns\": [\"transfer_token_permission_id\", \"transfer_token_id\"]}, {\"name\": \"strapi_transfer_token_permissions_token_lnk_oifk\", \"columns\": [\"transfer_token_permission_ord\"]}], \"foreignKeys\": [{\"name\": \"strapi_transfer_token_permissions_token_lnk_fk\", \"columns\": [\"transfer_token_permission_id\"], \"onDelete\": \"CASCADE\", \"referencedTable\": \"strapi_transfer_token_permissions\", \"referencedColumns\": [\"id\"]}, {\"name\": \"strapi_transfer_token_permissions_token_lnk_ifk\", \"columns\": [\"transfer_token_id\"], \"onDelete\": \"CASCADE\", \"referencedTable\": \"strapi_transfer_tokens\", \"referencedColumns\": [\"id\"]}]}]}','2025-04-22 12:33:45','8a32f429c45ad8c11bbf2a72fedba1bb');
/*!40000 ALTER TABLE `strapi_database_schema` ENABLE KEYS */;
UNLOCK TABLES;

--
-- Table structure for table `strapi_history_versions`
--

DROP TABLE IF EXISTS `strapi_history_versions`;
/*!40101 SET @saved_cs_client     = @@character_set_client */;
/*!50503 SET character_set_client = utf8mb4 */;
CREATE TABLE `strapi_history_versions` (
  `id` int unsigned NOT NULL AUTO_INCREMENT,
  `content_type` varchar(255) NOT NULL,
  `related_document_id` varchar(255) DEFAULT NULL,
  `locale` varchar(255) DEFAULT NULL,
  `status` varchar(255) DEFAULT NULL,
  `data` json DEFAULT NULL,
  `schema` json DEFAULT NULL,
  `created_at` datetime(6) DEFAULT NULL,
  `created_by_id` int unsigned DEFAULT NULL,
  PRIMARY KEY (`id`),
  KEY `strapi_history_versions_created_by_id_fk` (`created_by_id`),
  CONSTRAINT `strapi_history_versions_created_by_id_fk` FOREIGN KEY (`created_by_id`) REFERENCES `admin_users` (`id`) ON DELETE SET NULL
) ENGINE=InnoDB DEFAULT CHARSET=utf8mb4 COLLATE=utf8mb4_0900_ai_ci;
/*!40101 SET character_set_client = @saved_cs_client */;

--
-- Dumping data for table `strapi_history_versions`
--

LOCK TABLES `strapi_history_versions` WRITE;
/*!40000 ALTER TABLE `strapi_history_versions` DISABLE KEYS */;
/*!40000 ALTER TABLE `strapi_history_versions` ENABLE KEYS */;
UNLOCK TABLES;

--
-- Table structure for table `strapi_migrations`
--

DROP TABLE IF EXISTS `strapi_migrations`;
/*!40101 SET @saved_cs_client     = @@character_set_client */;
/*!50503 SET character_set_client = utf8mb4 */;
CREATE TABLE `strapi_migrations` (
  `id` int unsigned NOT NULL AUTO_INCREMENT,
  `name` varchar(255) DEFAULT NULL,
  `time` datetime DEFAULT NULL,
  PRIMARY KEY (`id`)
) ENGINE=InnoDB DEFAULT CHARSET=utf8mb4 COLLATE=utf8mb4_0900_ai_ci;
/*!40101 SET character_set_client = @saved_cs_client */;

--
-- Dumping data for table `strapi_migrations`
--

LOCK TABLES `strapi_migrations` WRITE;
/*!40000 ALTER TABLE `strapi_migrations` DISABLE KEYS */;
/*!40000 ALTER TABLE `strapi_migrations` ENABLE KEYS */;
UNLOCK TABLES;

--
-- Table structure for table `strapi_migrations_internal`
--

DROP TABLE IF EXISTS `strapi_migrations_internal`;
/*!40101 SET @saved_cs_client     = @@character_set_client */;
/*!50503 SET character_set_client = utf8mb4 */;
CREATE TABLE `strapi_migrations_internal` (
  `id` int unsigned NOT NULL AUTO_INCREMENT,
  `name` varchar(255) DEFAULT NULL,
  `time` datetime DEFAULT NULL,
  PRIMARY KEY (`id`)
) ENGINE=InnoDB AUTO_INCREMENT=7 DEFAULT CHARSET=utf8mb4 COLLATE=utf8mb4_0900_ai_ci;
/*!40101 SET character_set_client = @saved_cs_client */;

--
-- Dumping data for table `strapi_migrations_internal`
--

LOCK TABLES `strapi_migrations_internal` WRITE;
/*!40000 ALTER TABLE `strapi_migrations_internal` DISABLE KEYS */;
INSERT INTO `strapi_migrations_internal` VALUES (1,'5.0.0-rename-identifiers-longer-than-max-length','2025-03-27 08:46:33'),(2,'5.0.0-02-created-document-id','2025-03-27 08:46:33'),(3,'5.0.0-03-created-locale','2025-03-27 08:46:33'),(4,'5.0.0-04-created-published-at','2025-03-27 08:46:33'),(5,'5.0.0-05-drop-slug-fields-index','2025-03-27 08:46:33'),(6,'core::5.0.0-discard-drafts','2025-03-27 08:46:33');
/*!40000 ALTER TABLE `strapi_migrations_internal` ENABLE KEYS */;
UNLOCK TABLES;

--
-- Table structure for table `strapi_release_actions`
--

DROP TABLE IF EXISTS `strapi_release_actions`;
/*!40101 SET @saved_cs_client     = @@character_set_client */;
/*!50503 SET character_set_client = utf8mb4 */;
CREATE TABLE `strapi_release_actions` (
  `id` int unsigned NOT NULL AUTO_INCREMENT,
  `document_id` varchar(255) DEFAULT NULL,
  `type` varchar(255) DEFAULT NULL,
  `content_type` varchar(255) DEFAULT NULL,
  `entry_document_id` varchar(255) DEFAULT NULL,
  `locale` varchar(255) DEFAULT NULL,
  `is_entry_valid` tinyint(1) DEFAULT NULL,
  `created_at` datetime(6) DEFAULT NULL,
  `updated_at` datetime(6) DEFAULT NULL,
  `published_at` datetime(6) DEFAULT NULL,
  `created_by_id` int unsigned DEFAULT NULL,
  `updated_by_id` int unsigned DEFAULT NULL,
  PRIMARY KEY (`id`),
  KEY `strapi_release_actions_documents_idx` (`document_id`,`locale`,`published_at`),
  KEY `strapi_release_actions_created_by_id_fk` (`created_by_id`),
  KEY `strapi_release_actions_updated_by_id_fk` (`updated_by_id`),
  CONSTRAINT `strapi_release_actions_created_by_id_fk` FOREIGN KEY (`created_by_id`) REFERENCES `admin_users` (`id`) ON DELETE SET NULL,
  CONSTRAINT `strapi_release_actions_updated_by_id_fk` FOREIGN KEY (`updated_by_id`) REFERENCES `admin_users` (`id`) ON DELETE SET NULL
) ENGINE=InnoDB DEFAULT CHARSET=utf8mb4 COLLATE=utf8mb4_0900_ai_ci;
/*!40101 SET character_set_client = @saved_cs_client */;

--
-- Dumping data for table `strapi_release_actions`
--

LOCK TABLES `strapi_release_actions` WRITE;
/*!40000 ALTER TABLE `strapi_release_actions` DISABLE KEYS */;
/*!40000 ALTER TABLE `strapi_release_actions` ENABLE KEYS */;
UNLOCK TABLES;

--
-- Table structure for table `strapi_release_actions_release_lnk`
--

DROP TABLE IF EXISTS `strapi_release_actions_release_lnk`;
/*!40101 SET @saved_cs_client     = @@character_set_client */;
/*!50503 SET character_set_client = utf8mb4 */;
CREATE TABLE `strapi_release_actions_release_lnk` (
  `id` int unsigned NOT NULL AUTO_INCREMENT,
  `release_action_id` int unsigned DEFAULT NULL,
  `release_id` int unsigned DEFAULT NULL,
  `release_action_ord` double unsigned DEFAULT NULL,
  PRIMARY KEY (`id`),
  UNIQUE KEY `strapi_release_actions_release_lnk_uq` (`release_action_id`,`release_id`),
  KEY `strapi_release_actions_release_lnk_fk` (`release_action_id`),
  KEY `strapi_release_actions_release_lnk_ifk` (`release_id`),
  KEY `strapi_release_actions_release_lnk_oifk` (`release_action_ord`),
  CONSTRAINT `strapi_release_actions_release_lnk_fk` FOREIGN KEY (`release_action_id`) REFERENCES `strapi_release_actions` (`id`) ON DELETE CASCADE,
  CONSTRAINT `strapi_release_actions_release_lnk_ifk` FOREIGN KEY (`release_id`) REFERENCES `strapi_releases` (`id`) ON DELETE CASCADE
) ENGINE=InnoDB DEFAULT CHARSET=utf8mb4 COLLATE=utf8mb4_0900_ai_ci;
/*!40101 SET character_set_client = @saved_cs_client */;

--
-- Dumping data for table `strapi_release_actions_release_lnk`
--

LOCK TABLES `strapi_release_actions_release_lnk` WRITE;
/*!40000 ALTER TABLE `strapi_release_actions_release_lnk` DISABLE KEYS */;
/*!40000 ALTER TABLE `strapi_release_actions_release_lnk` ENABLE KEYS */;
UNLOCK TABLES;

--
-- Table structure for table `strapi_releases`
--

DROP TABLE IF EXISTS `strapi_releases`;
/*!40101 SET @saved_cs_client     = @@character_set_client */;
/*!50503 SET character_set_client = utf8mb4 */;
CREATE TABLE `strapi_releases` (
  `id` int unsigned NOT NULL AUTO_INCREMENT,
  `document_id` varchar(255) DEFAULT NULL,
  `name` varchar(255) DEFAULT NULL,
  `released_at` datetime(6) DEFAULT NULL,
  `scheduled_at` datetime(6) DEFAULT NULL,
  `timezone` varchar(255) DEFAULT NULL,
  `status` varchar(255) DEFAULT NULL,
  `created_at` datetime(6) DEFAULT NULL,
  `updated_at` datetime(6) DEFAULT NULL,
  `published_at` datetime(6) DEFAULT NULL,
  `created_by_id` int unsigned DEFAULT NULL,
  `updated_by_id` int unsigned DEFAULT NULL,
  `locale` varchar(255) DEFAULT NULL,
  PRIMARY KEY (`id`),
  KEY `strapi_releases_documents_idx` (`document_id`,`locale`,`published_at`),
  KEY `strapi_releases_created_by_id_fk` (`created_by_id`),
  KEY `strapi_releases_updated_by_id_fk` (`updated_by_id`),
  CONSTRAINT `strapi_releases_created_by_id_fk` FOREIGN KEY (`created_by_id`) REFERENCES `admin_users` (`id`) ON DELETE SET NULL,
  CONSTRAINT `strapi_releases_updated_by_id_fk` FOREIGN KEY (`updated_by_id`) REFERENCES `admin_users` (`id`) ON DELETE SET NULL
) ENGINE=InnoDB DEFAULT CHARSET=utf8mb4 COLLATE=utf8mb4_0900_ai_ci;
/*!40101 SET character_set_client = @saved_cs_client */;

--
-- Dumping data for table `strapi_releases`
--

LOCK TABLES `strapi_releases` WRITE;
/*!40000 ALTER TABLE `strapi_releases` DISABLE KEYS */;
/*!40000 ALTER TABLE `strapi_releases` ENABLE KEYS */;
UNLOCK TABLES;

--
-- Table structure for table `strapi_transfer_token_permissions`
--

DROP TABLE IF EXISTS `strapi_transfer_token_permissions`;
/*!40101 SET @saved_cs_client     = @@character_set_client */;
/*!50503 SET character_set_client = utf8mb4 */;
CREATE TABLE `strapi_transfer_token_permissions` (
  `id` int unsigned NOT NULL AUTO_INCREMENT,
  `document_id` varchar(255) DEFAULT NULL,
  `action` varchar(255) DEFAULT NULL,
  `created_at` datetime(6) DEFAULT NULL,
  `updated_at` datetime(6) DEFAULT NULL,
  `published_at` datetime(6) DEFAULT NULL,
  `created_by_id` int unsigned DEFAULT NULL,
  `updated_by_id` int unsigned DEFAULT NULL,
  `locale` varchar(255) DEFAULT NULL,
  PRIMARY KEY (`id`),
  KEY `strapi_transfer_token_permissions_documents_idx` (`document_id`,`locale`,`published_at`),
  KEY `strapi_transfer_token_permissions_created_by_id_fk` (`created_by_id`),
  KEY `strapi_transfer_token_permissions_updated_by_id_fk` (`updated_by_id`),
  CONSTRAINT `strapi_transfer_token_permissions_created_by_id_fk` FOREIGN KEY (`created_by_id`) REFERENCES `admin_users` (`id`) ON DELETE SET NULL,
  CONSTRAINT `strapi_transfer_token_permissions_updated_by_id_fk` FOREIGN KEY (`updated_by_id`) REFERENCES `admin_users` (`id`) ON DELETE SET NULL
) ENGINE=InnoDB DEFAULT CHARSET=utf8mb4 COLLATE=utf8mb4_0900_ai_ci;
/*!40101 SET character_set_client = @saved_cs_client */;

--
-- Dumping data for table `strapi_transfer_token_permissions`
--

LOCK TABLES `strapi_transfer_token_permissions` WRITE;
/*!40000 ALTER TABLE `strapi_transfer_token_permissions` DISABLE KEYS */;
/*!40000 ALTER TABLE `strapi_transfer_token_permissions` ENABLE KEYS */;
UNLOCK TABLES;

--
-- Table structure for table `strapi_transfer_token_permissions_token_lnk`
--

DROP TABLE IF EXISTS `strapi_transfer_token_permissions_token_lnk`;
/*!40101 SET @saved_cs_client     = @@character_set_client */;
/*!50503 SET character_set_client = utf8mb4 */;
CREATE TABLE `strapi_transfer_token_permissions_token_lnk` (
  `id` int unsigned NOT NULL AUTO_INCREMENT,
  `transfer_token_permission_id` int unsigned DEFAULT NULL,
  `transfer_token_id` int unsigned DEFAULT NULL,
  `transfer_token_permission_ord` double unsigned DEFAULT NULL,
  PRIMARY KEY (`id`),
  UNIQUE KEY `strapi_transfer_token_permissions_token_lnk_uq` (`transfer_token_permission_id`,`transfer_token_id`),
  KEY `strapi_transfer_token_permissions_token_lnk_fk` (`transfer_token_permission_id`),
  KEY `strapi_transfer_token_permissions_token_lnk_ifk` (`transfer_token_id`),
  KEY `strapi_transfer_token_permissions_token_lnk_oifk` (`transfer_token_permission_ord`),
  CONSTRAINT `strapi_transfer_token_permissions_token_lnk_fk` FOREIGN KEY (`transfer_token_permission_id`) REFERENCES `strapi_transfer_token_permissions` (`id`) ON DELETE CASCADE,
  CONSTRAINT `strapi_transfer_token_permissions_token_lnk_ifk` FOREIGN KEY (`transfer_token_id`) REFERENCES `strapi_transfer_tokens` (`id`) ON DELETE CASCADE
) ENGINE=InnoDB DEFAULT CHARSET=utf8mb4 COLLATE=utf8mb4_0900_ai_ci;
/*!40101 SET character_set_client = @saved_cs_client */;

--
-- Dumping data for table `strapi_transfer_token_permissions_token_lnk`
--

LOCK TABLES `strapi_transfer_token_permissions_token_lnk` WRITE;
/*!40000 ALTER TABLE `strapi_transfer_token_permissions_token_lnk` DISABLE KEYS */;
/*!40000 ALTER TABLE `strapi_transfer_token_permissions_token_lnk` ENABLE KEYS */;
UNLOCK TABLES;

--
-- Table structure for table `strapi_transfer_tokens`
--

DROP TABLE IF EXISTS `strapi_transfer_tokens`;
/*!40101 SET @saved_cs_client     = @@character_set_client */;
/*!50503 SET character_set_client = utf8mb4 */;
CREATE TABLE `strapi_transfer_tokens` (
  `id` int unsigned NOT NULL AUTO_INCREMENT,
  `document_id` varchar(255) DEFAULT NULL,
  `name` varchar(255) DEFAULT NULL,
  `description` varchar(255) DEFAULT NULL,
  `access_key` varchar(255) DEFAULT NULL,
  `last_used_at` datetime(6) DEFAULT NULL,
  `expires_at` datetime(6) DEFAULT NULL,
  `lifespan` bigint DEFAULT NULL,
  `created_at` datetime(6) DEFAULT NULL,
  `updated_at` datetime(6) DEFAULT NULL,
  `published_at` datetime(6) DEFAULT NULL,
  `created_by_id` int unsigned DEFAULT NULL,
  `updated_by_id` int unsigned DEFAULT NULL,
  `locale` varchar(255) DEFAULT NULL,
  PRIMARY KEY (`id`),
  KEY `strapi_transfer_tokens_documents_idx` (`document_id`,`locale`,`published_at`),
  KEY `strapi_transfer_tokens_created_by_id_fk` (`created_by_id`),
  KEY `strapi_transfer_tokens_updated_by_id_fk` (`updated_by_id`),
  CONSTRAINT `strapi_transfer_tokens_created_by_id_fk` FOREIGN KEY (`created_by_id`) REFERENCES `admin_users` (`id`) ON DELETE SET NULL,
  CONSTRAINT `strapi_transfer_tokens_updated_by_id_fk` FOREIGN KEY (`updated_by_id`) REFERENCES `admin_users` (`id`) ON DELETE SET NULL
) ENGINE=InnoDB DEFAULT CHARSET=utf8mb4 COLLATE=utf8mb4_0900_ai_ci;
/*!40101 SET character_set_client = @saved_cs_client */;

--
-- Dumping data for table `strapi_transfer_tokens`
--

LOCK TABLES `strapi_transfer_tokens` WRITE;
/*!40000 ALTER TABLE `strapi_transfer_tokens` DISABLE KEYS */;
/*!40000 ALTER TABLE `strapi_transfer_tokens` ENABLE KEYS */;
UNLOCK TABLES;

--
-- Table structure for table `strapi_webhooks`
--

DROP TABLE IF EXISTS `strapi_webhooks`;
/*!40101 SET @saved_cs_client     = @@character_set_client */;
/*!50503 SET character_set_client = utf8mb4 */;
CREATE TABLE `strapi_webhooks` (
  `id` int unsigned NOT NULL AUTO_INCREMENT,
  `name` varchar(255) DEFAULT NULL,
  `url` longtext,
  `headers` json DEFAULT NULL,
  `events` json DEFAULT NULL,
  `enabled` tinyint(1) DEFAULT NULL,
  PRIMARY KEY (`id`)
) ENGINE=InnoDB DEFAULT CHARSET=utf8mb4 COLLATE=utf8mb4_0900_ai_ci;
/*!40101 SET character_set_client = @saved_cs_client */;

--
-- Dumping data for table `strapi_webhooks`
--

LOCK TABLES `strapi_webhooks` WRITE;
/*!40000 ALTER TABLE `strapi_webhooks` DISABLE KEYS */;
/*!40000 ALTER TABLE `strapi_webhooks` ENABLE KEYS */;
UNLOCK TABLES;

--
-- Table structure for table `strapi_workflows`
--

DROP TABLE IF EXISTS `strapi_workflows`;
/*!40101 SET @saved_cs_client     = @@character_set_client */;
/*!50503 SET character_set_client = utf8mb4 */;
CREATE TABLE `strapi_workflows` (
  `id` int unsigned NOT NULL AUTO_INCREMENT,
  `document_id` varchar(255) DEFAULT NULL,
  `name` varchar(255) DEFAULT NULL,
  `content_types` json DEFAULT NULL,
  `created_at` datetime(6) DEFAULT NULL,
  `updated_at` datetime(6) DEFAULT NULL,
  `published_at` datetime(6) DEFAULT NULL,
  `created_by_id` int unsigned DEFAULT NULL,
  `updated_by_id` int unsigned DEFAULT NULL,
  `locale` varchar(255) DEFAULT NULL,
  PRIMARY KEY (`id`),
  KEY `strapi_workflows_documents_idx` (`document_id`,`locale`,`published_at`),
  KEY `strapi_workflows_created_by_id_fk` (`created_by_id`),
  KEY `strapi_workflows_updated_by_id_fk` (`updated_by_id`),
  CONSTRAINT `strapi_workflows_created_by_id_fk` FOREIGN KEY (`created_by_id`) REFERENCES `admin_users` (`id`) ON DELETE SET NULL,
  CONSTRAINT `strapi_workflows_updated_by_id_fk` FOREIGN KEY (`updated_by_id`) REFERENCES `admin_users` (`id`) ON DELETE SET NULL
) ENGINE=InnoDB DEFAULT CHARSET=utf8mb4 COLLATE=utf8mb4_0900_ai_ci;
/*!40101 SET character_set_client = @saved_cs_client */;

--
-- Dumping data for table `strapi_workflows`
--

LOCK TABLES `strapi_workflows` WRITE;
/*!40000 ALTER TABLE `strapi_workflows` DISABLE KEYS */;
/*!40000 ALTER TABLE `strapi_workflows` ENABLE KEYS */;
UNLOCK TABLES;

--
-- Table structure for table `strapi_workflows_stage_required_to_publish_lnk`
--

DROP TABLE IF EXISTS `strapi_workflows_stage_required_to_publish_lnk`;
/*!40101 SET @saved_cs_client     = @@character_set_client */;
/*!50503 SET character_set_client = utf8mb4 */;
CREATE TABLE `strapi_workflows_stage_required_to_publish_lnk` (
  `id` int unsigned NOT NULL AUTO_INCREMENT,
  `workflow_id` int unsigned DEFAULT NULL,
  `workflow_stage_id` int unsigned DEFAULT NULL,
  PRIMARY KEY (`id`),
  UNIQUE KEY `strapi_workflows_stage_required_to_publish_lnk_uq` (`workflow_id`,`workflow_stage_id`),
  KEY `strapi_workflows_stage_required_to_publish_lnk_fk` (`workflow_id`),
  KEY `strapi_workflows_stage_required_to_publish_lnk_ifk` (`workflow_stage_id`),
  CONSTRAINT `strapi_workflows_stage_required_to_publish_lnk_fk` FOREIGN KEY (`workflow_id`) REFERENCES `strapi_workflows` (`id`) ON DELETE CASCADE,
  CONSTRAINT `strapi_workflows_stage_required_to_publish_lnk_ifk` FOREIGN KEY (`workflow_stage_id`) REFERENCES `strapi_workflows_stages` (`id`) ON DELETE CASCADE
) ENGINE=InnoDB DEFAULT CHARSET=utf8mb4 COLLATE=utf8mb4_0900_ai_ci;
/*!40101 SET character_set_client = @saved_cs_client */;

--
-- Dumping data for table `strapi_workflows_stage_required_to_publish_lnk`
--

LOCK TABLES `strapi_workflows_stage_required_to_publish_lnk` WRITE;
/*!40000 ALTER TABLE `strapi_workflows_stage_required_to_publish_lnk` DISABLE KEYS */;
/*!40000 ALTER TABLE `strapi_workflows_stage_required_to_publish_lnk` ENABLE KEYS */;
UNLOCK TABLES;

--
-- Table structure for table `strapi_workflows_stages`
--

DROP TABLE IF EXISTS `strapi_workflows_stages`;
/*!40101 SET @saved_cs_client     = @@character_set_client */;
/*!50503 SET character_set_client = utf8mb4 */;
CREATE TABLE `strapi_workflows_stages` (
  `id` int unsigned NOT NULL AUTO_INCREMENT,
  `document_id` varchar(255) DEFAULT NULL,
  `name` varchar(255) DEFAULT NULL,
  `color` varchar(255) DEFAULT NULL,
  `created_at` datetime(6) DEFAULT NULL,
  `updated_at` datetime(6) DEFAULT NULL,
  `published_at` datetime(6) DEFAULT NULL,
  `created_by_id` int unsigned DEFAULT NULL,
  `updated_by_id` int unsigned DEFAULT NULL,
  `locale` varchar(255) DEFAULT NULL,
  PRIMARY KEY (`id`),
  KEY `strapi_workflows_stages_documents_idx` (`document_id`,`locale`,`published_at`),
  KEY `strapi_workflows_stages_created_by_id_fk` (`created_by_id`),
  KEY `strapi_workflows_stages_updated_by_id_fk` (`updated_by_id`),
  CONSTRAINT `strapi_workflows_stages_created_by_id_fk` FOREIGN KEY (`created_by_id`) REFERENCES `admin_users` (`id`) ON DELETE SET NULL,
  CONSTRAINT `strapi_workflows_stages_updated_by_id_fk` FOREIGN KEY (`updated_by_id`) REFERENCES `admin_users` (`id`) ON DELETE SET NULL
) ENGINE=InnoDB DEFAULT CHARSET=utf8mb4 COLLATE=utf8mb4_0900_ai_ci;
/*!40101 SET character_set_client = @saved_cs_client */;

--
-- Dumping data for table `strapi_workflows_stages`
--

LOCK TABLES `strapi_workflows_stages` WRITE;
/*!40000 ALTER TABLE `strapi_workflows_stages` DISABLE KEYS */;
/*!40000 ALTER TABLE `strapi_workflows_stages` ENABLE KEYS */;
UNLOCK TABLES;

--
-- Table structure for table `strapi_workflows_stages_permissions_lnk`
--

DROP TABLE IF EXISTS `strapi_workflows_stages_permissions_lnk`;
/*!40101 SET @saved_cs_client     = @@character_set_client */;
/*!50503 SET character_set_client = utf8mb4 */;
CREATE TABLE `strapi_workflows_stages_permissions_lnk` (
  `id` int unsigned NOT NULL AUTO_INCREMENT,
  `workflow_stage_id` int unsigned DEFAULT NULL,
  `permission_id` int unsigned DEFAULT NULL,
  `permission_ord` double unsigned DEFAULT NULL,
  PRIMARY KEY (`id`),
  UNIQUE KEY `strapi_workflows_stages_permissions_lnk_uq` (`workflow_stage_id`,`permission_id`),
  KEY `strapi_workflows_stages_permissions_lnk_fk` (`workflow_stage_id`),
  KEY `strapi_workflows_stages_permissions_lnk_ifk` (`permission_id`),
  KEY `strapi_workflows_stages_permissions_lnk_ofk` (`permission_ord`),
  CONSTRAINT `strapi_workflows_stages_permissions_lnk_fk` FOREIGN KEY (`workflow_stage_id`) REFERENCES `strapi_workflows_stages` (`id`) ON DELETE CASCADE,
  CONSTRAINT `strapi_workflows_stages_permissions_lnk_ifk` FOREIGN KEY (`permission_id`) REFERENCES `admin_permissions` (`id`) ON DELETE CASCADE
) ENGINE=InnoDB DEFAULT CHARSET=utf8mb4 COLLATE=utf8mb4_0900_ai_ci;
/*!40101 SET character_set_client = @saved_cs_client */;

--
-- Dumping data for table `strapi_workflows_stages_permissions_lnk`
--

LOCK TABLES `strapi_workflows_stages_permissions_lnk` WRITE;
/*!40000 ALTER TABLE `strapi_workflows_stages_permissions_lnk` DISABLE KEYS */;
/*!40000 ALTER TABLE `strapi_workflows_stages_permissions_lnk` ENABLE KEYS */;
UNLOCK TABLES;

--
-- Table structure for table `strapi_workflows_stages_workflow_lnk`
--

DROP TABLE IF EXISTS `strapi_workflows_stages_workflow_lnk`;
/*!40101 SET @saved_cs_client     = @@character_set_client */;
/*!50503 SET character_set_client = utf8mb4 */;
CREATE TABLE `strapi_workflows_stages_workflow_lnk` (
  `id` int unsigned NOT NULL AUTO_INCREMENT,
  `workflow_stage_id` int unsigned DEFAULT NULL,
  `workflow_id` int unsigned DEFAULT NULL,
  `workflow_stage_ord` double unsigned DEFAULT NULL,
  PRIMARY KEY (`id`),
  UNIQUE KEY `strapi_workflows_stages_workflow_lnk_uq` (`workflow_stage_id`,`workflow_id`),
  KEY `strapi_workflows_stages_workflow_lnk_fk` (`workflow_stage_id`),
  KEY `strapi_workflows_stages_workflow_lnk_ifk` (`workflow_id`),
  KEY `strapi_workflows_stages_workflow_lnk_oifk` (`workflow_stage_ord`),
  CONSTRAINT `strapi_workflows_stages_workflow_lnk_fk` FOREIGN KEY (`workflow_stage_id`) REFERENCES `strapi_workflows_stages` (`id`) ON DELETE CASCADE,
  CONSTRAINT `strapi_workflows_stages_workflow_lnk_ifk` FOREIGN KEY (`workflow_id`) REFERENCES `strapi_workflows` (`id`) ON DELETE CASCADE
) ENGINE=InnoDB DEFAULT CHARSET=utf8mb4 COLLATE=utf8mb4_0900_ai_ci;
/*!40101 SET character_set_client = @saved_cs_client */;

--
-- Dumping data for table `strapi_workflows_stages_workflow_lnk`
--

LOCK TABLES `strapi_workflows_stages_workflow_lnk` WRITE;
/*!40000 ALTER TABLE `strapi_workflows_stages_workflow_lnk` DISABLE KEYS */;
/*!40000 ALTER TABLE `strapi_workflows_stages_workflow_lnk` ENABLE KEYS */;
UNLOCK TABLES;

--
-- Table structure for table `up_permissions`
--

DROP TABLE IF EXISTS `up_permissions`;
/*!40101 SET @saved_cs_client     = @@character_set_client */;
/*!50503 SET character_set_client = utf8mb4 */;
CREATE TABLE `up_permissions` (
  `id` int unsigned NOT NULL AUTO_INCREMENT,
  `document_id` varchar(255) DEFAULT NULL,
  `action` varchar(255) DEFAULT NULL,
  `created_at` datetime(6) DEFAULT NULL,
  `updated_at` datetime(6) DEFAULT NULL,
  `published_at` datetime(6) DEFAULT NULL,
  `created_by_id` int unsigned DEFAULT NULL,
  `updated_by_id` int unsigned DEFAULT NULL,
  `locale` varchar(255) DEFAULT NULL,
  PRIMARY KEY (`id`),
  KEY `up_permissions_documents_idx` (`document_id`,`locale`,`published_at`),
  KEY `up_permissions_created_by_id_fk` (`created_by_id`),
  KEY `up_permissions_updated_by_id_fk` (`updated_by_id`),
  CONSTRAINT `up_permissions_created_by_id_fk` FOREIGN KEY (`created_by_id`) REFERENCES `admin_users` (`id`) ON DELETE SET NULL,
  CONSTRAINT `up_permissions_updated_by_id_fk` FOREIGN KEY (`updated_by_id`) REFERENCES `admin_users` (`id`) ON DELETE SET NULL
) ENGINE=InnoDB AUTO_INCREMENT=10 DEFAULT CHARSET=utf8mb4 COLLATE=utf8mb4_0900_ai_ci;
/*!40101 SET character_set_client = @saved_cs_client */;

--
-- Dumping data for table `up_permissions`
--

LOCK TABLES `up_permissions` WRITE;
/*!40000 ALTER TABLE `up_permissions` DISABLE KEYS */;
INSERT INTO `up_permissions` VALUES (1,'vfzgoh4410u5m17s151ckm99','plugin::users-permissions.user.me','2025-03-27 08:46:38.965000','2025-03-27 08:46:38.965000','2025-03-27 08:46:38.965000',NULL,NULL,NULL),(2,'fojbp6smqt6al8ebcjdwzx4e','plugin::users-permissions.auth.changePassword','2025-03-27 08:46:38.965000','2025-03-27 08:46:38.965000','2025-03-27 08:46:38.965000',NULL,NULL,NULL),(3,'dp90orp0b1fhdo65r7hou0h6','plugin::users-permissions.auth.connect','2025-03-27 08:46:38.990000','2025-03-27 08:46:38.990000','2025-03-27 08:46:38.990000',NULL,NULL,NULL),(4,'g2pwy96zfnz1k91fugdxw75e','plugin::users-permissions.auth.forgotPassword','2025-03-27 08:46:38.990000','2025-03-27 08:46:38.990000','2025-03-27 08:46:38.991000',NULL,NULL,NULL),(5,'baizbtqd66r1wdfxwjmbxo4j','plugin::users-permissions.auth.callback','2025-03-27 08:46:38.990000','2025-03-27 08:46:38.990000','2025-03-27 08:46:38.990000',NULL,NULL,NULL),(6,'iyim9ohe2smn5hybt2kov3qc','plugin::users-permissions.auth.resetPassword','2025-03-27 08:46:38.990000','2025-03-27 08:46:38.990000','2025-03-27 08:46:38.991000',NULL,NULL,NULL),(7,'yn0drhr0xemdjdj59yfzg1vn','plugin::users-permissions.auth.sendEmailConfirmation','2025-03-27 08:46:38.990000','2025-03-27 08:46:38.990000','2025-03-27 08:46:38.991000',NULL,NULL,NULL),(8,'agf04a929tvyc8nbmjevysvx','plugin::users-permissions.auth.register','2025-03-27 08:46:38.990000','2025-03-27 08:46:38.990000','2025-03-27 08:46:38.991000',NULL,NULL,NULL),(9,'pj8xy8841d5efswxucgsgltt','plugin::users-permissions.auth.emailConfirmation','2025-03-27 08:46:38.990000','2025-03-27 08:46:38.990000','2025-03-27 08:46:38.991000',NULL,NULL,NULL);
/*!40000 ALTER TABLE `up_permissions` ENABLE KEYS */;
UNLOCK TABLES;

--
-- Table structure for table `up_permissions_role_lnk`
--

DROP TABLE IF EXISTS `up_permissions_role_lnk`;
/*!40101 SET @saved_cs_client     = @@character_set_client */;
/*!50503 SET character_set_client = utf8mb4 */;
CREATE TABLE `up_permissions_role_lnk` (
  `id` int unsigned NOT NULL AUTO_INCREMENT,
  `permission_id` int unsigned DEFAULT NULL,
  `role_id` int unsigned DEFAULT NULL,
  `permission_ord` double unsigned DEFAULT NULL,
  PRIMARY KEY (`id`),
  UNIQUE KEY `up_permissions_role_lnk_uq` (`permission_id`,`role_id`),
  KEY `up_permissions_role_lnk_fk` (`permission_id`),
  KEY `up_permissions_role_lnk_ifk` (`role_id`),
  KEY `up_permissions_role_lnk_oifk` (`permission_ord`),
  CONSTRAINT `up_permissions_role_lnk_fk` FOREIGN KEY (`permission_id`) REFERENCES `up_permissions` (`id`) ON DELETE CASCADE,
  CONSTRAINT `up_permissions_role_lnk_ifk` FOREIGN KEY (`role_id`) REFERENCES `up_roles` (`id`) ON DELETE CASCADE
) ENGINE=InnoDB AUTO_INCREMENT=10 DEFAULT CHARSET=utf8mb4 COLLATE=utf8mb4_0900_ai_ci;
/*!40101 SET character_set_client = @saved_cs_client */;

--
-- Dumping data for table `up_permissions_role_lnk`
--

LOCK TABLES `up_permissions_role_lnk` WRITE;
/*!40000 ALTER TABLE `up_permissions_role_lnk` DISABLE KEYS */;
INSERT INTO `up_permissions_role_lnk` VALUES (1,1,1,1),(2,2,1,1),(3,3,2,1),(4,4,2,1),(5,6,2,1),(6,9,2,1),(7,5,2,1),(8,8,2,2),(9,7,2,2);
/*!40000 ALTER TABLE `up_permissions_role_lnk` ENABLE KEYS */;
UNLOCK TABLES;

--
-- Table structure for table `up_roles`
--

DROP TABLE IF EXISTS `up_roles`;
/*!40101 SET @saved_cs_client     = @@character_set_client */;
/*!50503 SET character_set_client = utf8mb4 */;
CREATE TABLE `up_roles` (
  `id` int unsigned NOT NULL AUTO_INCREMENT,
  `document_id` varchar(255) DEFAULT NULL,
  `name` varchar(255) DEFAULT NULL,
  `description` varchar(255) DEFAULT NULL,
  `type` varchar(255) DEFAULT NULL,
  `created_at` datetime(6) DEFAULT NULL,
  `updated_at` datetime(6) DEFAULT NULL,
  `published_at` datetime(6) DEFAULT NULL,
  `created_by_id` int unsigned DEFAULT NULL,
  `updated_by_id` int unsigned DEFAULT NULL,
  `locale` varchar(255) DEFAULT NULL,
  PRIMARY KEY (`id`),
  KEY `up_roles_documents_idx` (`document_id`,`locale`,`published_at`),
  KEY `up_roles_created_by_id_fk` (`created_by_id`),
  KEY `up_roles_updated_by_id_fk` (`updated_by_id`),
  CONSTRAINT `up_roles_created_by_id_fk` FOREIGN KEY (`created_by_id`) REFERENCES `admin_users` (`id`) ON DELETE SET NULL,
  CONSTRAINT `up_roles_updated_by_id_fk` FOREIGN KEY (`updated_by_id`) REFERENCES `admin_users` (`id`) ON DELETE SET NULL
) ENGINE=InnoDB AUTO_INCREMENT=5 DEFAULT CHARSET=utf8mb4 COLLATE=utf8mb4_0900_ai_ci;
/*!40101 SET character_set_client = @saved_cs_client */;

--
-- Dumping data for table `up_roles`
--

LOCK TABLES `up_roles` WRITE;
/*!40000 ALTER TABLE `up_roles` DISABLE KEYS */;
INSERT INTO `up_roles` VALUES (1,'kzoqfb5htq9dlph0wwew4axq','Authenticated','Default role given to authenticated user.','authenticated','2025-03-27 08:46:38.942000','2025-03-27 08:46:38.942000','2025-03-27 08:46:38.942000',NULL,NULL,NULL),(2,'uihre831h7xa2xupyiiayobq','Public','Default role given to unauthenticated user.','public','2025-03-27 08:46:38.952000','2025-03-27 08:46:38.952000','2025-03-27 08:46:38.952000',NULL,NULL,NULL),(3,'wuznblnum93nmjtgcje3tvf5','Admin','Admin have full access','admin','2025-04-01 12:14:52.533000','2025-04-01 12:14:52.533000','2025-04-01 12:14:52.533000',NULL,NULL,NULL),(4,'a4uyo2mrne8tuawqj2iy082f','User','User role can update their own data','user','2025-04-01 12:15:16.548000','2025-04-01 12:15:16.548000','2025-04-01 12:15:16.548000',NULL,NULL,NULL);
/*!40000 ALTER TABLE `up_roles` ENABLE KEYS */;
UNLOCK TABLES;

--
-- Table structure for table `up_users`
--

DROP TABLE IF EXISTS `up_users`;
/*!40101 SET @saved_cs_client     = @@character_set_client */;
/*!50503 SET character_set_client = utf8mb4 */;
CREATE TABLE `up_users` (
  `id` int unsigned NOT NULL AUTO_INCREMENT,
  `document_id` varchar(255) DEFAULT NULL,
  `username` varchar(255) DEFAULT NULL,
  `password` varchar(255) DEFAULT NULL,
  `full_name` varchar(255) DEFAULT NULL,
  `email` varchar(255) DEFAULT NULL,
  `phone_number` varchar(255) DEFAULT NULL,
  `alternate_phone_number` varchar(255) DEFAULT NULL,
  `email_verified` tinyint(1) DEFAULT NULL,
  `blocked` tinyint(1) DEFAULT NULL,
  `account_status` varchar(255) DEFAULT NULL,
  `verification_token` varchar(255) DEFAULT NULL,
  `created_at` datetime(6) DEFAULT NULL,
  `updated_at` datetime(6) DEFAULT NULL,
  `published_at` datetime(6) DEFAULT NULL,
  `created_by_id` int unsigned DEFAULT NULL,
  `updated_by_id` int unsigned DEFAULT NULL,
  `locale` varchar(255) DEFAULT NULL,
  PRIMARY KEY (`id`),
  KEY `up_users_documents_idx` (`document_id`,`locale`,`published_at`),
  KEY `up_users_created_by_id_fk` (`created_by_id`),
  KEY `up_users_updated_by_id_fk` (`updated_by_id`),
  CONSTRAINT `up_users_created_by_id_fk` FOREIGN KEY (`created_by_id`) REFERENCES `admin_users` (`id`) ON DELETE SET NULL,
  CONSTRAINT `up_users_updated_by_id_fk` FOREIGN KEY (`updated_by_id`) REFERENCES `admin_users` (`id`) ON DELETE SET NULL
) ENGINE=InnoDB AUTO_INCREMENT=29 DEFAULT CHARSET=utf8mb4 COLLATE=utf8mb4_0900_ai_ci;
/*!40101 SET character_set_client = @saved_cs_client */;

--
-- Dumping data for table `up_users`
--

LOCK TABLES `up_users` WRITE;
/*!40000 ALTER TABLE `up_users` DISABLE KEYS */;
INSERT INTO `up_users` VALUES (5,'bh50giksidmhunlwtcu0r79a','dayeca4078@oronny.com','$2a$10$CsFaZHdZsj4Ym8FGLPobLOwqa8Du.XbvEMrCNgpz4IqL3K95aE2ri','Laurence Wisoky','dayeca4078@oronny.com','3886307028','8267911651',1,0,'ACTIVE',NULL,'2025-04-02 10:58:17.525000','2025-04-23 12:47:14.389000','2025-04-23 12:47:14.369000',NULL,1,NULL),(8,'dv1728ntat7wrnpf9pu8awwl','aniket.chahare@eminds.ai','$2a$10$H.AtirzZJThmWVr0/3.QiONs5os4TxPw4nPRrHgAcKj47kO1u.1IW','Aniket Chahare','aniket.chahare@eminds.ai','8888812232',NULL,1,0,'ACTIVE',NULL,'2025-04-18 12:45:47.409000','2025-04-23 11:04:34.048000','2025-04-23 11:04:34.031000',NULL,NULL,NULL),(12,'bhxybd320d82mj8e324s8uvs','krushna.gaikwad@eminds.ai','$2a$10$mUby5sFZqo8Pbf5OZJ8wzewj99fgUBQ59ETHm1y/WF5qgYrhko81a',NULL,'krushna.gaikwad@eminds.ai',NULL,NULL,1,0,'ACTIVE',NULL,'2025-04-25 09:25:55.150000','2025-04-25 09:28:42.735000','2025-04-25 09:28:42.731000',NULL,NULL,NULL),(14,'hv0vx0v2h5apad4veulbqmxh','omkar@gmail.com',NULL,'Omkar','omkar@gmail.com','8149941401','',1,0,'ACTIVE',NULL,'2025-04-28 08:17:02.222000','2025-04-30 12:23:22.677000','2025-04-30 12:23:22.660000',NULL,1,NULL),(15,'cbbvdlz8usphj2kodmhb6x7l','nyzejf@qacmjeq.com','$2a$10$CKWSiTMsnHXZ5RioBHcug.8DnDkx/ptz.mcKM2YZsDSU6ECJTRiSK',NULL,'nyzejf@qacmjeq.com',NULL,NULL,0,0,'ACTIVE','953ed9119521fd48bf6a45a3efc8aa9c2d8db369a67ad717a92ebb58844b03ac','2025-04-28 09:23:43.059000','2025-04-28 09:23:43.059000','2025-04-28 09:23:42.926000',NULL,NULL,NULL),(16,'a4focotlh5g2nd2ucpde9wco','nikhilkurane001@gmail.com','$2a$10$iKOF528ONS7/dd4tuCfcvuCUzhiKP0MliYbwg63fnKTDi4Qd9U7jO',NULL,'nikhilkurane001@gmail.com',NULL,NULL,0,0,'ACTIVE','de223de10fda4514326b70db5728b26350261d1a1561ffbc9461bb9eb03b8d37','2025-04-28 09:27:04.915000','2025-04-28 09:27:04.915000','2025-04-28 09:27:04.790000',NULL,NULL,NULL),(18,'y39vqk7i0kvi90lpm0uy5eco','Abbie40@gmail.com','$2a$10$FX4fYrRSZqSQ4KlZVrqTLO0PxBaJ9BekMqSiRyXnPMuZoQ9ff4Qgm',NULL,'Abbie40@gmail.com',NULL,NULL,0,0,'ACTIVE','ab5e6d4924746dd60ad8af62f157e37e36ec69dbeb3deee796b3629b45da2a2e','2025-04-30 05:01:12.415000','2025-04-30 05:01:12.415000','2025-04-30 05:01:12.289000',NULL,NULL,NULL),(20,'np1e8oilo2dib4mv8j5mjojz','omkar.chougale@eminds.ai','$2a$10$eXL5i8fRv35O93BXKwWlVe3CJBsNXLW6CzMRXQNQceyfp0bZMmw/u','omkar','omkar.chougale@eminds.ai','9876789877',NULL,1,0,'ACTIVE',NULL,'2025-05-08 12:32:57.131000','2025-05-08 18:12:44.420000','2025-05-08 18:12:44.389000',NULL,NULL,NULL),(21,'bpiw8zx9cmphse0st9iitbvz','admin@becknprotocol.io','$2a$10$TTqzpc/KkrkryadZEI336OOybCcd.AsQlOwLGUN9bb2Xu9OSJa7VW',NULL,'admin@becknprotocol.io',NULL,NULL,1,0,'ACTIVE','30af5fa28048010a0843fb2cf7f87645181a86d7a0a159bedb0442cdcd79c354','2025-05-08 12:33:51.477000','2025-05-22 08:33:22.114000','2025-05-22 08:33:21.965000',NULL,1,NULL),(22,'yvt80eqmnfwqt3vs60j0znq2','tewet33138@firain.com','$2a$10$zQKhhbzUuatFwZ3PVoUU9./I3bE7BQKnEEdizuQLpG23EZdwqw4eS',NULL,'tewet33138@firain.com',NULL,NULL,1,0,'ACTIVE',NULL,'2025-05-08 12:40:30.685000','2025-05-08 12:41:20.568000','2025-05-08 12:41:20.564000',NULL,NULL,NULL),(23,'pykt62m7daoq2g4sg17zbot2','sanket.kadu@eminds.ai','$2a$10$WNpcqv2qmbH5fpbjrjdtSexIfVxAB.u2L36meSigyvwzwlewQbL3a',NULL,'sanket.kadu@eminds.ai',NULL,NULL,1,0,'ACTIVE',NULL,'2025-05-08 12:59:48.489000','2025-05-08 13:00:32.763000','2025-05-08 13:00:32.758000',NULL,NULL,NULL),(24,'ock7ok0sqgv3oyyiks5smklt','viraj.kulkarni@eminds.ai','$2a$10$r.kORbTwcYQr3uGIcC8N0.reKJe0fH2qetXD9oSyAoFq0rLV5W2Tq',NULL,'viraj.kulkarni@eminds.ai',NULL,NULL,0,0,'ACTIVE','ce76e4d12109e76a9c696a984fe4f2e893139bfebcff17a228dc1a06a05b07bc','2025-05-08 16:52:54.451000','2025-05-08 16:52:54.451000','2025-05-08 16:52:54.324000',NULL,NULL,NULL),(25,'omdrc2ko1h4mc1v455librku','ashishkg@google.com','$2a$10$zvffGHcwfzHOwmlRHLvLHeKhCvZ1xHtLTJgbeHvKX4pyvUBTTBqKS',NULL,'ashishkg@google.com',NULL,NULL,1,0,'ACTIVE',NULL,'2025-05-11 17:29:44.981000','2025-05-12 08:25:55.954000','2025-05-12 08:25:55.950000',NULL,NULL,NULL),(26,'gp98txhsepri4bwr8l5ailao','mulchandani.d@gmail.com','$2a$10$hk0orYwQtwtWXQz1ib7Alu/F7RSfkcT3LCm3ks63kPHKTEge65l6y',NULL,'mulchandani.d@gmail.com',NULL,NULL,1,0,'ACTIVE',NULL,'2025-05-12 06:44:18.543000','2025-05-12 06:44:32.142000','2025-05-12 06:44:32.138000',NULL,NULL,NULL),(27,'xa560zvzliwpkhhgsw2d4rsw','ukogdna6560@gmail.com','$2a$10$BpIM7wMbauh//GtBnP41Temq5E2E1LyAb8E3PRHCl2HJGMUSRNBsW',NULL,'ukogdna6560@gmail.com',NULL,NULL,0,0,'ACTIVE','47230c86ed9ad61139be9ba6ebf2b3a9bd6239549feda1199c90fc9a4e431c47','2025-07-03 11:32:20.977000','2025-07-03 11:32:20.977000','2025-07-03 11:32:20.839000',NULL,NULL,NULL),(28,'dc2xjxaji2dd44a7im0mcqjj','ankitbrahmbhatt1997@gmail.com','$2a$10$TllgM6fAnPaJtB6svgdR1e81Mw2vjEX3kRm2HIAf2/KwJPJ2x3Q0m',NULL,'ankitbrahmbhatt1997@gmail.com',NULL,NULL,0,0,'ACTIVE','e0abde9477fd517fe0f2a1dca82878ab9d16eca4b569bddb218dfa1d3b67be57','2025-07-03 11:38:40.699000','2025-07-03 11:38:40.699000','2025-07-03 11:38:40.560000',NULL,NULL,NULL);
/*!40000 ALTER TABLE `up_users` ENABLE KEYS */;
UNLOCK TABLES;

--
-- Table structure for table `up_users_role_lnk`
--

DROP TABLE IF EXISTS `up_users_role_lnk`;
/*!40101 SET @saved_cs_client     = @@character_set_client */;
/*!50503 SET character_set_client = utf8mb4 */;
CREATE TABLE `up_users_role_lnk` (
  `id` int unsigned NOT NULL AUTO_INCREMENT,
  `user_id` int unsigned DEFAULT NULL,
  `role_id` int unsigned DEFAULT NULL,
  `user_ord` double unsigned DEFAULT NULL,
  PRIMARY KEY (`id`),
  UNIQUE KEY `up_users_role_lnk_uq` (`user_id`,`role_id`),
  KEY `up_users_role_lnk_fk` (`user_id`),
  KEY `up_users_role_lnk_ifk` (`role_id`),
  KEY `up_users_role_lnk_oifk` (`user_ord`),
  CONSTRAINT `up_users_role_lnk_fk` FOREIGN KEY (`user_id`) REFERENCES `up_users` (`id`) ON DELETE CASCADE,
  CONSTRAINT `up_users_role_lnk_ifk` FOREIGN KEY (`role_id`) REFERENCES `up_roles` (`id`) ON DELETE CASCADE
) ENGINE=InnoDB AUTO_INCREMENT=53 DEFAULT CHARSET=utf8mb4 COLLATE=utf8mb4_0900_ai_ci;
/*!40101 SET character_set_client = @saved_cs_client */;

--
-- Dumping data for table `up_users_role_lnk`
--

LOCK TABLES `up_users_role_lnk` WRITE;
/*!40000 ALTER TABLE `up_users_role_lnk` DISABLE KEYS */;
INSERT INTO `up_users_role_lnk` VALUES (10,8,4,1),(20,5,3,1),(29,12,4,2),(33,15,4,4),(34,16,4,5),(36,18,4,6),(38,14,3,2),(42,20,4,7),(44,21,3,3),(45,22,4,8),(46,23,4,9),(47,24,4,10),(49,25,4,11),(50,26,4,12),(51,27,4,13),(52,28,4,14);
/*!40000 ALTER TABLE `up_users_role_lnk` ENABLE KEYS */;
UNLOCK TABLES;

--
-- Table structure for table `upload_folders`
--

DROP TABLE IF EXISTS `upload_folders`;
/*!40101 SET @saved_cs_client     = @@character_set_client */;
/*!50503 SET character_set_client = utf8mb4 */;
CREATE TABLE `upload_folders` (
  `id` int unsigned NOT NULL AUTO_INCREMENT,
  `document_id` varchar(255) DEFAULT NULL,
  `name` varchar(255) DEFAULT NULL,
  `path_id` int DEFAULT NULL,
  `path` varchar(255) DEFAULT NULL,
  `created_at` datetime(6) DEFAULT NULL,
  `updated_at` datetime(6) DEFAULT NULL,
  `published_at` datetime(6) DEFAULT NULL,
  `created_by_id` int unsigned DEFAULT NULL,
  `updated_by_id` int unsigned DEFAULT NULL,
  `locale` varchar(255) DEFAULT NULL,
  PRIMARY KEY (`id`),
  UNIQUE KEY `upload_folders_path_id_index` (`path_id`),
  UNIQUE KEY `upload_folders_path_index` (`path`),
  KEY `upload_folders_documents_idx` (`document_id`,`locale`,`published_at`),
  KEY `upload_folders_created_by_id_fk` (`created_by_id`),
  KEY `upload_folders_updated_by_id_fk` (`updated_by_id`),
  CONSTRAINT `upload_folders_created_by_id_fk` FOREIGN KEY (`created_by_id`) REFERENCES `admin_users` (`id`) ON DELETE SET NULL,
  CONSTRAINT `upload_folders_updated_by_id_fk` FOREIGN KEY (`updated_by_id`) REFERENCES `admin_users` (`id`) ON DELETE SET NULL
) ENGINE=InnoDB DEFAULT CHARSET=utf8mb4 COLLATE=utf8mb4_0900_ai_ci;
/*!40101 SET character_set_client = @saved_cs_client */;

--
-- Dumping data for table `upload_folders`
--

LOCK TABLES `upload_folders` WRITE;
/*!40000 ALTER TABLE `upload_folders` DISABLE KEYS */;
/*!40000 ALTER TABLE `upload_folders` ENABLE KEYS */;
UNLOCK TABLES;

--
-- Table structure for table `upload_folders_parent_lnk`
--

DROP TABLE IF EXISTS `upload_folders_parent_lnk`;
/*!40101 SET @saved_cs_client     = @@character_set_client */;
/*!50503 SET character_set_client = utf8mb4 */;
CREATE TABLE `upload_folders_parent_lnk` (
  `id` int unsigned NOT NULL AUTO_INCREMENT,
  `folder_id` int unsigned DEFAULT NULL,
  `inv_folder_id` int unsigned DEFAULT NULL,
  `folder_ord` double unsigned DEFAULT NULL,
  PRIMARY KEY (`id`),
  UNIQUE KEY `upload_folders_parent_lnk_uq` (`folder_id`,`inv_folder_id`),
  KEY `upload_folders_parent_lnk_fk` (`folder_id`),
  KEY `upload_folders_parent_lnk_ifk` (`inv_folder_id`),
  KEY `upload_folders_parent_lnk_oifk` (`folder_ord`),
  CONSTRAINT `upload_folders_parent_lnk_fk` FOREIGN KEY (`folder_id`) REFERENCES `upload_folders` (`id`) ON DELETE CASCADE,
  CONSTRAINT `upload_folders_parent_lnk_ifk` FOREIGN KEY (`inv_folder_id`) REFERENCES `upload_folders` (`id`) ON DELETE CASCADE
) ENGINE=InnoDB DEFAULT CHARSET=utf8mb4 COLLATE=utf8mb4_0900_ai_ci;
/*!40101 SET character_set_client = @saved_cs_client */;

--
-- Dumping data for table `upload_folders_parent_lnk`
--

LOCK TABLES `upload_folders_parent_lnk` WRITE;
/*!40000 ALTER TABLE `upload_folders_parent_lnk` DISABLE KEYS */;
/*!40000 ALTER TABLE `upload_folders_parent_lnk` ENABLE KEYS */;
UNLOCK TABLES;

--
-- Table structure for table `user_network_subscribers`
--

DROP TABLE IF EXISTS `user_network_subscribers`;
/*!40101 SET @saved_cs_client     = @@character_set_client */;
/*!50503 SET character_set_client = utf8mb4 */;
CREATE TABLE `user_network_subscribers` (
  `id` int unsigned NOT NULL AUTO_INCREMENT,
  `document_id` varchar(255) DEFAULT NULL,
  `record_id` varchar(255) DEFAULT NULL,
  `record_name` varchar(255) DEFAULT NULL,
  `created_at` datetime(6) DEFAULT NULL,
  `updated_at` datetime(6) DEFAULT NULL,
  `published_at` datetime(6) DEFAULT NULL,
  `created_by_id` int unsigned DEFAULT NULL,
  `updated_by_id` int unsigned DEFAULT NULL,
  `locale` varchar(255) DEFAULT NULL,
  PRIMARY KEY (`id`),
  KEY `user_network_subscribers_documents_idx` (`document_id`,`locale`,`published_at`),
  KEY `user_network_subscribers_created_by_id_fk` (`created_by_id`),
  KEY `user_network_subscribers_updated_by_id_fk` (`updated_by_id`),
  CONSTRAINT `user_network_subscribers_created_by_id_fk` FOREIGN KEY (`created_by_id`) REFERENCES `admin_users` (`id`) ON DELETE SET NULL,
  CONSTRAINT `user_network_subscribers_updated_by_id_fk` FOREIGN KEY (`updated_by_id`) REFERENCES `admin_users` (`id`) ON DELETE SET NULL
) ENGINE=InnoDB AUTO_INCREMENT=93 DEFAULT CHARSET=utf8mb4 COLLATE=utf8mb4_0900_ai_ci;
/*!40101 SET character_set_client = @saved_cs_client */;

--
-- Dumping data for table `user_network_subscribers`
--

LOCK TABLES `user_network_subscribers` WRITE;
/*!40000 ALTER TABLE `user_network_subscribers` DISABLE KEYS */;
INSERT INTO `user_network_subscribers` VALUES (5,'dzhi3quuzhmv8fiechikrpfz','entry:cord:u33BX5bpmbPfTGEstdYMd7wvsEDt4tPHxQmsSDSew7L6X93KU','sNkny2g_gWGSOcLEZ8Ggu','2025-04-24 13:36:45.369000','2025-04-24 13:36:45.369000',NULL,NULL,NULL,NULL),(6,'dzhi3quuzhmv8fiechikrpfz','entry:cord:u33BX5bpmbPfTGEstdYMd7wvsEDt4tPHxQmsSDSew7L6X93KU','sNkny2g_gWGSOcLEZ8Ggu','2025-04-24 13:36:45.369000','2025-04-24 13:36:45.369000','2025-04-24 13:36:45.378000',NULL,NULL,NULL),(7,'k7ceaeib887ylndjpqsy9oj8','entry:cord:u2xf2X8aaC7BowDBwgjb4StizFzgcDtP8FVtRgcz3u4hsJKkh','2M080ShoYefQ4ha6kvk3K','2025-04-24 13:36:48.367000','2025-04-24 13:36:48.367000',NULL,NULL,NULL,NULL),(8,'k7ceaeib887ylndjpqsy9oj8','entry:cord:u2xf2X8aaC7BowDBwgjb4StizFzgcDtP8FVtRgcz3u4hsJKkh','2M080ShoYefQ4ha6kvk3K','2025-04-24 13:36:48.367000','2025-04-24 13:36:48.367000','2025-04-24 13:36:48.376000',NULL,NULL,NULL),(9,'jxkkhmqor0ikp6inev3e8y1y','entry:cord:u2zgbZgTbfLPfDhU9BNsSxr6uSK2qqwDdUYTCF2DcbwgHDJ6p','sq9xT2G-9qi-tfPG21utv','2025-04-25 10:22:57.430000','2025-04-25 10:22:57.430000',NULL,NULL,NULL,NULL),(10,'jxkkhmqor0ikp6inev3e8y1y','entry:cord:u2zgbZgTbfLPfDhU9BNsSxr6uSK2qqwDdUYTCF2DcbwgHDJ6p','sq9xT2G-9qi-tfPG21utv','2025-04-25 10:22:57.430000','2025-04-25 10:22:57.430000','2025-04-25 10:22:57.447000',NULL,NULL,NULL),(11,'l0nibfwzk4u0c7mr4z2uhkjx','entry:cord:u2y1h6fqs6P43nugbpLAg9oJa5W8UobPb7pJMMmAwoH5UHSxc','1iglAWcNWQ6B57BpCLird','2025-04-25 10:26:18.394000','2025-04-25 10:26:18.394000',NULL,NULL,NULL,NULL),(12,'l0nibfwzk4u0c7mr4z2uhkjx','entry:cord:u2y1h6fqs6P43nugbpLAg9oJa5W8UobPb7pJMMmAwoH5UHSxc','1iglAWcNWQ6B57BpCLird','2025-04-25 10:26:18.394000','2025-04-25 10:26:18.394000','2025-04-25 10:26:18.402000',NULL,NULL,NULL),(13,'cotm7rdtbob710xswdk6v85u','entry:cord:u2xfPjvRzeT32uih89Gkfx5AzjsYtLHUprN44TCK7FKvd49qG','_alYyGoY_4jUs1IcXlNcE','2025-05-12 19:22:18.417000','2025-05-12 19:22:18.417000',NULL,NULL,NULL,NULL),(14,'cotm7rdtbob710xswdk6v85u','entry:cord:u2xfPjvRzeT32uih89Gkfx5AzjsYtLHUprN44TCK7FKvd49qG','_alYyGoY_4jUs1IcXlNcE','2025-05-12 19:22:18.417000','2025-05-12 19:22:18.417000','2025-05-12 19:22:18.440000',NULL,NULL,NULL),(15,'pxojsugncic43w2v6e2ao75u','entry:cord:u2x7zSKjcqTQG7XTxxH8TDcTUhQUshksySCgMuXVRDsPuMHCg','UbhYMwR1acS7JSf00dm3D','2025-05-12 19:54:24.389000','2025-05-12 19:54:24.389000',NULL,NULL,NULL,NULL),(16,'pxojsugncic43w2v6e2ao75u','entry:cord:u2x7zSKjcqTQG7XTxxH8TDcTUhQUshksySCgMuXVRDsPuMHCg','UbhYMwR1acS7JSf00dm3D','2025-05-12 19:54:24.389000','2025-05-12 19:54:24.389000','2025-05-12 19:54:24.398000',NULL,NULL,NULL),(17,'yubkxm9a6bmk4xnurt7htnoc','entry:cord:u2zpS8jdQ5NUhMJ4GCweLNoWa3BC4B9mrWPM9JuZ9kaAUH4xX','Kjuo_XL1zIiHp_OXQKMw6','2025-05-12 20:17:51.408000','2025-05-12 20:17:51.408000',NULL,NULL,NULL,NULL),(18,'yubkxm9a6bmk4xnurt7htnoc','entry:cord:u2zpS8jdQ5NUhMJ4GCweLNoWa3BC4B9mrWPM9JuZ9kaAUH4xX','Kjuo_XL1zIiHp_OXQKMw6','2025-05-12 20:17:51.408000','2025-05-12 20:17:51.408000','2025-05-12 20:17:51.418000',NULL,NULL,NULL),(19,'hzff6erkijgvyvuovzo3k682','entry:cord:u2xfLho5M8bpQPUGJTfbxqPWe2ekvLgS7cuaZYhikshur6a76','-p857_Tn9K3V8Mys5NswP','2025-05-12 20:29:57.381000','2025-05-12 20:29:57.381000',NULL,NULL,NULL,NULL),(20,'hzff6erkijgvyvuovzo3k682','entry:cord:u2xfLho5M8bpQPUGJTfbxqPWe2ekvLgS7cuaZYhikshur6a76','-p857_Tn9K3V8Mys5NswP','2025-05-12 20:29:57.381000','2025-05-12 20:29:57.381000','2025-05-12 20:29:57.390000',NULL,NULL,NULL),(21,'t7rtwpnq48qqj4timwwtbgu5','entry:cord:u2yTdWsXWqq7SCF8aU7wCdrRbpJ2HcQboSxzt5WLJvzyoALUT','2ZpFUpgmaJ8RFgMbkIxYp','2025-05-12 21:00:57.386000','2025-05-12 21:00:57.386000',NULL,NULL,NULL,NULL),(22,'t7rtwpnq48qqj4timwwtbgu5','entry:cord:u2yTdWsXWqq7SCF8aU7wCdrRbpJ2HcQboSxzt5WLJvzyoALUT','2ZpFUpgmaJ8RFgMbkIxYp','2025-05-12 21:00:57.386000','2025-05-12 21:00:57.386000','2025-05-12 21:00:57.394000',NULL,NULL,NULL),(25,'a2cpiyhp4nsid55dmyvwjz5o','entry:cord:u2ybTfpaU7dY42HPTh3X5aF77e3F3SizBZJzJ1skxZwegt7xm','KcYnuioCJ2UEQxUEDLWDG','2025-05-12 21:22:18.406000','2025-05-12 21:22:18.406000',NULL,NULL,NULL,NULL),(26,'a2cpiyhp4nsid55dmyvwjz5o','entry:cord:u2ybTfpaU7dY42HPTh3X5aF77e3F3SizBZJzJ1skxZwegt7xm','KcYnuioCJ2UEQxUEDLWDG','2025-05-12 21:22:18.406000','2025-05-12 21:22:18.406000','2025-05-12 21:22:18.415000',NULL,NULL,NULL),(27,'tcsnt6nrmvfj43csmfa22vtg','entry:cord:u31FoYL76YgWPB71o357HS3FQRo7xmFpgBwReALUom9s96UYY','vJy-Hhz1I6DM7tMjPxTgE','2025-05-12 21:35:30.404000','2025-05-12 21:35:30.404000',NULL,NULL,NULL,NULL),(28,'tcsnt6nrmvfj43csmfa22vtg','entry:cord:u31FoYL76YgWPB71o357HS3FQRo7xmFpgBwReALUom9s96UYY','vJy-Hhz1I6DM7tMjPxTgE','2025-05-12 21:35:30.404000','2025-05-12 21:35:30.404000','2025-05-12 21:35:30.412000',NULL,NULL,NULL),(29,'brbem2uvj186v3jc40aswnx8','entry:cord:u31kjFnAqiFFK2Hx9XfyNfS6rAhqvwaMzPv937HGjZDcva2Nu','ntzXENkjbZFZaUkDlnZfs','2025-05-12 22:14:42.375000','2025-05-12 22:14:42.375000',NULL,NULL,NULL,NULL),(30,'brbem2uvj186v3jc40aswnx8','entry:cord:u31kjFnAqiFFK2Hx9XfyNfS6rAhqvwaMzPv937HGjZDcva2Nu','ntzXENkjbZFZaUkDlnZfs','2025-05-12 22:14:42.375000','2025-05-12 22:14:42.375000','2025-05-12 22:14:42.384000',NULL,NULL,NULL),(31,'ms03rfq7k5804s3i0gpcudfr','entry:cord:u32pXeH7pB9EWsu3pBBojoqNqkwFfMdyfzxF4bL6QFfKWSL5z','sk9jc9XHPrVEdSYpt45f4','2025-05-12 22:38:06.379000','2025-05-12 22:38:06.379000',NULL,NULL,NULL,NULL),(32,'ms03rfq7k5804s3i0gpcudfr','entry:cord:u32pXeH7pB9EWsu3pBBojoqNqkwFfMdyfzxF4bL6QFfKWSL5z','sk9jc9XHPrVEdSYpt45f4','2025-05-12 22:38:06.379000','2025-05-12 22:38:06.379000','2025-05-12 22:38:06.387000',NULL,NULL,NULL),(33,'q0wvak00v6wgyjybpvw1axzq','entry:cord:u2wwYdMv136VDjiGcpHuNPGNMNAmn6HuyykdP9e6j1Pnk9HWy','N0yRXRkGa4L5leUO6yn5I','2025-05-13 07:27:27.374000','2025-05-13 07:27:27.374000',NULL,NULL,NULL,NULL),(34,'q0wvak00v6wgyjybpvw1axzq','entry:cord:u2wwYdMv136VDjiGcpHuNPGNMNAmn6HuyykdP9e6j1Pnk9HWy','N0yRXRkGa4L5leUO6yn5I','2025-05-13 07:27:27.374000','2025-05-13 07:27:27.374000','2025-05-13 07:27:27.389000',NULL,NULL,NULL),(35,'pqgi15d3tp3dlug9j2tyv6rl','entry:cord:u324qcGS4yG29euypXjPR61njqgs47md2PMek6inyM2qRBBc4','ebTwApAEo1OjAn7s07fsi','2025-05-13 07:28:24.381000','2025-05-13 07:28:24.381000',NULL,NULL,NULL,NULL),(36,'pqgi15d3tp3dlug9j2tyv6rl','entry:cord:u324qcGS4yG29euypXjPR61njqgs47md2PMek6inyM2qRBBc4','ebTwApAEo1OjAn7s07fsi','2025-05-13 07:28:24.381000','2025-05-13 07:28:24.381000','2025-05-13 07:28:24.392000',NULL,NULL,NULL),(37,'mniukt0k7nv3bxb88xya1a0v','entry:cord:u2zHdZc9NrwNgeY4V1rYoEZCffAskHc6Wtt3ruD9CDVwBqcLY','oTCqQi05nfH5FBLWQKVrm','2025-05-13 07:33:03.358000','2025-05-13 07:33:03.358000',NULL,NULL,NULL,NULL),(38,'mniukt0k7nv3bxb88xya1a0v','entry:cord:u2zHdZc9NrwNgeY4V1rYoEZCffAskHc6Wtt3ruD9CDVwBqcLY','oTCqQi05nfH5FBLWQKVrm','2025-05-13 07:33:03.358000','2025-05-13 07:33:03.358000','2025-05-13 07:33:03.366000',NULL,NULL,NULL),(39,'a4fwyxwf5sk5lqzu2ylxftcu','entry:cord:u2xZYh4jCwRxJWDGAfs7twwCjzvWdAQZMxHsS9b3FpX1NiWUh','vQhN_T1wTLoAPiFDavnXz','2025-05-13 07:44:24.379000','2025-05-13 07:44:24.379000',NULL,NULL,NULL,NULL),(40,'a4fwyxwf5sk5lqzu2ylxftcu','entry:cord:u2xZYh4jCwRxJWDGAfs7twwCjzvWdAQZMxHsS9b3FpX1NiWUh','vQhN_T1wTLoAPiFDavnXz','2025-05-13 07:44:24.379000','2025-05-13 07:44:24.379000','2025-05-13 07:44:24.389000',NULL,NULL,NULL),(41,'xn85wmn5xt3m0y10k353ay0i','entry:cord:u2yTnxGVFNJPjDniPi9fQKWMxUV4YMJadxwDmxdnkifxBJQob','hKCtc4U0S7CgZ8CpjzNTz','2025-05-13 07:55:15.388000','2025-05-13 07:55:15.388000',NULL,NULL,NULL,NULL),(42,'xn85wmn5xt3m0y10k353ay0i','entry:cord:u2yTnxGVFNJPjDniPi9fQKWMxUV4YMJadxwDmxdnkifxBJQob','hKCtc4U0S7CgZ8CpjzNTz','2025-05-13 07:55:15.388000','2025-05-13 07:55:15.388000','2025-05-13 07:55:15.398000',NULL,NULL,NULL),(43,'nbjwiosmavaamuhslgqvf4kl','entry:cord:u2xs2VwwuYyPFiHbyzSgCcgSyRjWh69sQ62wmTfpf8Ct5zjgN','v07KIVXEDyWPvNc4VQpiy','2025-05-13 08:10:39.414000','2025-05-13 08:10:39.414000',NULL,NULL,NULL,NULL),(44,'nbjwiosmavaamuhslgqvf4kl','entry:cord:u2xs2VwwuYyPFiHbyzSgCcgSyRjWh69sQ62wmTfpf8Ct5zjgN','v07KIVXEDyWPvNc4VQpiy','2025-05-13 08:10:39.414000','2025-05-13 08:10:39.414000','2025-05-13 08:10:39.423000',NULL,NULL,NULL),(47,'lm4n9l95o9zv1llrkwbcoc7v','entry:cord:u31X5SMA9XnHv13ivRBnkqC2D3FhksiiUQycU2c4Tag9HCELw','36NNqSJQLj46KE1I5XaAx','2025-05-13 09:04:24.367000','2025-05-13 09:04:24.367000',NULL,NULL,NULL,NULL),(48,'lm4n9l95o9zv1llrkwbcoc7v','entry:cord:u31X5SMA9XnHv13ivRBnkqC2D3FhksiiUQycU2c4Tag9HCELw','36NNqSJQLj46KE1I5XaAx','2025-05-13 09:04:24.367000','2025-05-13 09:04:24.367000','2025-05-13 09:04:24.374000',NULL,NULL,NULL),(49,'bt1jhcuxqj8h6ck3ng1msad9','entry:cord:u314pEhHRRm7zqaSQ95pkmY3edcwLLkiHT7YG1FVgen8oamR4','O4D0Pe6isTq-iFS5uDMZk','2025-05-13 10:48:21.443000','2025-05-13 10:48:21.443000',NULL,NULL,NULL,NULL),(50,'bt1jhcuxqj8h6ck3ng1msad9','entry:cord:u314pEhHRRm7zqaSQ95pkmY3edcwLLkiHT7YG1FVgen8oamR4','O4D0Pe6isTq-iFS5uDMZk','2025-05-13 10:48:21.443000','2025-05-13 10:48:21.443000','2025-05-13 10:48:21.452000',NULL,NULL,NULL),(51,'n3c9f24f98i1rru4y86t4k96','entry:cord:u31Qaa7HeCd61q5f5nVHf5C3jt8UzPv1VHoiHoVTC2MBCAK5a','20Qtg0rJ4Lo8Fnb_kgoKV','2025-05-13 11:56:30.418000','2025-05-13 11:56:30.418000',NULL,NULL,NULL,NULL),(52,'n3c9f24f98i1rru4y86t4k96','entry:cord:u31Qaa7HeCd61q5f5nVHf5C3jt8UzPv1VHoiHoVTC2MBCAK5a','20Qtg0rJ4Lo8Fnb_kgoKV','2025-05-13 11:56:30.418000','2025-05-13 11:56:30.418000','2025-05-13 11:56:30.424000',NULL,NULL,NULL),(53,'p8bvym64wd9nhgnnaq72f6aw','entry:cord:u2ybDbbPBG34n1e5d4yyCqaYbARZejAX1MdBSZr2nwMy1xMyX','0U_wgk-7r8_sMmRk1lmAt','2025-05-13 12:25:54.364000','2025-05-13 12:25:54.364000',NULL,NULL,NULL,NULL),(54,'p8bvym64wd9nhgnnaq72f6aw','entry:cord:u2ybDbbPBG34n1e5d4yyCqaYbARZejAX1MdBSZr2nwMy1xMyX','0U_wgk-7r8_sMmRk1lmAt','2025-05-13 12:25:54.364000','2025-05-13 12:25:54.364000','2025-05-13 12:25:54.374000',NULL,NULL,NULL),(55,'wstfvooyqefrkkuj8k4ukb3c','entry:cord:u314GeEZfj2aX9tLPXiHJKBakCFVFyZingTC3rCZv4B1WVHgu','BXzbYNi7pGFaiZIwpDud3','2025-05-13 12:56:51.365000','2025-05-13 12:56:51.365000',NULL,NULL,NULL,NULL),(56,'wstfvooyqefrkkuj8k4ukb3c','entry:cord:u314GeEZfj2aX9tLPXiHJKBakCFVFyZingTC3rCZv4B1WVHgu','BXzbYNi7pGFaiZIwpDud3','2025-05-13 12:56:51.365000','2025-05-13 12:56:51.365000','2025-05-13 12:56:51.372000',NULL,NULL,NULL),(57,'vctsq65ybtwfef5vshxejk5x','entry:cord:u2yKvxxGcS13Lnq81qdDv7fUhstGnMho9SeJ6Z8F8HdPGnE5o','DpEffTstnk7oONmggU178','2025-05-13 13:06:36.335000','2025-05-13 13:06:36.335000',NULL,NULL,NULL,NULL),(58,'vctsq65ybtwfef5vshxejk5x','entry:cord:u2yKvxxGcS13Lnq81qdDv7fUhstGnMho9SeJ6Z8F8HdPGnE5o','DpEffTstnk7oONmggU178','2025-05-13 13:06:36.335000','2025-05-13 13:06:36.335000','2025-05-13 13:06:36.344000',NULL,NULL,NULL),(59,'rguasewuiikrdflkefayw1bx','entry:cord:u2ypDcFE42gFueg1deoUSToBsmUBGyJ9LbVn4t7gFkeYYE8tC','0V-Xw1tDcisxc7zW0N7t_','2025-05-13 14:09:24.354000','2025-05-13 14:09:24.354000',NULL,NULL,NULL,NULL),(60,'rguasewuiikrdflkefayw1bx','entry:cord:u2ypDcFE42gFueg1deoUSToBsmUBGyJ9LbVn4t7gFkeYYE8tC','0V-Xw1tDcisxc7zW0N7t_','2025-05-13 14:09:24.354000','2025-05-13 14:09:24.354000','2025-05-13 14:09:24.369000',NULL,NULL,NULL),(61,'mjq5cfzzxd9d1dorzl97dcol','entry:cord:u2xwW75JaFUAov4rCDdtBiEUqWXoLckVKPLstWbp7FKtdA8TE','REBuX421-PMFldRSOKRj9','2025-05-13 14:59:00.378000','2025-05-13 14:59:00.378000',NULL,NULL,NULL,NULL),(62,'mjq5cfzzxd9d1dorzl97dcol','entry:cord:u2xwW75JaFUAov4rCDdtBiEUqWXoLckVKPLstWbp7FKtdA8TE','REBuX421-PMFldRSOKRj9','2025-05-13 14:59:00.378000','2025-05-13 14:59:00.378000','2025-05-13 14:59:00.386000',NULL,NULL,NULL),(63,'zx2hvmdjdyymhesj5vwvorcp','entry:cord:u2yqZH8fC6Pv5Q7PzJErPwxgdDG6R4RPaq6RrF8hLjZwWtacN','OkQPJMbVJNQrHGCD-3s7r','2025-05-13 15:20:57.380000','2025-05-13 15:20:57.380000',NULL,NULL,NULL,NULL),(64,'zx2hvmdjdyymhesj5vwvorcp','entry:cord:u2yqZH8fC6Pv5Q7PzJErPwxgdDG6R4RPaq6RrF8hLjZwWtacN','OkQPJMbVJNQrHGCD-3s7r','2025-05-13 15:20:57.380000','2025-05-13 15:20:57.380000','2025-05-13 15:20:57.389000',NULL,NULL,NULL),(65,'c4haw7oypg0eig6aze5wh4gh','entry:cord:u2x1pL4x3Fke8CfTgeShGGQymKgqbnqTB6tFm3uKs1veQdvzo','OAGLNd4z77GpOyVlf70bd','2025-05-13 15:29:45.367000','2025-05-13 15:29:45.367000',NULL,NULL,NULL,NULL),(66,'c4haw7oypg0eig6aze5wh4gh','entry:cord:u2x1pL4x3Fke8CfTgeShGGQymKgqbnqTB6tFm3uKs1veQdvzo','OAGLNd4z77GpOyVlf70bd','2025-05-13 15:29:45.367000','2025-05-13 15:29:45.367000','2025-05-13 15:29:45.374000',NULL,NULL,NULL),(67,'owmgjbl9s3686z8pag34w6tb','entry:cord:u32H1wqNobpFyhj2wd3r1cU5sU4yv8teAjFSjh5e4XP2QuPQz','U2FuiOyCIbh1Nk7uvdNry','2025-05-13 19:43:45.367000','2025-05-13 19:43:45.367000',NULL,NULL,NULL,NULL),(68,'owmgjbl9s3686z8pag34w6tb','entry:cord:u32H1wqNobpFyhj2wd3r1cU5sU4yv8teAjFSjh5e4XP2QuPQz','U2FuiOyCIbh1Nk7uvdNry','2025-05-13 19:43:45.367000','2025-05-13 19:43:45.367000','2025-05-13 19:43:45.382000',NULL,NULL,NULL),(69,'sac7qi0gp0botqs2ulk8gygz','entry:cord:u2zQAE3TtakWsMXmJSNDvmnmtpdgPxf6BQhS2jMNBekrb8gsA','gsIXG6b2vObVSigwqxbwN','2025-05-13 19:56:51.366000','2025-05-13 19:56:51.366000',NULL,NULL,NULL,NULL),(70,'sac7qi0gp0botqs2ulk8gygz','entry:cord:u2zQAE3TtakWsMXmJSNDvmnmtpdgPxf6BQhS2jMNBekrb8gsA','gsIXG6b2vObVSigwqxbwN','2025-05-13 19:56:51.366000','2025-05-13 19:56:51.366000','2025-05-13 19:56:51.374000',NULL,NULL,NULL),(71,'pqk9hmr4b0pqm4my6vd7emmr','entry:cord:u2yWqL8LtrLyT4UNQ28B95Qiw1337oZgkUCzu5nsQjZ86GJpL','m5M5hmLQ5aBu6YUGfHq45','2025-05-13 20:07:36.366000','2025-05-13 20:07:36.366000',NULL,NULL,NULL,NULL),(72,'pqk9hmr4b0pqm4my6vd7emmr','entry:cord:u2yWqL8LtrLyT4UNQ28B95Qiw1337oZgkUCzu5nsQjZ86GJpL','m5M5hmLQ5aBu6YUGfHq45','2025-05-13 20:07:36.366000','2025-05-13 20:07:36.366000','2025-05-13 20:07:36.375000',NULL,NULL,NULL),(73,'ijalqsi8nfhhtl876jxfn0nq','entry:cord:u2yLZKcBsuHW6iGGkf7hds3wGUvAaR9fR4UH6soe6JdAtFqPP','2TzxIM9c1pLULwKyeHkxJ','2025-05-13 20:12:15.387000','2025-05-13 20:12:15.387000',NULL,NULL,NULL,NULL),(74,'ijalqsi8nfhhtl876jxfn0nq','entry:cord:u2yLZKcBsuHW6iGGkf7hds3wGUvAaR9fR4UH6soe6JdAtFqPP','2TzxIM9c1pLULwKyeHkxJ','2025-05-13 20:12:15.387000','2025-05-13 20:12:15.387000','2025-05-13 20:12:15.395000',NULL,NULL,NULL),(75,'dmn8vr34q7qscz1bsx9sikud','entry:cord:u31GK9jyoFSA8mVGPJuJjqZFcBuhSbuB7eM8cbFGhdUopjen3','oLrPFFjAeVnnKLH8vx4Eo','2025-05-13 20:20:39.371000','2025-05-13 20:20:39.371000',NULL,NULL,NULL,NULL),(76,'dmn8vr34q7qscz1bsx9sikud','entry:cord:u31GK9jyoFSA8mVGPJuJjqZFcBuhSbuB7eM8cbFGhdUopjen3','oLrPFFjAeVnnKLH8vx4Eo','2025-05-13 20:20:39.371000','2025-05-13 20:20:39.371000','2025-05-13 20:20:39.379000',NULL,NULL,NULL),(77,'fumdznqs17tpume3dttsy47s','entry:cord:u331t7TEGrPVwBontudY2kwyMhYkjAsfNYXBUW4i97U24jTSi','Ja3CEqO24RJqQ51_Za9jt','2025-05-13 20:25:45.381000','2025-05-13 20:25:45.381000',NULL,NULL,NULL,NULL),(78,'fumdznqs17tpume3dttsy47s','entry:cord:u331t7TEGrPVwBontudY2kwyMhYkjAsfNYXBUW4i97U24jTSi','Ja3CEqO24RJqQ51_Za9jt','2025-05-13 20:25:45.381000','2025-05-13 20:25:45.381000','2025-05-13 20:25:45.390000',NULL,NULL,NULL),(79,'lb5f6x0ek87pllxo7vru1bwa','entry:cord:u31GisybV31DKW2MBRA3hQbViPYRM9SfUKbTHXfUSTfWbMqkk','440HlzCQVipVo6OVjgGqK','2025-05-13 20:31:36.366000','2025-05-13 20:31:36.366000',NULL,NULL,NULL,NULL),(80,'lb5f6x0ek87pllxo7vru1bwa','entry:cord:u31GisybV31DKW2MBRA3hQbViPYRM9SfUKbTHXfUSTfWbMqkk','440HlzCQVipVo6OVjgGqK','2025-05-13 20:31:36.366000','2025-05-13 20:31:36.366000','2025-05-13 20:31:36.380000',NULL,NULL,NULL),(81,'bo639p93bvyk4nxg8ceuy3qk','entry:cord:u32WcwA6ntkXVA5HmTyrpsifjPzrJ4tRG1EHYCsVvEQz6Wcm6','e1rjT44LyODryAiZRbpFK','2025-05-13 20:42:24.372000','2025-05-13 20:42:24.372000',NULL,NULL,NULL,NULL),(82,'bo639p93bvyk4nxg8ceuy3qk','entry:cord:u32WcwA6ntkXVA5HmTyrpsifjPzrJ4tRG1EHYCsVvEQz6Wcm6','e1rjT44LyODryAiZRbpFK','2025-05-13 20:42:24.372000','2025-05-13 20:42:24.372000','2025-05-13 20:42:24.380000',NULL,NULL,NULL),(83,'ygn2gpyz6bt5hnogvqb3nju8','entry:cord:u2zB7wM28fz6KZtGPvvTtWxiPLXh1Gfj8FUSbEHaZBksvnUbN','w7axYeMsoJZzEB1LXULjL','2025-05-13 20:51:30.441000','2025-05-13 20:51:30.441000',NULL,NULL,NULL,NULL),(84,'ygn2gpyz6bt5hnogvqb3nju8','entry:cord:u2zB7wM28fz6KZtGPvvTtWxiPLXh1Gfj8FUSbEHaZBksvnUbN','w7axYeMsoJZzEB1LXULjL','2025-05-13 20:51:30.441000','2025-05-13 20:51:30.441000','2025-05-13 20:51:30.450000',NULL,NULL,NULL),(85,'g3wxjubslofvj6qjcnvj4wxf','entry:cord:u32J9jeoMADBPq7wPAcXD2CuYeMuLsuH29w1anXNmhYdKzAEE','GRDBsMMv9FHs5Ambg5erV','2025-05-13 21:02:06.371000','2025-05-13 21:02:06.371000',NULL,NULL,NULL,NULL),(86,'g3wxjubslofvj6qjcnvj4wxf','entry:cord:u32J9jeoMADBPq7wPAcXD2CuYeMuLsuH29w1anXNmhYdKzAEE','GRDBsMMv9FHs5Ambg5erV','2025-05-13 21:02:06.371000','2025-05-13 21:02:06.371000','2025-05-13 21:02:06.378000',NULL,NULL,NULL),(87,'j3e8boq2x0dn2fw8ynl7j87l','entry:cord:u2xrmSqbDpzJu9n8sSVYKkLB41WEMQB6kWMBGzvYt7cokmC57','7JibiEviujHFsIb2usVaS','2025-05-13 21:08:48.370000','2025-05-13 21:08:48.370000',NULL,NULL,NULL,NULL),(88,'j3e8boq2x0dn2fw8ynl7j87l','entry:cord:u2xrmSqbDpzJu9n8sSVYKkLB41WEMQB6kWMBGzvYt7cokmC57','7JibiEviujHFsIb2usVaS','2025-05-13 21:08:48.370000','2025-05-13 21:08:48.370000','2025-05-13 21:08:48.378000',NULL,NULL,NULL),(89,'pwxdymyhez1whuvv788bqw6c','entry:cord:u2z1q9Q2gACWD7muVLbuu9UzAvR7J6fDBgRfUg4sweoMevXd9','8Wt58NHLR5FDzg5uHeC5H','2025-05-15 16:23:39.384000','2025-05-15 16:23:39.384000',NULL,NULL,NULL,NULL),(90,'pwxdymyhez1whuvv788bqw6c','entry:cord:u2z1q9Q2gACWD7muVLbuu9UzAvR7J6fDBgRfUg4sweoMevXd9','8Wt58NHLR5FDzg5uHeC5H','2025-05-15 16:23:39.384000','2025-05-15 16:23:39.384000','2025-05-15 16:23:39.393000',NULL,NULL,NULL),(91,'lc4023mnbbrdid97hybbxzv1','entry:cord:u2yfPmSuBhWZxmPuQHGsyPLF3tC6ABBdaTgqfUkEj5ZLPMQZs','B1BtFYPUKQhCQlub_EJRq','2025-05-22 09:33:30.379000','2025-05-22 09:33:30.379000',NULL,NULL,NULL,NULL),(92,'lc4023mnbbrdid97hybbxzv1','entry:cord:u2yfPmSuBhWZxmPuQHGsyPLF3tC6ABBdaTgqfUkEj5ZLPMQZs','B1BtFYPUKQhCQlub_EJRq','2025-05-22 09:33:30.379000','2025-05-22 09:33:30.379000','2025-05-22 09:33:30.396000',NULL,NULL,NULL);
/*!40000 ALTER TABLE `user_network_subscribers` ENABLE KEYS */;
UNLOCK TABLES;

--
-- Table structure for table `user_network_subscribers_user_lnk`
--

DROP TABLE IF EXISTS `user_network_subscribers_user_lnk`;
/*!40101 SET @saved_cs_client     = @@character_set_client */;
/*!50503 SET character_set_client = utf8mb4 */;
CREATE TABLE `user_network_subscribers_user_lnk` (
  `id` int unsigned NOT NULL AUTO_INCREMENT,
  `user_network_subscriber_id` int unsigned DEFAULT NULL,
  `user_id` int unsigned DEFAULT NULL,
  PRIMARY KEY (`id`),
  UNIQUE KEY `user_network_subscribers_user_lnk_uq` (`user_network_subscriber_id`,`user_id`),
  KEY `user_network_subscribers_user_lnk_fk` (`user_network_subscriber_id`),
  KEY `user_network_subscribers_user_lnk_ifk` (`user_id`),
  CONSTRAINT `user_network_subscribers_user_lnk_fk` FOREIGN KEY (`user_network_subscriber_id`) REFERENCES `user_network_subscribers` (`id`) ON DELETE CASCADE,
  CONSTRAINT `user_network_subscribers_user_lnk_ifk` FOREIGN KEY (`user_id`) REFERENCES `up_users` (`id`) ON DELETE CASCADE
) ENGINE=InnoDB AUTO_INCREMENT=93 DEFAULT CHARSET=utf8mb4 COLLATE=utf8mb4_0900_ai_ci;
/*!40101 SET character_set_client = @saved_cs_client */;

--
-- Dumping data for table `user_network_subscribers_user_lnk`
--

LOCK TABLES `user_network_subscribers_user_lnk` WRITE;
/*!40000 ALTER TABLE `user_network_subscribers_user_lnk` DISABLE KEYS */;
INSERT INTO `user_network_subscribers_user_lnk` VALUES (5,5,5),(6,6,5),(7,7,5),(8,8,5),(9,9,5),(10,10,5),(11,11,5),(12,12,5),(13,13,21),(14,14,21),(15,15,21),(16,16,21),(17,17,21),(18,18,21),(19,19,21),(20,20,21),(21,21,21),(22,22,21),(25,25,21),(26,26,21),(27,27,21),(28,28,21),(29,29,21),(30,30,21),(31,31,21),(32,32,21),(33,33,21),(34,34,21),(35,35,21),(36,36,21),(37,37,21),(38,38,21),(39,39,21),(40,40,21),(41,41,21),(42,42,21),(43,43,21),(44,44,21),(47,47,21),(48,48,21),(49,49,21),(50,50,21),(51,51,21),(52,52,21),(53,53,21),(54,54,21),(55,55,21),(56,56,21),(57,57,21),(58,58,21),(59,59,21),(60,60,21),(61,61,21),(62,62,21),(63,63,21),(64,64,21),(65,65,21),(66,66,21),(67,67,21),(68,68,21),(69,69,21),(70,70,21),(71,71,21),(72,72,21),(73,73,21),(74,74,21),(75,75,21),(76,76,21),(77,77,21),(78,78,21),(79,79,21),(80,80,21),(81,81,21),(82,82,21),(83,83,21),(84,84,21),(85,85,21),(86,86,21),(87,87,21),(88,88,21),(89,89,21),(90,90,21),(91,91,21),(92,92,21);
/*!40000 ALTER TABLE `user_network_subscribers_user_lnk` ENABLE KEYS */;
UNLOCK TABLES;
/*!40103 SET TIME_ZONE=@OLD_TIME_ZONE */;

/*!40101 SET SQL_MODE=@OLD_SQL_MODE */;
/*!40014 SET FOREIGN_KEY_CHECKS=@OLD_FOREIGN_KEY_CHECKS */;
/*!40014 SET UNIQUE_CHECKS=@OLD_UNIQUE_CHECKS */;
/*!40101 SET CHARACTER_SET_CLIENT=@OLD_CHARACTER_SET_CLIENT */;
/*!40101 SET CHARACTER_SET_RESULTS=@OLD_CHARACTER_SET_RESULTS */;
/*!40101 SET COLLATION_CONNECTION=@OLD_COLLATION_CONNECTION */;
/*!40111 SET SQL_NOTES=@OLD_SQL_NOTES */;

-- Dump completed on 2025-08-11 11:45:00
